solid OpenSCAD_Model
  facet normal -1 0 0
    outer loop
      vertex -48 0 22.3
      vertex -48 0 60
      vertex -48 0.1 22.3
    endloop
  endfacet
  facet normal 0 1 0
    outer loop
      vertex -48 0.1 22.3
      vertex -48 0.1 60
      vertex -47.9 0.1 22.3
    endloop
  endfacet
  facet normal 0 -1 0
    outer loop
      vertex -48 0 22.3
      vertex -47.9 0 22.3
      vertex -47.9 0 60
    endloop
  endfacet
  facet normal 1 0 0
    outer loop
      vertex -47.9 0 22.3
      vertex -47.9 0.1 22.3
      vertex -47.9 0.1 60
    endloop
  endfacet
  facet normal 0 -1 0
    outer loop
      vertex -48 0 22.3
      vertex -47.9 0 60
      vertex -48 0 60
    endloop
  endfacet
  facet normal -1 0 0
    outer loop
      vertex -48 0.1 22.3
      vertex -48 0 60
      vertex -48 0.1 60
    endloop
  endfacet
  facet normal 1 0 0
    outer loop
      vertex -47.9 0 22.3
      vertex -47.9 0.1 60
      vertex -47.9 0 60
    endloop
  endfacet
  facet normal 0 1 0
    outer loop
      vertex -47.9 0.1 22.3
      vertex -48 0.1 60
      vertex -47.9 0.1 60
    endloop
  endfacet
  facet normal 0 0 1
    outer loop
      vertex -48 0 60
      vertex -47.9 0 60
      vertex -48 0.1 60
    endloop
  endfacet
  facet normal 0 0 1
    outer loop
      vertex -48 0.1 60
      vertex -47.9 0 60
      vertex -47.9 0.1 60
    endloop
  endfacet
  facet normal 0 0 -1
    outer loop
      vertex -36 0 0
      vertex -35.9 0.1 0
      vertex -35.9 0 0
    endloop
  endfacet
  facet normal 0 0 -1
    outer loop
      vertex -36 0 0
      vertex -36 0.1 0
      vertex -35.9 0.1 0
    endloop
  endfacet
  facet normal 0 -1 0
    outer loop
      vertex -36 0 0
      vertex -35.9 0 0
      vertex -35.9 0 9.4
    endloop
  endfacet
  facet normal -1 0 0
    outer loop
      vertex -36 0 0
      vertex -36 0 9.4
      vertex -36 0.1 0
    endloop
  endfacet
  facet normal 1 0 0
    outer loop
      vertex -35.9 0 0
      vertex -35.9 0.1 0
      vertex -35.9 0.1 9.4
    endloop
  endfacet
  facet normal 0 1 0
    outer loop
      vertex -36 0.1 0
      vertex -36 0.1 9.4
      vertex -35.9 0.1 0
    endloop
  endfacet
  facet normal 0 -1 0
    outer loop
      vertex -36 0 0
      vertex -35.9 0 9.4
      vertex -36 0 9.4
    endloop
  endfacet
  facet normal 1 0 0
    outer loop
      vertex -35.9 0 0
      vertex -35.9 0.1 9.4
      vertex -35.9 0 9.4
    endloop
  endfacet
  facet normal -1 0 0
    outer loop
      vertex -36 0.1 0
      vertex -36 0 9.4
      vertex -36 0.1 9.4
    endloop
  endfacet
  facet normal 0 1 0
    outer loop
      vertex -35.9 0.1 0
      vertex -36 0.1 9.4
      vertex -35.9 0.1 9.4
    endloop
  endfacet
  facet normal 0 -1 0
    outer loop
      vertex -35.9 0 12.9
      vertex -35.9 0 21.55
      vertex -36 0 12.9
    endloop
  endfacet
  facet normal -1 0 0
    outer loop
      vertex -36 0 12.9
      vertex -36 0 21.55
      vertex -36 0.1 12.9
    endloop
  endfacet
  facet normal 1 0 0
    outer loop
      vertex -35.9 0 12.9
      vertex -35.9 0.1 12.9
      vertex -35.9 0.1 21.55
    endloop
  endfacet
  facet normal 0 1 0
    outer loop
      vertex -36 0.1 12.9
      vertex -36 0.1 21.55
      vertex -35.9 0.1 12.9
    endloop
  endfacet
  facet normal 0 -1 0
    outer loop
      vertex -36 0 12.9
      vertex -35.9 0 21.55
      vertex -36 0 21.55
    endloop
  endfacet
  facet normal 1 0 0
    outer loop
      vertex -35.9 0 12.9
      vertex -35.9 0.1 21.55
      vertex -35.9 0 21.55
    endloop
  endfacet
  facet normal -1 0 0
    outer loop
      vertex -36 0.1 12.9
      vertex -36 0 21.55
      vertex -36 0.1 21.55
    endloop
  endfacet
  facet normal 0 1 0
    outer loop
      vertex -35.9 0.1 12.9
      vertex -36 0.1 21.55
      vertex -35.9 0.1 21.55
    endloop
  endfacet
  facet normal 0 -1 0
    outer loop
      vertex -35.9 0 22.3
      vertex -35.9 0 60
      vertex -36 0 22.3
    endloop
  endfacet
  facet normal -1 0 0
    outer loop
      vertex -36 0 22.3
      vertex -36 0 60
      vertex -36 0.1 22.3
    endloop
  endfacet
  facet normal 1 0 0
    outer loop
      vertex -35.9 0 22.3
      vertex -35.9 0.1 22.3
      vertex -35.9 0.1 60
    endloop
  endfacet
  facet normal 0 1 0
    outer loop
      vertex -36 0.1 22.3
      vertex -36 0.1 60
      vertex -35.9 0.1 22.3
    endloop
  endfacet
  facet normal 0 -1 0
    outer loop
      vertex -36 0 22.3
      vertex -35.9 0 60
      vertex -36 0 60
    endloop
  endfacet
  facet normal 1 0 0
    outer loop
      vertex -35.9 0 22.3
      vertex -35.9 0.1 60
      vertex -35.9 0 60
    endloop
  endfacet
  facet normal -1 0 0
    outer loop
      vertex -36 0.1 22.3
      vertex -36 0 60
      vertex -36 0.1 60
    endloop
  endfacet
  facet normal 0 1 0
    outer loop
      vertex -35.9 0.1 22.3
      vertex -36 0.1 60
      vertex -35.9 0.1 60
    endloop
  endfacet
  facet normal 0 0 1
    outer loop
      vertex -36 0 60
      vertex -35.9 0 60
      vertex -36 0.1 60
    endloop
  endfacet
  facet normal 0 0 1
    outer loop
      vertex -35.9 0 60
      vertex -35.9 0.1 60
      vertex -36 0.1 60
    endloop
  endfacet
  facet normal 0 0 -1
    outer loop
      vertex -24 0 0
      vertex -24 0.1 0
      vertex -23.9 0.1 0
    endloop
  endfacet
  facet normal 0 0 -1
    outer loop
      vertex -24 0 0
      vertex -23.9 0.1 0
      vertex -23.9 0 0
    endloop
  endfacet
  facet normal -1 0 0
    outer loop
      vertex -24 0 0
      vertex -24 0 9.4
      vertex -24 0.1 0
    endloop
  endfacet
  facet normal 0 1 0
    outer loop
      vertex -24 0.1 0
      vertex -24 0.1 9.4
      vertex -23.9 0.1 0
    endloop
  endfacet
  facet normal 0 -1 0
    outer loop
      vertex -24 0 0
      vertex -23.9 0 0
      vertex -23.9 0 9.4
    endloop
  endfacet
  facet normal 1 0 0
    outer loop
      vertex -23.9 0 0
      vertex -23.9 0.1 0
      vertex -23.9 0.1 9.4
    endloop
  endfacet
  facet normal 0 -1 0
    outer loop
      vertex -24 0 0
      vertex -23.9 0 9.4
      vertex -24 0 9.4
    endloop
  endfacet
  facet normal -1 0 0
    outer loop
      vertex -24 0.1 0
      vertex -24 0 9.4
      vertex -24 0.1 9.4
    endloop
  endfacet
  facet normal 1 0 0
    outer loop
      vertex -23.9 0 0
      vertex -23.9 0.1 9.4
      vertex -23.9 0 9.4
    endloop
  endfacet
  facet normal 0 1 0
    outer loop
      vertex -23.9 0.1 0
      vertex -24 0.1 9.4
      vertex -23.9 0.1 9.4
    endloop
  endfacet
  facet normal -1 0 0
    outer loop
      vertex -24 0 12.9
      vertex -24 0 21.55
      vertex -24 0.1 12.9
    endloop
  endfacet
  facet normal 0 1 0
    outer loop
      vertex -24 0.1 12.9
      vertex -24 0.1 21.55
      vertex -23.9 0.1 12.9
    endloop
  endfacet
  facet normal 0 -1 0
    outer loop
      vertex -24 0 12.9
      vertex -23.9 0 12.9
      vertex -23.9 0 21.55
    endloop
  endfacet
  facet normal 1 0 0
    outer loop
      vertex -23.9 0 12.9
      vertex -23.9 0.1 12.9
      vertex -23.9 0.1 21.55
    endloop
  endfacet
  facet normal 0 -1 0
    outer loop
      vertex -24 0 12.9
      vertex -23.9 0 21.55
      vertex -24 0 21.55
    endloop
  endfacet
  facet normal -1 0 0
    outer loop
      vertex -24 0.1 12.9
      vertex -24 0 21.55
      vertex -24 0.1 21.55
    endloop
  endfacet
  facet normal 1 0 0
    outer loop
      vertex -23.9 0 12.9
      vertex -23.9 0.1 21.55
      vertex -23.9 0 21.55
    endloop
  endfacet
  facet normal 0 1 0
    outer loop
      vertex -23.9 0.1 12.9
      vertex -24 0.1 21.55
      vertex -23.9 0.1 21.55
    endloop
  endfacet
  facet normal -1 0 0
    outer loop
      vertex -24 0 22.3
      vertex -24 0 60
      vertex -24 0.1 22.3
    endloop
  endfacet
  facet normal 0 1 0
    outer loop
      vertex -24 0.1 22.3
      vertex -24 0.1 60
      vertex -23.9 0.1 22.3
    endloop
  endfacet
  facet normal 0 -1 0
    outer loop
      vertex -24 0 22.3
      vertex -23.9 0 22.3
      vertex -23.9 0 60
    endloop
  endfacet
  facet normal 1 0 0
    outer loop
      vertex -23.9 0 22.3
      vertex -23.9 0.1 22.3
      vertex -23.9 0.1 60
    endloop
  endfacet
  facet normal 0 -1 0
    outer loop
      vertex -24 0 22.3
      vertex -23.9 0 60
      vertex -24 0 60
    endloop
  endfacet
  facet normal -1 0 0
    outer loop
      vertex -24 0.1 22.3
      vertex -24 0 60
      vertex -24 0.1 60
    endloop
  endfacet
  facet normal 1 0 0
    outer loop
      vertex -23.9 0 22.3
      vertex -23.9 0.1 60
      vertex -23.9 0 60
    endloop
  endfacet
  facet normal 0 1 0
    outer loop
      vertex -23.9 0.1 22.3
      vertex -24 0.1 60
      vertex -23.9 0.1 60
    endloop
  endfacet
  facet normal 0 0 1
    outer loop
      vertex -24 0 60
      vertex -23.9 0 60
      vertex -24 0.1 60
    endloop
  endfacet
  facet normal 0 0 1
    outer loop
      vertex -23.9 0 60
      vertex -23.9 0.1 60
      vertex -24 0.1 60
    endloop
  endfacet
  facet normal 0 0 -1
    outer loop
      vertex -12 0 0
      vertex -11.9 0.1 0
      vertex -11.9 0 0
    endloop
  endfacet
  facet normal 0 0 -1
    outer loop
      vertex -12 0 0
      vertex -12 0.1 0
      vertex -11.9 0.1 0
    endloop
  endfacet
  facet normal 0 -1 0
    outer loop
      vertex -12 0 0
      vertex -11.9 0 0
      vertex -11.9 0 9.4
    endloop
  endfacet
  facet normal -1 0 0
    outer loop
      vertex -12 0 0
      vertex -12 0 9.4
      vertex -12 0.1 0
    endloop
  endfacet
  facet normal 1 0 0
    outer loop
      vertex -11.9 0 0
      vertex -11.9 0.1 0
      vertex -11.9 0.1 9.4
    endloop
  endfacet
  facet normal 0 1 0
    outer loop
      vertex -12 0.1 0
      vertex -12 0.1 9.4
      vertex -11.9 0.1 0
    endloop
  endfacet
  facet normal 0 -1 0
    outer loop
      vertex -12 0 0
      vertex -11.9 0 9.4
      vertex -12 0 9.4
    endloop
  endfacet
  facet normal 1 0 0
    outer loop
      vertex -11.9 0 0
      vertex -11.9 0.1 9.4
      vertex -11.9 0 9.4
    endloop
  endfacet
  facet normal -1 0 0
    outer loop
      vertex -12 0.1 0
      vertex -12 0 9.4
      vertex -12 0.1 9.4
    endloop
  endfacet
  facet normal 0 1 0
    outer loop
      vertex -11.9 0.1 0
      vertex -12 0.1 9.4
      vertex -11.9 0.1 9.4
    endloop
  endfacet
  facet normal 0 -1 0
    outer loop
      vertex -11.9 0 12.9
      vertex -11.9 0 21.55
      vertex -12 0 12.9
    endloop
  endfacet
  facet normal -1 0 0
    outer loop
      vertex -12 0 12.9
      vertex -12 0 21.55
      vertex -12 0.1 12.9
    endloop
  endfacet
  facet normal 1 0 0
    outer loop
      vertex -11.9 0 12.9
      vertex -11.9 0.1 12.9
      vertex -11.9 0.1 21.55
    endloop
  endfacet
  facet normal 0 1 0
    outer loop
      vertex -12 0.1 12.9
      vertex -12 0.1 21.55
      vertex -11.9 0.1 12.9
    endloop
  endfacet
  facet normal 0 -1 0
    outer loop
      vertex -12 0 12.9
      vertex -11.9 0 21.55
      vertex -12 0 21.55
    endloop
  endfacet
  facet normal 1 0 0
    outer loop
      vertex -11.9 0 12.9
      vertex -11.9 0.1 21.55
      vertex -11.9 0 21.55
    endloop
  endfacet
  facet normal -1 0 0
    outer loop
      vertex -12 0.1 12.9
      vertex -12 0 21.55
      vertex -12 0.1 21.55
    endloop
  endfacet
  facet normal 0 1 0
    outer loop
      vertex -11.9 0.1 12.9
      vertex -12 0.1 21.55
      vertex -11.9 0.1 21.55
    endloop
  endfacet
  facet normal 0 -1 0
    outer loop
      vertex -11.9 0 22.3
      vertex -11.9 0 60
      vertex -12 0 22.3
    endloop
  endfacet
  facet normal -1 0 0
    outer loop
      vertex -12 0 22.3
      vertex -12 0 60
      vertex -12 0.1 22.3
    endloop
  endfacet
  facet normal 1 0 0
    outer loop
      vertex -11.9 0 22.3
      vertex -11.9 0.1 22.3
      vertex -11.9 0.1 60
    endloop
  endfacet
  facet normal 0 1 0
    outer loop
      vertex -12 0.1 22.3
      vertex -12 0.1 60
      vertex -11.9 0.1 22.3
    endloop
  endfacet
  facet normal 0 -1 0
    outer loop
      vertex -12 0 22.3
      vertex -11.9 0 60
      vertex -12 0 60
    endloop
  endfacet
  facet normal 1 0 0
    outer loop
      vertex -11.9 0 22.3
      vertex -11.9 0.1 60
      vertex -11.9 0 60
    endloop
  endfacet
  facet normal -1 0 0
    outer loop
      vertex -12 0.1 22.3
      vertex -12 0 60
      vertex -12 0.1 60
    endloop
  endfacet
  facet normal 0 1 0
    outer loop
      vertex -11.9 0.1 22.3
      vertex -12 0.1 60
      vertex -11.9 0.1 60
    endloop
  endfacet
  facet normal 0 0 1
    outer loop
      vertex -12 0 60
      vertex -11.9 0 60
      vertex -12 0.1 60
    endloop
  endfacet
  facet normal 0 0 1
    outer loop
      vertex -11.9 0 60
      vertex -11.9 0.1 60
      vertex -12 0.1 60
    endloop
  endfacet
  facet normal 0 0 -1
    outer loop
      vertex 0 0 0
      vertex 0.1 0.1 0
      vertex 0.1 0 0
    endloop
  endfacet
  facet normal 0 0 -1
    outer loop
      vertex 0 0 0
      vertex 0 0.1 0
      vertex 0.1 0.1 0
    endloop
  endfacet
  facet normal 0 -1 0
    outer loop
      vertex 0 0 0
      vertex 0.1 0 0
      vertex 0.1 0 0.1
    endloop
  endfacet
  facet normal -1 0 0
    outer loop
      vertex 0 0 0
      vertex 0 0 9.4
      vertex 0 0.1 0
    endloop
  endfacet
  facet normal 0 -1 0
    outer loop
      vertex 0 0 0
      vertex 0.1 0 0.1
      vertex 0.1 0 9.4
    endloop
  endfacet
  facet normal 0 1 0
    outer loop
      vertex 0 0.1 0
      vertex 0 0.1 9.4
      vertex 0.1 0.1 0
    endloop
  endfacet
  facet normal 0 1 0
    outer loop
      vertex 0.1 0.1 0
      vertex 0 0.1 9.4
      vertex 0.1 0.1 0.1
    endloop
  endfacet
  facet normal 1 0 0
    outer loop
      vertex 0.1 0 0.1
      vertex 0.1 0.1 0.1
      vertex 0.1 0.1 9.4
    endloop
  endfacet
  facet normal -1 0 0
    outer loop
      vertex 0 0.1 0
      vertex 0 0 9.4
      vertex 0 0.1 9.4
    endloop
  endfacet
  facet normal 0 -1 0
    outer loop
      vertex 0 0 0
      vertex 0.1 0 9.4
      vertex 0 0 9.4
    endloop
  endfacet
  facet normal 1 0 0
    outer loop
      vertex 0.1 0 0.1
      vertex 0.1 0.1 9.4
      vertex 0.1 0 9.4
    endloop
  endfacet
  facet normal 0 1 0
    outer loop
      vertex 0.1 0.1 0.1
      vertex 0 0.1 9.4
      vertex 0.1 0.1 9.4
    endloop
  endfacet
  facet normal -1 0 0
    outer loop
      vertex 0 0 12.9
      vertex 0 0 18.05
      vertex 0 0.1 12.9
    endloop
  endfacet
  facet normal 0 -1 0
    outer loop
      vertex 0 0 12.9
      vertex 0.1 0 12.9
      vertex 0.1 0 18.05
    endloop
  endfacet
  facet normal 1 0 0
    outer loop
      vertex 0.1 0 12.9
      vertex 0.1 0.1 12.9
      vertex 0.1 0.1 18.05
    endloop
  endfacet
  facet normal 0 1 0
    outer loop
      vertex 0 0.1 12.9
      vertex 0 0.1 18.05
      vertex 0.1 0.1 12.9
    endloop
  endfacet
  facet normal -1 0 0
    outer loop
      vertex 0 0.1 12.9
      vertex 0 0 18.05
      vertex 0 0.1 18.05
    endloop
  endfacet
  facet normal 0 -1 0
    outer loop
      vertex 0 0 12.9
      vertex 0.1 0 18.05
      vertex 0 0 18.05
    endloop
  endfacet
  facet normal 1 0 0
    outer loop
      vertex 0.1 0 12.9
      vertex 0.1 0.1 18.05
      vertex 0.1 0 18.05
    endloop
  endfacet
  facet normal 0 1 0
    outer loop
      vertex 0.1 0.1 12.9
      vertex 0 0.1 18.05
      vertex 0.1 0.1 18.05
    endloop
  endfacet
  facet normal 0 -1 0
    outer loop
      vertex 0 0 22.3
      vertex 0.1 0 22.3
      vertex 0.1 0 24
    endloop
  endfacet
  facet normal 1 0 0
    outer loop
      vertex 0.1 0 22.3
      vertex 0.1 0.1 22.3
      vertex 0.1 0.1 24
    endloop
  endfacet
  facet normal 1 0 0
    outer loop
      vertex 0.1 0 22.3
      vertex 0.1 0.1 24
      vertex 0.1 0 24
    endloop
  endfacet
  facet normal 0 -1 0
    outer loop
      vertex 0 0 22.3
      vertex 0.1 0 24
      vertex 0.1 0 24.1
    endloop
  endfacet
  facet normal 0 -1 0
    outer loop
      vertex 0 0 22.3
      vertex 0.1 0 24.1
      vertex 0.1 0 36
    endloop
  endfacet
  facet normal 1 0 0
    outer loop
      vertex 0.1 0 24.1
      vertex 0.1 0.1 24.1
      vertex 0.1 0 36
    endloop
  endfacet
  facet normal 0 -1 0
    outer loop
      vertex 0 0 22.3
      vertex 0.1 0 36
      vertex 0.1 0 36.1
    endloop
  endfacet
  facet normal 1 0 0
    outer loop
      vertex 0.1 0.1 24.1
      vertex 0.1 0.1 36
      vertex 0.1 0 36
    endloop
  endfacet
  facet normal -1 0 0
    outer loop
      vertex 0 0 22.3
      vertex 0 0 60
      vertex 0 0.1 22.3
    endloop
  endfacet
  facet normal 0 1 0
    outer loop
      vertex 0 0.1 22.3
      vertex 0 0.1 60
      vertex 0.1 0.1 22.3
    endloop
  endfacet
  facet normal 0 1 0
    outer loop
      vertex 0.1 0.1 22.3
      vertex 0 0.1 60
      vertex 0.1 0.1 24
    endloop
  endfacet
  facet normal 0 1 0
    outer loop
      vertex 0.1 0.1 24
      vertex 0 0.1 60
      vertex 0.1 0.1 24.1
    endloop
  endfacet
  facet normal 0 -1 0
    outer loop
      vertex 0 0 22.3
      vertex 0.1 0 36.1
      vertex 0.1 0 60
    endloop
  endfacet
  facet normal 0 1 0
    outer loop
      vertex 0.1 0.1 24.1
      vertex 0 0.1 60
      vertex 0.1 0.1 36
    endloop
  endfacet
  facet normal 1 0 0
    outer loop
      vertex 0.1 0 36.1
      vertex 0.1 0.1 36.1
      vertex 0.1 0 60
    endloop
  endfacet
  facet normal 0 1 0
    outer loop
      vertex 0.1 0.1 36
      vertex 0 0.1 60
      vertex 0.1 0.1 36.1
    endloop
  endfacet
  facet normal -1 0 0
    outer loop
      vertex 0 0.1 22.3
      vertex 0 0 60
      vertex 0 0.1 60
    endloop
  endfacet
  facet normal 0 -1 0
    outer loop
      vertex 0 0 22.3
      vertex 0.1 0 60
      vertex 0 0 60
    endloop
  endfacet
  facet normal 1 0 0
    outer loop
      vertex 0.1 0.1 36.1
      vertex 0.1 0.1 60
      vertex 0.1 0 60
    endloop
  endfacet
  facet normal 0 1 0
    outer loop
      vertex 0.1 0.1 36.1
      vertex 0 0.1 60
      vertex 0.1 0.1 60
    endloop
  endfacet
  facet normal 0 0 1
    outer loop
      vertex 0 0 60
      vertex 0.1 0 60
      vertex 0 0.1 60
    endloop
  endfacet
  facet normal 0 0 1
    outer loop
      vertex 0 0.1 60
      vertex 0.1 0 60
      vertex 0.1 0.1 60
    endloop
  endfacet
  facet normal 0 0 -1
    outer loop
      vertex 12 0 0
      vertex 12.1 0.1 0
      vertex 12.1 0 0
    endloop
  endfacet
  facet normal 0 0 -1
    outer loop
      vertex 12 0 0
      vertex 12 0.1 0
      vertex 12.1 0.1 0
    endloop
  endfacet
  facet normal 0 -1 0
    outer loop
      vertex 12 0 0
      vertex 12.1 0 0
      vertex 12.1 0 0.1
    endloop
  endfacet
  facet normal 0 1 0
    outer loop
      vertex 12 0.1 0
      vertex 12 0.1 0.1
      vertex 12.1 0.1 0
    endloop
  endfacet
  facet normal 0 -1 0
    outer loop
      vertex 12 0 0
      vertex 12.1 0 0.1
      vertex 12.1 0 9.4
    endloop
  endfacet
  facet normal 0 -1 0
    outer loop
      vertex 12 0 0
      vertex 12.1 0 9.4
      vertex 12 0 0.1
    endloop
  endfacet
  facet normal -1 0 0
    outer loop
      vertex 12 0 0.1
      vertex 12 0 9.4
      vertex 12 0.1 0.1
    endloop
  endfacet
  facet normal 0 1 0
    outer loop
      vertex 12.1 0.1 0
      vertex 12 0.1 0.1
      vertex 12 0.1 9.4
    endloop
  endfacet
  facet normal 0 1 0
    outer loop
      vertex 12.1 0.1 0
      vertex 12 0.1 9.4
      vertex 12.1 0.1 0.1
    endloop
  endfacet
  facet normal 1 0 0
    outer loop
      vertex 12.1 0 0.1
      vertex 12.1 0.1 0.1
      vertex 12.1 0.1 9.4
    endloop
  endfacet
  facet normal 0 -1 0
    outer loop
      vertex 12 0 0.1
      vertex 12.1 0 9.4
      vertex 12 0 9.4
    endloop
  endfacet
  facet normal -1 0 0
    outer loop
      vertex 12 0.1 0.1
      vertex 12 0 9.4
      vertex 12 0.1 9.4
    endloop
  endfacet
  facet normal 0 1 0
    outer loop
      vertex 12.1 0.1 0.1
      vertex 12 0.1 9.4
      vertex 12.1 0.1 9.4
    endloop
  endfacet
  facet normal 1 0 0
    outer loop
      vertex 12.1 0 0.1
      vertex 12.1 0.1 9.4
      vertex 12.1 0 9.4
    endloop
  endfacet
  facet normal 0 -1 0
    outer loop
      vertex 12 0 12.9
      vertex 12.1 0 12.9
      vertex 12.1 0 21.55
    endloop
  endfacet
  facet normal -1 0 0
    outer loop
      vertex 12 0 12.9
      vertex 12 0 21.55
      vertex 12 0.1 12.9
    endloop
  endfacet
  facet normal 0 1 0
    outer loop
      vertex 12 0.1 12.9
      vertex 12 0.1 21.55
      vertex 12.1 0.1 12.9
    endloop
  endfacet
  facet normal 1 0 0
    outer loop
      vertex 12.1 0 12.9
      vertex 12.1 0.1 12.9
      vertex 12.1 0.1 21.55
    endloop
  endfacet
  facet normal 0 -1 0
    outer loop
      vertex 12 0 12.9
      vertex 12.1 0 21.55
      vertex 12 0 21.55
    endloop
  endfacet
  facet normal -1 0 0
    outer loop
      vertex 12 0.1 12.9
      vertex 12 0 21.55
      vertex 12 0.1 21.55
    endloop
  endfacet
  facet normal 0 1 0
    outer loop
      vertex 12.1 0.1 12.9
      vertex 12 0.1 21.55
      vertex 12.1 0.1 21.55
    endloop
  endfacet
  facet normal 1 0 0
    outer loop
      vertex 12.1 0 12.9
      vertex 12.1 0.1 21.55
      vertex 12.1 0 21.55
    endloop
  endfacet
  facet normal 0 -1 0
    outer loop
      vertex 12 0 22.3
      vertex 12.1 0 22.3
      vertex 12.1 0 24
    endloop
  endfacet
  facet normal -1 0 0
    outer loop
      vertex 12 0 22.3
      vertex 12 0 24
      vertex 12 0.1 22.3
    endloop
  endfacet
  facet normal 0 1 0
    outer loop
      vertex 12 0.1 22.3
      vertex 12 0.1 24
      vertex 12.1 0.1 22.3
    endloop
  endfacet
  facet normal 1 0 0
    outer loop
      vertex 12.1 0 22.3
      vertex 12.1 0.1 22.3
      vertex 12.1 0.1 24
    endloop
  endfacet
  facet normal 0 -1 0
    outer loop
      vertex 12 0 22.3
      vertex 12.1 0 24
      vertex 12.1 0 24.1
    endloop
  endfacet
  facet normal -1 0 0
    outer loop
      vertex 12 0.1 22.3
      vertex 12 0 24
      vertex 12 0.1 24
    endloop
  endfacet
  facet normal 0 1 0
    outer loop
      vertex 12.1 0.1 22.3
      vertex 12 0.1 24
      vertex 12 0.1 24.1
    endloop
  endfacet
  facet normal 1 0 0
    outer loop
      vertex 12.1 0 22.3
      vertex 12.1 0.1 24
      vertex 12.1 0 24
    endloop
  endfacet
  facet normal 0 -1 0
    outer loop
      vertex 12 0 22.3
      vertex 12.1 0 24.1
      vertex 12.1 0 36
    endloop
  endfacet
  facet normal 0 1 0
    outer loop
      vertex 12.1 0.1 22.3
      vertex 12 0.1 24.1
      vertex 12 0.1 36
    endloop
  endfacet
  facet normal -1 0 0
    outer loop
      vertex 12 0 24.1
      vertex 12 0.1 36
      vertex 12 0.1 24.1
    endloop
  endfacet
  facet normal 1 0 0
    outer loop
      vertex 12.1 0 24.1
      vertex 12.1 0.1 24.1
      vertex 12.1 0 36
    endloop
  endfacet
  facet normal 0 -1 0
    outer loop
      vertex 12 0 22.3
      vertex 12.1 0 36
      vertex 12.1 0 36.1
    endloop
  endfacet
  facet normal 0 1 0
    outer loop
      vertex 12.1 0.1 22.3
      vertex 12 0.1 36
      vertex 12 0.1 36.1
    endloop
  endfacet
  facet normal -1 0 0
    outer loop
      vertex 12 0 24.1
      vertex 12 0 36
      vertex 12 0.1 36
    endloop
  endfacet
  facet normal 1 0 0
    outer loop
      vertex 12.1 0.1 24.1
      vertex 12.1 0.1 36
      vertex 12.1 0 36
    endloop
  endfacet
  facet normal 0 -1 0
    outer loop
      vertex 12 0 22.3
      vertex 12.1 0 60
      vertex 12 0 24
    endloop
  endfacet
  facet normal 0 1 0
    outer loop
      vertex 12.1 0.1 22.3
      vertex 12 0.1 60
      vertex 12.1 0.1 24
    endloop
  endfacet
  facet normal 0 -1 0
    outer loop
      vertex 12 0 24
      vertex 12.1 0 60
      vertex 12 0 24.1
    endloop
  endfacet
  facet normal 0 1 0
    outer loop
      vertex 12.1 0.1 24
      vertex 12 0.1 60
      vertex 12.1 0.1 24.1
    endloop
  endfacet
  facet normal 0 -1 0
    outer loop
      vertex 12 0 22.3
      vertex 12.1 0 36.1
      vertex 12.1 0 60
    endloop
  endfacet
  facet normal 0 1 0
    outer loop
      vertex 12.1 0.1 22.3
      vertex 12 0.1 36.1
      vertex 12 0.1 60
    endloop
  endfacet
  facet normal 0 -1 0
    outer loop
      vertex 12 0 24.1
      vertex 12.1 0 60
      vertex 12 0 36
    endloop
  endfacet
  facet normal 0 1 0
    outer loop
      vertex 12.1 0.1 24.1
      vertex 12 0.1 60
      vertex 12.1 0.1 36
    endloop
  endfacet
  facet normal 0 -1 0
    outer loop
      vertex 12 0 36
      vertex 12.1 0 60
      vertex 12 0 36.1
    endloop
  endfacet
  facet normal -1 0 0
    outer loop
      vertex 12 0 36.1
      vertex 12 0.1 60
      vertex 12 0.1 36.1
    endloop
  endfacet
  facet normal 0 1 0
    outer loop
      vertex 12.1 0.1 36
      vertex 12 0.1 60
      vertex 12.1 0.1 36.1
    endloop
  endfacet
  facet normal 1 0 0
    outer loop
      vertex 12.1 0 36.1
      vertex 12.1 0.1 36.1
      vertex 12.1 0 60
    endloop
  endfacet
  facet normal 0 -1 0
    outer loop
      vertex 12 0 36.1
      vertex 12.1 0 60
      vertex 12 0 60
    endloop
  endfacet
  facet normal -1 0 0
    outer loop
      vertex 12 0 36.1
      vertex 12 0 60
      vertex 12 0.1 60
    endloop
  endfacet
  facet normal 0 1 0
    outer loop
      vertex 12.1 0.1 36.1
      vertex 12 0.1 60
      vertex 12.1 0.1 60
    endloop
  endfacet
  facet normal 1 0 0
    outer loop
      vertex 12.1 0.1 36.1
      vertex 12.1 0.1 60
      vertex 12.1 0 60
    endloop
  endfacet
  facet normal 0 0 1
    outer loop
      vertex 12 0 60
      vertex 12.1 0 60
      vertex 12 0.1 60
    endloop
  endfacet
  facet normal 0 0 1
    outer loop
      vertex 12.1 0 60
      vertex 12.1 0.1 60
      vertex 12 0.1 60
    endloop
  endfacet
  facet normal 0 0 -1
    outer loop
      vertex 24 0 0
      vertex 24.1 0.1 0
      vertex 24.1 0 0
    endloop
  endfacet
  facet normal 0 0 -1
    outer loop
      vertex 24 0 0
      vertex 24 0.1 0
      vertex 24.1 0.1 0
    endloop
  endfacet
  facet normal 0 -1 0
    outer loop
      vertex 24 0 0
      vertex 24.1 0 0
      vertex 24.1 0 0.1
    endloop
  endfacet
  facet normal 0 1 0
    outer loop
      vertex 24 0.1 0
      vertex 24 0.1 0.1
      vertex 24.1 0.1 0
    endloop
  endfacet
  facet normal -1 0 0
    outer loop
      vertex 24 0 0.1
      vertex 24 0 9.4
      vertex 24 0.1 0.1
    endloop
  endfacet
  facet normal 0 -1 0
    outer loop
      vertex 24 0 0
      vertex 24.1 0 0.1
      vertex 24.1 0 9.4
    endloop
  endfacet
  facet normal 0 -1 0
    outer loop
      vertex 24 0 0
      vertex 24.1 0 9.4
      vertex 24 0 0.1
    endloop
  endfacet
  facet normal 0 1 0
    outer loop
      vertex 24.1 0.1 0
      vertex 24 0.1 0.1
      vertex 24 0.1 9.4
    endloop
  endfacet
  facet normal 0 1 0
    outer loop
      vertex 24.1 0.1 0
      vertex 24 0.1 9.4
      vertex 24.1 0.1 0.1
    endloop
  endfacet
  facet normal 1 0 0
    outer loop
      vertex 24.1 0 0.1
      vertex 24.1 0.1 0.1
      vertex 24.1 0.1 9.4
    endloop
  endfacet
  facet normal -1 0 0
    outer loop
      vertex 24 0.1 0.1
      vertex 24 0 9.4
      vertex 24 0.1 9.4
    endloop
  endfacet
  facet normal 0 -1 0
    outer loop
      vertex 24 0 0.1
      vertex 24.1 0 9.4
      vertex 24 0 9.4
    endloop
  endfacet
  facet normal 1 0 0
    outer loop
      vertex 24.1 0 0.1
      vertex 24.1 0.1 9.4
      vertex 24.1 0 9.4
    endloop
  endfacet
  facet normal 0 1 0
    outer loop
      vertex 24.1 0.1 0.1
      vertex 24 0.1 9.4
      vertex 24.1 0.1 9.4
    endloop
  endfacet
  facet normal -1 0 0
    outer loop
      vertex 24 0 12.9
      vertex 24 0 21.55
      vertex 24 0.1 12.9
    endloop
  endfacet
  facet normal 0 -1 0
    outer loop
      vertex 24 0 12.9
      vertex 24.1 0 12.9
      vertex 24.1 0 21.55
    endloop
  endfacet
  facet normal 1 0 0
    outer loop
      vertex 24.1 0 12.9
      vertex 24.1 0.1 12.9
      vertex 24.1 0.1 21.55
    endloop
  endfacet
  facet normal 0 1 0
    outer loop
      vertex 24 0.1 12.9
      vertex 24 0.1 21.55
      vertex 24.1 0.1 12.9
    endloop
  endfacet
  facet normal -1 0 0
    outer loop
      vertex 24 0.1 12.9
      vertex 24 0 21.55
      vertex 24 0.1 21.55
    endloop
  endfacet
  facet normal 0 -1 0
    outer loop
      vertex 24 0 12.9
      vertex 24.1 0 21.55
      vertex 24 0 21.55
    endloop
  endfacet
  facet normal 1 0 0
    outer loop
      vertex 24.1 0 12.9
      vertex 24.1 0.1 21.55
      vertex 24.1 0 21.55
    endloop
  endfacet
  facet normal 0 1 0
    outer loop
      vertex 24.1 0.1 12.9
      vertex 24 0.1 21.55
      vertex 24.1 0.1 21.55
    endloop
  endfacet
  facet normal -1 0 0
    outer loop
      vertex 24 0 22.3
      vertex 24 0 24
      vertex 24 0.1 22.3
    endloop
  endfacet
  facet normal 0 -1 0
    outer loop
      vertex 24 0 22.3
      vertex 24.1 0 22.3
      vertex 24.1 0 24
    endloop
  endfacet
  facet normal 1 0 0
    outer loop
      vertex 24.1 0 22.3
      vertex 24.1 0.1 22.3
      vertex 24.1 0.1 24
    endloop
  endfacet
  facet normal 0 1 0
    outer loop
      vertex 24 0.1 22.3
      vertex 24 0.1 24
      vertex 24.1 0.1 22.3
    endloop
  endfacet
  facet normal -1 0 0
    outer loop
      vertex 24 0.1 22.3
      vertex 24 0 24
      vertex 24 0.1 24
    endloop
  endfacet
  facet normal 1 0 0
    outer loop
      vertex 24.1 0 22.3
      vertex 24.1 0.1 24
      vertex 24.1 0 24
    endloop
  endfacet
  facet normal 0 -1 0
    outer loop
      vertex 24 0 22.3
      vertex 24.1 0 24
      vertex 24.1 0 24.1
    endloop
  endfacet
  facet normal 0 1 0
    outer loop
      vertex 24.1 0.1 22.3
      vertex 24 0.1 24
      vertex 24 0.1 24.1
    endloop
  endfacet
  facet normal 0 -1 0
    outer loop
      vertex 24 0 22.3
      vertex 24.1 0 24.1
      vertex 24.1 0 36
    endloop
  endfacet
  facet normal 0 1 0
    outer loop
      vertex 24.1 0.1 22.3
      vertex 24 0.1 24.1
      vertex 24 0.1 36
    endloop
  endfacet
  facet normal -1 0 0
    outer loop
      vertex 24 0 24.1
      vertex 24 0.1 36
      vertex 24 0.1 24.1
    endloop
  endfacet
  facet normal 1 0 0
    outer loop
      vertex 24.1 0 24.1
      vertex 24.1 0.1 24.1
      vertex 24.1 0 36
    endloop
  endfacet
  facet normal 0 -1 0
    outer loop
      vertex 24 0 22.3
      vertex 24.1 0 36
      vertex 24.1 0 36.1
    endloop
  endfacet
  facet normal 0 1 0
    outer loop
      vertex 24.1 0.1 22.3
      vertex 24 0.1 36
      vertex 24 0.1 36.1
    endloop
  endfacet
  facet normal -1 0 0
    outer loop
      vertex 24 0 24.1
      vertex 24 0 36
      vertex 24 0.1 36
    endloop
  endfacet
  facet normal 1 0 0
    outer loop
      vertex 24.1 0.1 24.1
      vertex 24.1 0.1 36
      vertex 24.1 0 36
    endloop
  endfacet
  facet normal 0 -1 0
    outer loop
      vertex 24 0 22.3
      vertex 24.1 0 60
      vertex 24 0 24
    endloop
  endfacet
  facet normal 0 1 0
    outer loop
      vertex 24.1 0.1 22.3
      vertex 24 0.1 60
      vertex 24.1 0.1 24
    endloop
  endfacet
  facet normal 0 -1 0
    outer loop
      vertex 24 0 24
      vertex 24.1 0 60
      vertex 24 0 24.1
    endloop
  endfacet
  facet normal 0 1 0
    outer loop
      vertex 24.1 0.1 24
      vertex 24 0.1 60
      vertex 24.1 0.1 24.1
    endloop
  endfacet
  facet normal 0 -1 0
    outer loop
      vertex 24 0 22.3
      vertex 24.1 0 36.1
      vertex 24.1 0 60
    endloop
  endfacet
  facet normal 0 1 0
    outer loop
      vertex 24.1 0.1 22.3
      vertex 24 0.1 36.1
      vertex 24 0.1 60
    endloop
  endfacet
  facet normal 0 -1 0
    outer loop
      vertex 24 0 24.1
      vertex 24.1 0 60
      vertex 24 0 36
    endloop
  endfacet
  facet normal 0 1 0
    outer loop
      vertex 24.1 0.1 24.1
      vertex 24 0.1 60
      vertex 24.1 0.1 36
    endloop
  endfacet
  facet normal -1 0 0
    outer loop
      vertex 24 0 36.1
      vertex 24 0.1 60
      vertex 24 0.1 36.1
    endloop
  endfacet
  facet normal 0 -1 0
    outer loop
      vertex 24 0 36
      vertex 24.1 0 60
      vertex 24 0 36.1
    endloop
  endfacet
  facet normal 1 0 0
    outer loop
      vertex 24.1 0 36.1
      vertex 24.1 0.1 36.1
      vertex 24.1 0 60
    endloop
  endfacet
  facet normal 0 1 0
    outer loop
      vertex 24.1 0.1 36
      vertex 24 0.1 60
      vertex 24.1 0.1 36.1
    endloop
  endfacet
  facet normal -1 0 0
    outer loop
      vertex 24 0 36.1
      vertex 24 0 60
      vertex 24 0.1 60
    endloop
  endfacet
  facet normal 0 -1 0
    outer loop
      vertex 24 0 36.1
      vertex 24.1 0 60
      vertex 24 0 60
    endloop
  endfacet
  facet normal 1 0 0
    outer loop
      vertex 24.1 0.1 36.1
      vertex 24.1 0.1 60
      vertex 24.1 0 60
    endloop
  endfacet
  facet normal 0 1 0
    outer loop
      vertex 24.1 0.1 36.1
      vertex 24 0.1 60
      vertex 24.1 0.1 60
    endloop
  endfacet
  facet normal 0 0 1
    outer loop
      vertex 24 0 60
      vertex 24.1 0 60
      vertex 24 0.1 60
    endloop
  endfacet
  facet normal 0 0 1
    outer loop
      vertex 24.1 0 60
      vertex 24.1 0.1 60
      vertex 24 0.1 60
    endloop
  endfacet
  facet normal 0 0 -1
    outer loop
      vertex 36 0 0
      vertex 36.1 0.1 0
      vertex 36.1 0 0
    endloop
  endfacet
  facet normal 0 0 -1
    outer loop
      vertex 36 0 0
      vertex 36 0.1 0
      vertex 36.1 0.1 0
    endloop
  endfacet
  facet normal 0 -1 0
    outer loop
      vertex 36 0 0
      vertex 36.1 0 0
      vertex 36.1 0 0.1
    endloop
  endfacet
  facet normal 0 1 0
    outer loop
      vertex 36 0.1 0
      vertex 36 0.1 0.1
      vertex 36.1 0.1 0
    endloop
  endfacet
  facet normal 0 -1 0
    outer loop
      vertex 36 0 0
      vertex 36.1 0 0.1
      vertex 36.1 0 9.4
    endloop
  endfacet
  facet normal 0 -1 0
    outer loop
      vertex 36 0 0
      vertex 36.1 0 9.4
      vertex 36 0 0.1
    endloop
  endfacet
  facet normal -1 0 0
    outer loop
      vertex 36 0 0.1
      vertex 36 0 9.4
      vertex 36 0.1 0.1
    endloop
  endfacet
  facet normal 0 1 0
    outer loop
      vertex 36 0.1 0.1
      vertex 36 0.1 9.4
      vertex 36.1 0.1 0
    endloop
  endfacet
  facet normal 0 1 0
    outer loop
      vertex 36.1 0.1 0
      vertex 36 0.1 9.4
      vertex 36.1 0.1 0.1
    endloop
  endfacet
  facet normal 1 0 0
    outer loop
      vertex 36.1 0 0.1
      vertex 36.1 0.1 0.1
      vertex 36.1 0.1 9.4
    endloop
  endfacet
  facet normal 0 -1 0
    outer loop
      vertex 36 0 0.1
      vertex 36.1 0 9.4
      vertex 36 0 9.4
    endloop
  endfacet
  facet normal -1 0 0
    outer loop
      vertex 36 0.1 0.1
      vertex 36 0 9.4
      vertex 36 0.1 9.4
    endloop
  endfacet
  facet normal 0 1 0
    outer loop
      vertex 36.1 0.1 0.1
      vertex 36 0.1 9.4
      vertex 36.1 0.1 9.4
    endloop
  endfacet
  facet normal 1 0 0
    outer loop
      vertex 36.1 0 0.1
      vertex 36.1 0.1 9.4
      vertex 36.1 0 9.4
    endloop
  endfacet
  facet normal 0 -1 0
    outer loop
      vertex 36 0 12.9
      vertex 36.1 0 12.9
      vertex 36.1 0 21.55
    endloop
  endfacet
  facet normal -1 0 0
    outer loop
      vertex 36 0 12.9
      vertex 36 0 21.55
      vertex 36 0.1 12.9
    endloop
  endfacet
  facet normal 0 1 0
    outer loop
      vertex 36 0.1 12.9
      vertex 36 0.1 21.55
      vertex 36.1 0.1 12.9
    endloop
  endfacet
  facet normal 1 0 0
    outer loop
      vertex 36.1 0 12.9
      vertex 36.1 0.1 12.9
      vertex 36.1 0.1 21.55
    endloop
  endfacet
  facet normal 0 -1 0
    outer loop
      vertex 36 0 12.9
      vertex 36.1 0 21.55
      vertex 36 0 21.55
    endloop
  endfacet
  facet normal -1 0 0
    outer loop
      vertex 36 0.1 12.9
      vertex 36 0 21.55
      vertex 36 0.1 21.55
    endloop
  endfacet
  facet normal 0 1 0
    outer loop
      vertex 36.1 0.1 12.9
      vertex 36 0.1 21.55
      vertex 36.1 0.1 21.55
    endloop
  endfacet
  facet normal 1 0 0
    outer loop
      vertex 36.1 0 12.9
      vertex 36.1 0.1 21.55
      vertex 36.1 0 21.55
    endloop
  endfacet
  facet normal 0 -1 0
    outer loop
      vertex 36 0 22.3
      vertex 36.1 0 22.3
      vertex 36.1 0 24
    endloop
  endfacet
  facet normal -1 0 0
    outer loop
      vertex 36 0 22.3
      vertex 36 0 24
      vertex 36 0.1 22.3
    endloop
  endfacet
  facet normal 0 1 0
    outer loop
      vertex 36 0.1 22.3
      vertex 36 0.1 24
      vertex 36.1 0.1 22.3
    endloop
  endfacet
  facet normal 1 0 0
    outer loop
      vertex 36.1 0 22.3
      vertex 36.1 0.1 22.3
      vertex 36.1 0.1 24
    endloop
  endfacet
  facet normal 0 -1 0
    outer loop
      vertex 36 0 22.3
      vertex 36.1 0 24
      vertex 36.1 0 24.1
    endloop
  endfacet
  facet normal -1 0 0
    outer loop
      vertex 36 0.1 22.3
      vertex 36 0 24
      vertex 36 0.1 24
    endloop
  endfacet
  facet normal 0 1 0
    outer loop
      vertex 36.1 0.1 22.3
      vertex 36 0.1 24
      vertex 36 0.1 24.1
    endloop
  endfacet
  facet normal 1 0 0
    outer loop
      vertex 36.1 0 22.3
      vertex 36.1 0.1 24
      vertex 36.1 0 24
    endloop
  endfacet
  facet normal 0 -1 0
    outer loop
      vertex 36 0 22.3
      vertex 36.1 0 24.1
      vertex 36.1 0 36
    endloop
  endfacet
  facet normal 0 1 0
    outer loop
      vertex 36.1 0.1 22.3
      vertex 36 0.1 24.1
      vertex 36 0.1 36
    endloop
  endfacet
  facet normal -1 0 0
    outer loop
      vertex 36 0 24.1
      vertex 36 0.1 36
      vertex 36 0.1 24.1
    endloop
  endfacet
  facet normal 1 0 0
    outer loop
      vertex 36.1 0 24.1
      vertex 36.1 0.1 24.1
      vertex 36.1 0 36
    endloop
  endfacet
  facet normal 0 -1 0
    outer loop
      vertex 36 0 22.3
      vertex 36.1 0 36
      vertex 36.1 0 36.1
    endloop
  endfacet
  facet normal 0 1 0
    outer loop
      vertex 36.1 0.1 22.3
      vertex 36 0.1 36
      vertex 36 0.1 36.1
    endloop
  endfacet
  facet normal -1 0 0
    outer loop
      vertex 36 0 24.1
      vertex 36 0 36
      vertex 36 0.1 36
    endloop
  endfacet
  facet normal 1 0 0
    outer loop
      vertex 36.1 0.1 24.1
      vertex 36.1 0.1 36
      vertex 36.1 0 36
    endloop
  endfacet
  facet normal 0 -1 0
    outer loop
      vertex 36 0 22.3
      vertex 36.1 0 60
      vertex 36 0 24
    endloop
  endfacet
  facet normal 0 1 0
    outer loop
      vertex 36.1 0.1 22.3
      vertex 36 0.1 60
      vertex 36.1 0.1 24
    endloop
  endfacet
  facet normal 0 -1 0
    outer loop
      vertex 36 0 24
      vertex 36.1 0 60
      vertex 36 0 24.1
    endloop
  endfacet
  facet normal 0 1 0
    outer loop
      vertex 36.1 0.1 24
      vertex 36 0.1 60
      vertex 36.1 0.1 24.1
    endloop
  endfacet
  facet normal 0 -1 0
    outer loop
      vertex 36 0 22.3
      vertex 36.1 0 36.1
      vertex 36.1 0 60
    endloop
  endfacet
  facet normal 0 1 0
    outer loop
      vertex 36.1 0.1 22.3
      vertex 36 0.1 36.1
      vertex 36 0.1 60
    endloop
  endfacet
  facet normal 0 -1 0
    outer loop
      vertex 36 0 24.1
      vertex 36.1 0 60
      vertex 36 0 36
    endloop
  endfacet
  facet normal 0 1 0
    outer loop
      vertex 36.1 0.1 24.1
      vertex 36 0.1 60
      vertex 36.1 0.1 36
    endloop
  endfacet
  facet normal 0 -1 0
    outer loop
      vertex 36 0 36
      vertex 36.1 0 60
      vertex 36 0 36.1
    endloop
  endfacet
  facet normal -1 0 0
    outer loop
      vertex 36 0 36.1
      vertex 36 0.1 60
      vertex 36 0.1 36.1
    endloop
  endfacet
  facet normal 0 1 0
    outer loop
      vertex 36.1 0.1 36
      vertex 36 0.1 60
      vertex 36.1 0.1 36.1
    endloop
  endfacet
  facet normal 1 0 0
    outer loop
      vertex 36.1 0 36.1
      vertex 36.1 0.1 36.1
      vertex 36.1 0 60
    endloop
  endfacet
  facet normal 0 -1 0
    outer loop
      vertex 36 0 36.1
      vertex 36.1 0 60
      vertex 36 0 60
    endloop
  endfacet
  facet normal -1 0 0
    outer loop
      vertex 36 0 36.1
      vertex 36 0 60
      vertex 36 0.1 60
    endloop
  endfacet
  facet normal 0 1 0
    outer loop
      vertex 36.1 0.1 36.1
      vertex 36 0.1 60
      vertex 36.1 0.1 60
    endloop
  endfacet
  facet normal 1 0 0
    outer loop
      vertex 36.1 0.1 36.1
      vertex 36.1 0.1 60
      vertex 36.1 0 60
    endloop
  endfacet
  facet normal 0 0 1
    outer loop
      vertex 36 0 60
      vertex 36.1 0 60
      vertex 36 0.1 60
    endloop
  endfacet
  facet normal 0 0 1
    outer loop
      vertex 36 0.1 60
      vertex 36.1 0 60
      vertex 36.1 0.1 60
    endloop
  endfacet
  facet normal 0 0 -1
    outer loop
      vertex 48 0 0
      vertex 48.1 0.1 0
      vertex 48.1 0 0
    endloop
  endfacet
  facet normal 0 0 -1
    outer loop
      vertex 48 0 0
      vertex 48 0.1 0
      vertex 48.1 0.1 0
    endloop
  endfacet
  facet normal 0 -1 0
    outer loop
      vertex 48 0 0
      vertex 48.1 0 0
      vertex 48.1 0 0.1
    endloop
  endfacet
  facet normal 0 1 0
    outer loop
      vertex 48 0.1 0
      vertex 48 0.1 9.4
      vertex 48.1 0.1 0
    endloop
  endfacet
  facet normal 0 -1 0
    outer loop
      vertex 48 0 0
      vertex 48.1 0 0.1
      vertex 48.1 0 12
    endloop
  endfacet
  facet normal 1 0 0
    outer loop
      vertex 48.1 0 0.1
      vertex 48.1 0.1 0.1
      vertex 48.1 0 12
    endloop
  endfacet
  facet normal 0 1 0
    outer loop
      vertex 48.1 0.1 0
      vertex 48 0.1 9.4
      vertex 48 0.1 12.9
    endloop
  endfacet
  facet normal 0 -1 0
    outer loop
      vertex 48 0 0
      vertex 48.1 0 12
      vertex 48.1 0 12.1
    endloop
  endfacet
  facet normal 1 0 0
    outer loop
      vertex 48.1 0.1 0.1
      vertex 48.1 0.1 12
      vertex 48.1 0 12
    endloop
  endfacet
  facet normal 0 1 0
    outer loop
      vertex 48.1 0.1 0
      vertex 48 0.1 12.9
      vertex 48 0.1 21.55
    endloop
  endfacet
  facet normal 0 -1 0
    outer loop
      vertex 48 0 0
      vertex 48.1 0 12.1
      vertex 48.1 0 24
    endloop
  endfacet
  facet normal 0 1 0
    outer loop
      vertex 48.1 0.1 0
      vertex 48 0.1 21.55
      vertex 48 0.1 22.3
    endloop
  endfacet
  facet normal 0 1 0
    outer loop
      vertex 48.1 0.1 0
      vertex 48 0.1 22.3
      vertex 48 0.1 24
    endloop
  endfacet
  facet normal 0 -1 0
    outer loop
      vertex 48 0 0
      vertex 48.1 0 24
      vertex 48.1 0 24.1
    endloop
  endfacet
  facet normal 1 0 0
    outer loop
      vertex 48.1 0 12.1
      vertex 48.1 0.1 12.1
      vertex 48.1 0 24
    endloop
  endfacet
  facet normal 0 1 0
    outer loop
      vertex 48.1 0.1 0
      vertex 48 0.1 24
      vertex 48 0.1 24.1
    endloop
  endfacet
  facet normal 0 -1 0
    outer loop
      vertex 48 0 0
      vertex 48.1 0 24.1
      vertex 48.1 0 36
    endloop
  endfacet
  facet normal 1 0 0
    outer loop
      vertex 48.1 0.1 12.1
      vertex 48.1 0.1 24
      vertex 48.1 0 24
    endloop
  endfacet
  facet normal 0 1 0
    outer loop
      vertex 48.1 0.1 0
      vertex 48 0.1 24.1
      vertex 48 0.1 36
    endloop
  endfacet
  facet normal 0 1 0
    outer loop
      vertex 48.1 0.1 0
      vertex 48 0.1 60
      vertex 48.1 0.1 0.1
    endloop
  endfacet
  facet normal -1 0 0
    outer loop
      vertex 48 0 22.3
      vertex 48 0 24
      vertex 48 0.1 22.3
    endloop
  endfacet
  facet normal -1 0 0
    outer loop
      vertex 48 0.1 22.3
      vertex 48 0 24
      vertex 48 0.1 24
    endloop
  endfacet
  facet normal 0 -1 0
    outer loop
      vertex 48 0 0
      vertex 48.1 0 36
      vertex 48.1 0 36.1
    endloop
  endfacet
  facet normal 0 1 0
    outer loop
      vertex 48.1 0.1 0
      vertex 48 0.1 36
      vertex 48 0.1 36.1
    endloop
  endfacet
  facet normal 0 1 0
    outer loop
      vertex 48.1 0.1 0.1
      vertex 48 0.1 60
      vertex 48.1 0.1 12
    endloop
  endfacet
  facet normal 0 -1 0
    outer loop
      vertex 48 0 0
      vertex 48.1 0 60
      vertex 48 0 21.55
    endloop
  endfacet
  facet normal -1 0 0
    outer loop
      vertex 48 0 24.1
      vertex 48 0.1 36
      vertex 48 0.1 24.1
    endloop
  endfacet
  facet normal 1 0 0
    outer loop
      vertex 48.1 0 24.1
      vertex 48.1 0.1 24.1
      vertex 48.1 0 36
    endloop
  endfacet
  facet normal 0 1 0
    outer loop
      vertex 48.1 0.1 12
      vertex 48 0.1 60
      vertex 48.1 0.1 12.1
    endloop
  endfacet
  facet normal -1 0 0
    outer loop
      vertex 48 0 24.1
      vertex 48 0 36
      vertex 48 0.1 36
    endloop
  endfacet
  facet normal 0 -1 0
    outer loop
      vertex 48 0 0
      vertex 48.1 0 36.1
      vertex 48.1 0 60
    endloop
  endfacet
  facet normal 1 0 0
    outer loop
      vertex 48.1 0.1 24.1
      vertex 48.1 0.1 36
      vertex 48.1 0 36
    endloop
  endfacet
  facet normal 0 1 0
    outer loop
      vertex 48.1 0.1 0
      vertex 48 0.1 36.1
      vertex 48 0.1 60
    endloop
  endfacet
  facet normal 0 1 0
    outer loop
      vertex 48.1 0.1 12.1
      vertex 48 0.1 60
      vertex 48.1 0.1 24
    endloop
  endfacet
  facet normal 0 -1 0
    outer loop
      vertex 48 0 21.55
      vertex 48.1 0 60
      vertex 48 0 22.3
    endloop
  endfacet
  facet normal 0 -1 0
    outer loop
      vertex 48 0 22.3
      vertex 48.1 0 60
      vertex 48 0 24
    endloop
  endfacet
  facet normal 0 -1 0
    outer loop
      vertex 48 0 24
      vertex 48.1 0 60
      vertex 48 0 24.1
    endloop
  endfacet
  facet normal 0 1 0
    outer loop
      vertex 48.1 0.1 24
      vertex 48 0.1 60
      vertex 48.1 0.1 24.1
    endloop
  endfacet
  facet normal 0 -1 0
    outer loop
      vertex 48 0 24.1
      vertex 48.1 0 60
      vertex 48 0 36
    endloop
  endfacet
  facet normal 0 1 0
    outer loop
      vertex 48.1 0.1 24.1
      vertex 48 0.1 60
      vertex 48.1 0.1 36
    endloop
  endfacet
  facet normal -1 0 0
    outer loop
      vertex 48 0 36.1
      vertex 48 0.1 60
      vertex 48 0.1 36.1
    endloop
  endfacet
  facet normal 0 -1 0
    outer loop
      vertex 48 0 36
      vertex 48.1 0 60
      vertex 48 0 36.1
    endloop
  endfacet
  facet normal 1 0 0
    outer loop
      vertex 48.1 0 36.1
      vertex 48.1 0.1 36.1
      vertex 48.1 0 60
    endloop
  endfacet
  facet normal 0 1 0
    outer loop
      vertex 48.1 0.1 36
      vertex 48 0.1 60
      vertex 48.1 0.1 36.1
    endloop
  endfacet
  facet normal -1 0 0
    outer loop
      vertex 48 0 36.1
      vertex 48 0 60
      vertex 48 0.1 60
    endloop
  endfacet
  facet normal 0 -1 0
    outer loop
      vertex 48 0 36.1
      vertex 48.1 0 60
      vertex 48 0 60
    endloop
  endfacet
  facet normal 1 0 0
    outer loop
      vertex 48.1 0.1 36.1
      vertex 48.1 0.1 60
      vertex 48.1 0 60
    endloop
  endfacet
  facet normal 0 1 0
    outer loop
      vertex 48.1 0.1 36.1
      vertex 48 0.1 60
      vertex 48.1 0.1 60
    endloop
  endfacet
  facet normal 0 0 1
    outer loop
      vertex 48 0 60
      vertex 48.1 0 60
      vertex 48 0.1 60
    endloop
  endfacet
  facet normal 0 0 1
    outer loop
      vertex 48 0.1 60
      vertex 48.1 0 60
      vertex 48.1 0.1 60
    endloop
  endfacet
  facet normal -1 0 0
    outer loop
      vertex 0 0 -36
      vertex 0 0 -35.9
      vertex 0 0.1 -35.9
    endloop
  endfacet
  facet normal -1 0 0
    outer loop
      vertex 0 0 -36
      vertex 0 0.1 -35.9
      vertex 0 0.1 -36
    endloop
  endfacet
  facet normal 0 -1 0
    outer loop
      vertex 0 0 -36
      vertex 96 0 -35.9
      vertex 0 0 -35.9
    endloop
  endfacet
  facet normal 0 0 1
    outer loop
      vertex 0 0 -35.9
      vertex 96 0 -35.9
      vertex 0 0.1 -35.9
    endloop
  endfacet
  facet normal 0 0 -1
    outer loop
      vertex 0 0 -36
      vertex 0 0.1 -36
      vertex 96 0.1 -36
    endloop
  endfacet
  facet normal 0 1 0
    outer loop
      vertex 0 0.1 -36
      vertex 0 0.1 -35.9
      vertex 96 0.1 -36
    endloop
  endfacet
  facet normal 0 0 -1
    outer loop
      vertex 0 0 -36
      vertex 96 0.1 -36
      vertex 96 0 -36
    endloop
  endfacet
  facet normal 0 -1 0
    outer loop
      vertex 0 0 -36
      vertex 96 0 -36
      vertex 96 0 -35.9
    endloop
  endfacet
  facet normal 0 0 1
    outer loop
      vertex 0 0.1 -35.9
      vertex 96 0 -35.9
      vertex 96 0.1 -35.9
    endloop
  endfacet
  facet normal 0 1 0
    outer loop
      vertex 0 0.1 -35.9
      vertex 96 0.1 -35.9
      vertex 96 0.1 -36
    endloop
  endfacet
  facet normal 1 0 0
    outer loop
      vertex 96 0 -36
      vertex 96 0.1 -36
      vertex 96 0 -35.9
    endloop
  endfacet
  facet normal 1 0 0
    outer loop
      vertex 96 0 -35.9
      vertex 96 0.1 -36
      vertex 96 0.1 -35.9
    endloop
  endfacet
  facet normal -1 0 0
    outer loop
      vertex 0 0 -24
      vertex 0 0 -23.9
      vertex 0 0.1 -23.9
    endloop
  endfacet
  facet normal -1 0 0
    outer loop
      vertex 0 0 -24
      vertex 0 0.1 -23.9
      vertex 0 0.1 -24
    endloop
  endfacet
  facet normal 0 -1 0
    outer loop
      vertex 0 0 -24
      vertex 96 0 -23.9
      vertex 0 0 -23.9
    endloop
  endfacet
  facet normal 0 0 -1
    outer loop
      vertex 0 0 -24
      vertex 0 0.1 -24
      vertex 96 0.1 -24
    endloop
  endfacet
  facet normal 0 1 0
    outer loop
      vertex 0 0.1 -24
      vertex 0 0.1 -23.9
      vertex 96 0.1 -24
    endloop
  endfacet
  facet normal 0 0 1
    outer loop
      vertex 0 0 -23.9
      vertex 96 0 -23.9
      vertex 0 0.1 -23.9
    endloop
  endfacet
  facet normal 0 -1 0
    outer loop
      vertex 0 0 -24
      vertex 96 0 -24
      vertex 96 0 -23.9
    endloop
  endfacet
  facet normal 0 0 -1
    outer loop
      vertex 0 0 -24
      vertex 96 0.1 -24
      vertex 96 0 -24
    endloop
  endfacet
  facet normal 0 1 0
    outer loop
      vertex 0 0.1 -23.9
      vertex 96 0.1 -23.9
      vertex 96 0.1 -24
    endloop
  endfacet
  facet normal 0 0 1
    outer loop
      vertex 0 0.1 -23.9
      vertex 96 0 -23.9
      vertex 96 0.1 -23.9
    endloop
  endfacet
  facet normal 1 0 0
    outer loop
      vertex 96 0 -24
      vertex 96 0.1 -24
      vertex 96 0 -23.9
    endloop
  endfacet
  facet normal 1 0 0
    outer loop
      vertex 96 0 -23.9
      vertex 96 0.1 -24
      vertex 96 0.1 -23.9
    endloop
  endfacet
  facet normal 0 -1 0
    outer loop
      vertex 48 0 -12
      vertex 96 0 -12
      vertex 48 0 -11.9
    endloop
  endfacet
  facet normal 0 0 -1
    outer loop
      vertex 48 0 -12
      vertex 48 0.1 -12
      vertex 96 0.1 -12
    endloop
  endfacet
  facet normal 0 0 1
    outer loop
      vertex 48 0 -11.9
      vertex 96 0 -11.9
      vertex 48 0.1 -11.9
    endloop
  endfacet
  facet normal 0 1 0
    outer loop
      vertex 48 0.1 -12
      vertex 48 0.1 -11.9
      vertex 96 0.1 -11.9
    endloop
  endfacet
  facet normal 0 0 -1
    outer loop
      vertex 48 0 -12
      vertex 96 0.1 -12
      vertex 96 0 -12
    endloop
  endfacet
  facet normal 0 1 0
    outer loop
      vertex 48 0.1 -12
      vertex 96 0.1 -11.9
      vertex 96 0.1 -12
    endloop
  endfacet
  facet normal 0 -1 0
    outer loop
      vertex 48 0 -11.9
      vertex 96 0 -12
      vertex 96 0 -11.9
    endloop
  endfacet
  facet normal 0 0 1
    outer loop
      vertex 48 0.1 -11.9
      vertex 96 0 -11.9
      vertex 96 0.1 -11.9
    endloop
  endfacet
  facet normal 1 0 0
    outer loop
      vertex 96 0 -12
      vertex 96 0.1 -12
      vertex 96 0 -11.9
    endloop
  endfacet
  facet normal 1 0 0
    outer loop
      vertex 96 0 -11.9
      vertex 96 0.1 -12
      vertex 96 0.1 -11.9
    endloop
  endfacet
  facet normal 0 0 -1
    outer loop
      vertex 0.1 0 0
      vertex 0.1 0.1 0
      vertex 12 0.1 0
    endloop
  endfacet
  facet normal 0 -1 0
    outer loop
      vertex 0.1 0 0
      vertex 12 0 0
      vertex 0.1 0 0.1
    endloop
  endfacet
  facet normal 0 0 1
    outer loop
      vertex 0.1 0 0.1
      vertex 12 0 0.1
      vertex 0.1 0.1 0.1
    endloop
  endfacet
  facet normal 0 1 0
    outer loop
      vertex 0.1 0.1 0
      vertex 0.1 0.1 0.1
      vertex 12 0.1 0.1
    endloop
  endfacet
  facet normal 0 0 -1
    outer loop
      vertex 0.1 0 0
      vertex 12 0.1 0
      vertex 12 0 0
    endloop
  endfacet
  facet normal 0 -1 0
    outer loop
      vertex 0.1 0 0.1
      vertex 12 0 0
      vertex 12 0 0.1
    endloop
  endfacet
  facet normal 0 1 0
    outer loop
      vertex 0.1 0.1 0
      vertex 12 0.1 0.1
      vertex 12 0.1 0
    endloop
  endfacet
  facet normal 0 0 1
    outer loop
      vertex 0.1 0.1 0.1
      vertex 12 0 0.1
      vertex 12 0.1 0.1
    endloop
  endfacet
  facet normal 0 0 -1
    outer loop
      vertex 12.1 0 0
      vertex 12.1 0.1 0
      vertex 24 0.1 0
    endloop
  endfacet
  facet normal 0 -1 0
    outer loop
      vertex 12.1 0 0
      vertex 24 0 0
      vertex 12.1 0 0.1
    endloop
  endfacet
  facet normal 0 0 1
    outer loop
      vertex 12.1 0 0.1
      vertex 24 0 0.1
      vertex 12.1 0.1 0.1
    endloop
  endfacet
  facet normal 0 1 0
    outer loop
      vertex 12.1 0.1 0
      vertex 12.1 0.1 0.1
      vertex 24 0.1 0.1
    endloop
  endfacet
  facet normal 0 0 -1
    outer loop
      vertex 12.1 0 0
      vertex 24 0.1 0
      vertex 24 0 0
    endloop
  endfacet
  facet normal 0 -1 0
    outer loop
      vertex 12.1 0 0.1
      vertex 24 0 0
      vertex 24 0 0.1
    endloop
  endfacet
  facet normal 0 1 0
    outer loop
      vertex 12.1 0.1 0
      vertex 24 0.1 0.1
      vertex 24 0.1 0
    endloop
  endfacet
  facet normal 0 0 1
    outer loop
      vertex 12.1 0.1 0.1
      vertex 24 0 0.1
      vertex 24 0.1 0.1
    endloop
  endfacet
  facet normal 0 0 -1
    outer loop
      vertex 24.1 0 0
      vertex 24.1 0.1 0
      vertex 36 0.1 0
    endloop
  endfacet
  facet normal 0 -1 0
    outer loop
      vertex 24.1 0 0
      vertex 36 0 0
      vertex 24.1 0 0.1
    endloop
  endfacet
  facet normal 0 0 1
    outer loop
      vertex 24.1 0 0.1
      vertex 36 0 0.1
      vertex 24.1 0.1 0.1
    endloop
  endfacet
  facet normal 0 1 0
    outer loop
      vertex 24.1 0.1 0
      vertex 24.1 0.1 0.1
      vertex 36 0.1 0.1
    endloop
  endfacet
  facet normal 0 0 -1
    outer loop
      vertex 24.1 0 0
      vertex 36 0.1 0
      vertex 36 0 0
    endloop
  endfacet
  facet normal 0 -1 0
    outer loop
      vertex 24.1 0 0.1
      vertex 36 0 0
      vertex 36 0 0.1
    endloop
  endfacet
  facet normal 0 1 0
    outer loop
      vertex 24.1 0.1 0
      vertex 36 0.1 0.1
      vertex 36 0.1 0
    endloop
  endfacet
  facet normal 0 0 1
    outer loop
      vertex 24.1 0.1 0.1
      vertex 36 0 0.1
      vertex 36 0.1 0.1
    endloop
  endfacet
  facet normal 0 0 -1
    outer loop
      vertex 36.1 0 0
      vertex 36.1 0.1 0
      vertex 43.75 0.1 0
    endloop
  endfacet
  facet normal 0 -1 0
    outer loop
      vertex 36.1 0 0
      vertex 43.75 0 0
      vertex 36.1 0 0.1
    endloop
  endfacet
  facet normal 0 0 1
    outer loop
      vertex 36.1 0 0.1
      vertex 43.75 0 0.1
      vertex 36.1 0.1 0.1
    endloop
  endfacet
  facet normal 0 1 0
    outer loop
      vertex 36.1 0.1 0
      vertex 36.1 0.1 0.1
      vertex 43.75 0.1 0.1
    endloop
  endfacet
  facet normal 0 0 -1
    outer loop
      vertex 36.1 0 0
      vertex 43.75 0.1 0
      vertex 43.75 0 0
    endloop
  endfacet
  facet normal 0 -1 0
    outer loop
      vertex 36.1 0 0.1
      vertex 43.75 0 0
      vertex 43.75 0 0.1
    endloop
  endfacet
  facet normal 0 1 0
    outer loop
      vertex 36.1 0.1 0
      vertex 43.75 0.1 0.1
      vertex 43.75 0.1 0
    endloop
  endfacet
  facet normal 0 0 1
    outer loop
      vertex 36.1 0.1 0.1
      vertex 43.75 0 0.1
      vertex 43.75 0.1 0.1
    endloop
  endfacet
  facet normal 0 0 -1
    outer loop
      vertex 48.1 0 0
      vertex 48.1 0.1 0
      vertex 96 0.1 0
    endloop
  endfacet
  facet normal 0 -1 0
    outer loop
      vertex 48.1 0 0
      vertex 96 0 0
      vertex 48.1 0 0.1
    endloop
  endfacet
  facet normal 0 0 1
    outer loop
      vertex 48.1 0 0.1
      vertex 96 0 0.1
      vertex 48.1 0.1 0.1
    endloop
  endfacet
  facet normal 0 1 0
    outer loop
      vertex 48.1 0.1 0
      vertex 48.1 0.1 0.1
      vertex 96 0.1 0.1
    endloop
  endfacet
  facet normal 0 0 -1
    outer loop
      vertex 48.1 0 0
      vertex 96 0.1 0
      vertex 96 0 0
    endloop
  endfacet
  facet normal 0 -1 0
    outer loop
      vertex 48.1 0 0.1
      vertex 96 0 0
      vertex 96 0 0.1
    endloop
  endfacet
  facet normal 0 1 0
    outer loop
      vertex 48.1 0.1 0
      vertex 96 0.1 0.1
      vertex 96 0.1 0
    endloop
  endfacet
  facet normal 0 0 1
    outer loop
      vertex 48.1 0.1 0.1
      vertex 96 0 0.1
      vertex 96 0.1 0.1
    endloop
  endfacet
  facet normal 1 0 0
    outer loop
      vertex 96 0 0
      vertex 96 0.1 0
      vertex 96 0 0.1
    endloop
  endfacet
  facet normal 1 0 0
    outer loop
      vertex 96 0 0.1
      vertex 96 0.1 0
      vertex 96 0.1 0.1
    endloop
  endfacet
  facet normal 0 -1 0
    outer loop
      vertex 48.1 0 12
      vertex 96 0 12
      vertex 48.1 0 12.1
    endloop
  endfacet
  facet normal 0 0 1
    outer loop
      vertex 48.1 0 12.1
      vertex 96 0 12.1
      vertex 48.1 0.1 12.1
    endloop
  endfacet
  facet normal 0 0 -1
    outer loop
      vertex 48.1 0 12
      vertex 48.1 0.1 12
      vertex 96 0.1 12
    endloop
  endfacet
  facet normal 0 1 0
    outer loop
      vertex 48.1 0.1 12
      vertex 48.1 0.1 12.1
      vertex 96 0.1 12.1
    endloop
  endfacet
  facet normal 0 0 -1
    outer loop
      vertex 48.1 0 12
      vertex 96 0.1 12
      vertex 96 0 12
    endloop
  endfacet
  facet normal 0 -1 0
    outer loop
      vertex 48.1 0 12.1
      vertex 96 0 12
      vertex 96 0 12.1
    endloop
  endfacet
  facet normal 0 1 0
    outer loop
      vertex 48.1 0.1 12
      vertex 96 0.1 12.1
      vertex 96 0.1 12
    endloop
  endfacet
  facet normal 0 0 1
    outer loop
      vertex 48.1 0.1 12.1
      vertex 96 0 12.1
      vertex 96 0.1 12.1
    endloop
  endfacet
  facet normal 1 0 0
    outer loop
      vertex 96 0 12
      vertex 96 0.1 12
      vertex 96 0 12.1
    endloop
  endfacet
  facet normal 1 0 0
    outer loop
      vertex 96 0 12.1
      vertex 96 0.1 12
      vertex 96 0.1 12.1
    endloop
  endfacet
  facet normal 0 -1 0
    outer loop
      vertex 0.1 0 24
      vertex 12 0 24
      vertex 0.1 0 24.1
    endloop
  endfacet
  facet normal 0 0 1
    outer loop
      vertex 0.1 0 24.1
      vertex 12 0 24.1
      vertex 0.1 0.1 24.1
    endloop
  endfacet
  facet normal 0 0 -1
    outer loop
      vertex 0.1 0 24
      vertex 0.1 0.1 24
      vertex 12 0.1 24
    endloop
  endfacet
  facet normal 0 1 0
    outer loop
      vertex 0.1 0.1 24
      vertex 0.1 0.1 24.1
      vertex 12 0.1 24.1
    endloop
  endfacet
  facet normal 0 0 -1
    outer loop
      vertex 0.1 0 24
      vertex 12 0.1 24
      vertex 12 0 24
    endloop
  endfacet
  facet normal 0 -1 0
    outer loop
      vertex 0.1 0 24.1
      vertex 12 0 24
      vertex 12 0 24.1
    endloop
  endfacet
  facet normal 0 0 1
    outer loop
      vertex 0.1 0.1 24.1
      vertex 12 0 24.1
      vertex 12 0.1 24.1
    endloop
  endfacet
  facet normal 0 1 0
    outer loop
      vertex 0.1 0.1 24
      vertex 12 0.1 24.1
      vertex 12 0.1 24
    endloop
  endfacet
  facet normal 0 -1 0
    outer loop
      vertex 12.1 0 24
      vertex 24 0 24
      vertex 12.1 0 24.1
    endloop
  endfacet
  facet normal 0 0 1
    outer loop
      vertex 12.1 0 24.1
      vertex 24 0 24.1
      vertex 12.1 0.1 24.1
    endloop
  endfacet
  facet normal 0 0 -1
    outer loop
      vertex 12.1 0 24
      vertex 12.1 0.1 24
      vertex 24 0.1 24
    endloop
  endfacet
  facet normal 0 1 0
    outer loop
      vertex 12.1 0.1 24
      vertex 12.1 0.1 24.1
      vertex 24 0.1 24.1
    endloop
  endfacet
  facet normal 0 0 -1
    outer loop
      vertex 12.1 0 24
      vertex 24 0.1 24
      vertex 24 0 24
    endloop
  endfacet
  facet normal 0 -1 0
    outer loop
      vertex 12.1 0 24.1
      vertex 24 0 24
      vertex 24 0 24.1
    endloop
  endfacet
  facet normal 0 0 1
    outer loop
      vertex 12.1 0.1 24.1
      vertex 24 0 24.1
      vertex 24 0.1 24.1
    endloop
  endfacet
  facet normal 0 1 0
    outer loop
      vertex 12.1 0.1 24
      vertex 24 0.1 24.1
      vertex 24 0.1 24
    endloop
  endfacet
  facet normal 0 -1 0
    outer loop
      vertex 24.1 0 24
      vertex 36 0 24
      vertex 24.1 0 24.1
    endloop
  endfacet
  facet normal 0 0 1
    outer loop
      vertex 24.1 0 24.1
      vertex 36 0 24.1
      vertex 24.1 0.1 24.1
    endloop
  endfacet
  facet normal 0 0 -1
    outer loop
      vertex 24.1 0 24
      vertex 24.1 0.1 24
      vertex 36 0.1 24
    endloop
  endfacet
  facet normal 0 1 0
    outer loop
      vertex 24.1 0.1 24
      vertex 24.1 0.1 24.1
      vertex 36 0.1 24.1
    endloop
  endfacet
  facet normal 0 0 -1
    outer loop
      vertex 24.1 0 24
      vertex 36 0.1 24
      vertex 36 0 24
    endloop
  endfacet
  facet normal 0 -1 0
    outer loop
      vertex 24.1 0 24.1
      vertex 36 0 24
      vertex 36 0 24.1
    endloop
  endfacet
  facet normal 0 0 1
    outer loop
      vertex 24.1 0.1 24.1
      vertex 36 0 24.1
      vertex 36 0.1 24.1
    endloop
  endfacet
  facet normal 0 1 0
    outer loop
      vertex 24.1 0.1 24
      vertex 36 0.1 24.1
      vertex 36 0.1 24
    endloop
  endfacet
  facet normal 0 -1 0
    outer loop
      vertex 36.1 0 24
      vertex 48 0 24
      vertex 36.1 0 24.1
    endloop
  endfacet
  facet normal 0 0 1
    outer loop
      vertex 36.1 0 24.1
      vertex 48 0 24.1
      vertex 36.1 0.1 24.1
    endloop
  endfacet
  facet normal 0 0 -1
    outer loop
      vertex 36.1 0 24
      vertex 36.1 0.1 24
      vertex 48 0.1 24
    endloop
  endfacet
  facet normal 0 1 0
    outer loop
      vertex 36.1 0.1 24
      vertex 36.1 0.1 24.1
      vertex 48 0.1 24.1
    endloop
  endfacet
  facet normal 0 0 -1
    outer loop
      vertex 36.1 0 24
      vertex 48 0.1 24
      vertex 48 0 24
    endloop
  endfacet
  facet normal 0 -1 0
    outer loop
      vertex 36.1 0 24.1
      vertex 48 0 24
      vertex 48 0 24.1
    endloop
  endfacet
  facet normal 0 0 1
    outer loop
      vertex 36.1 0.1 24.1
      vertex 48 0 24.1
      vertex 48 0.1 24.1
    endloop
  endfacet
  facet normal 0 1 0
    outer loop
      vertex 36.1 0.1 24
      vertex 48 0.1 24.1
      vertex 48 0.1 24
    endloop
  endfacet
  facet normal 0 -1 0
    outer loop
      vertex 48.1 0 24
      vertex 96 0 24
      vertex 48.1 0 24.1
    endloop
  endfacet
  facet normal 0 0 1
    outer loop
      vertex 48.1 0 24.1
      vertex 96 0 24.1
      vertex 48.1 0.1 24.1
    endloop
  endfacet
  facet normal 0 0 -1
    outer loop
      vertex 48.1 0 24
      vertex 48.1 0.1 24
      vertex 96 0.1 24
    endloop
  endfacet
  facet normal 0 1 0
    outer loop
      vertex 48.1 0.1 24
      vertex 48.1 0.1 24.1
      vertex 96 0.1 24.1
    endloop
  endfacet
  facet normal 0 0 -1
    outer loop
      vertex 48.1 0 24
      vertex 96 0.1 24
      vertex 96 0 24
    endloop
  endfacet
  facet normal 0 -1 0
    outer loop
      vertex 48.1 0 24.1
      vertex 96 0 24
      vertex 96 0 24.1
    endloop
  endfacet
  facet normal 0 0 1
    outer loop
      vertex 48.1 0.1 24.1
      vertex 96 0 24.1
      vertex 96 0.1 24.1
    endloop
  endfacet
  facet normal 0 1 0
    outer loop
      vertex 48.1 0.1 24
      vertex 96 0.1 24.1
      vertex 96 0.1 24
    endloop
  endfacet
  facet normal 1 0 0
    outer loop
      vertex 96 0 24
      vertex 96 0.1 24
      vertex 96 0 24.1
    endloop
  endfacet
  facet normal 1 0 0
    outer loop
      vertex 96 0 24.1
      vertex 96 0.1 24
      vertex 96 0.1 24.1
    endloop
  endfacet
  facet normal 0 -1 0
    outer loop
      vertex 0.1 0 36
      vertex 12 0 36
      vertex 0.1 0 36.1
    endloop
  endfacet
  facet normal 0 0 -1
    outer loop
      vertex 0.1 0 36
      vertex 0.1 0.1 36
      vertex 12 0.1 36
    endloop
  endfacet
  facet normal 0 1 0
    outer loop
      vertex 0.1 0.1 36
      vertex 0.1 0.1 36.1
      vertex 12 0.1 36.1
    endloop
  endfacet
  facet normal 0 0 1
    outer loop
      vertex 0.1 0 36.1
      vertex 12 0 36.1
      vertex 0.1 0.1 36.1
    endloop
  endfacet
  facet normal 0 -1 0
    outer loop
      vertex 0.1 0 36.1
      vertex 12 0 36
      vertex 12 0 36.1
    endloop
  endfacet
  facet normal 0 0 -1
    outer loop
      vertex 0.1 0 36
      vertex 12 0.1 36
      vertex 12 0 36
    endloop
  endfacet
  facet normal 0 1 0
    outer loop
      vertex 0.1 0.1 36
      vertex 12 0.1 36.1
      vertex 12 0.1 36
    endloop
  endfacet
  facet normal 0 0 1
    outer loop
      vertex 0.1 0.1 36.1
      vertex 12 0 36.1
      vertex 12 0.1 36.1
    endloop
  endfacet
  facet normal 0 -1 0
    outer loop
      vertex 12.1 0 36
      vertex 24 0 36
      vertex 12.1 0 36.1
    endloop
  endfacet
  facet normal 0 0 -1
    outer loop
      vertex 12.1 0 36
      vertex 12.1 0.1 36
      vertex 24 0.1 36
    endloop
  endfacet
  facet normal 0 1 0
    outer loop
      vertex 12.1 0.1 36
      vertex 12.1 0.1 36.1
      vertex 24 0.1 36.1
    endloop
  endfacet
  facet normal 0 0 1
    outer loop
      vertex 12.1 0 36.1
      vertex 24 0 36.1
      vertex 12.1 0.1 36.1
    endloop
  endfacet
  facet normal 0 -1 0
    outer loop
      vertex 12.1 0 36.1
      vertex 24 0 36
      vertex 24 0 36.1
    endloop
  endfacet
  facet normal 0 0 -1
    outer loop
      vertex 12.1 0 36
      vertex 24 0.1 36
      vertex 24 0 36
    endloop
  endfacet
  facet normal 0 1 0
    outer loop
      vertex 12.1 0.1 36
      vertex 24 0.1 36.1
      vertex 24 0.1 36
    endloop
  endfacet
  facet normal 0 0 1
    outer loop
      vertex 12.1 0.1 36.1
      vertex 24 0 36.1
      vertex 24 0.1 36.1
    endloop
  endfacet
  facet normal 0 -1 0
    outer loop
      vertex 24.1 0 36
      vertex 36 0 36
      vertex 24.1 0 36.1
    endloop
  endfacet
  facet normal 0 0 -1
    outer loop
      vertex 24.1 0 36
      vertex 24.1 0.1 36
      vertex 36 0.1 36
    endloop
  endfacet
  facet normal 0 1 0
    outer loop
      vertex 24.1 0.1 36
      vertex 24.1 0.1 36.1
      vertex 36 0.1 36.1
    endloop
  endfacet
  facet normal 0 0 1
    outer loop
      vertex 24.1 0 36.1
      vertex 36 0 36.1
      vertex 24.1 0.1 36.1
    endloop
  endfacet
  facet normal 0 -1 0
    outer loop
      vertex 24.1 0 36.1
      vertex 36 0 36
      vertex 36 0 36.1
    endloop
  endfacet
  facet normal 0 0 -1
    outer loop
      vertex 24.1 0 36
      vertex 36 0.1 36
      vertex 36 0 36
    endloop
  endfacet
  facet normal 0 1 0
    outer loop
      vertex 24.1 0.1 36
      vertex 36 0.1 36.1
      vertex 36 0.1 36
    endloop
  endfacet
  facet normal 0 0 1
    outer loop
      vertex 24.1 0.1 36.1
      vertex 36 0 36.1
      vertex 36 0.1 36.1
    endloop
  endfacet
  facet normal 0 -1 0
    outer loop
      vertex 36.1 0 36
      vertex 48 0 36
      vertex 36.1 0 36.1
    endloop
  endfacet
  facet normal 0 0 -1
    outer loop
      vertex 36.1 0 36
      vertex 36.1 0.1 36
      vertex 48 0.1 36
    endloop
  endfacet
  facet normal 0 1 0
    outer loop
      vertex 36.1 0.1 36
      vertex 36.1 0.1 36.1
      vertex 48 0.1 36.1
    endloop
  endfacet
  facet normal 0 0 1
    outer loop
      vertex 36.1 0 36.1
      vertex 48 0 36.1
      vertex 36.1 0.1 36.1
    endloop
  endfacet
  facet normal 0 -1 0
    outer loop
      vertex 36.1 0 36.1
      vertex 48 0 36
      vertex 48 0 36.1
    endloop
  endfacet
  facet normal 0 0 -1
    outer loop
      vertex 36.1 0 36
      vertex 48 0.1 36
      vertex 48 0 36
    endloop
  endfacet
  facet normal 0 1 0
    outer loop
      vertex 36.1 0.1 36
      vertex 48 0.1 36.1
      vertex 48 0.1 36
    endloop
  endfacet
  facet normal 0 0 1
    outer loop
      vertex 36.1 0.1 36.1
      vertex 48 0 36.1
      vertex 48 0.1 36.1
    endloop
  endfacet
  facet normal 0 -1 0
    outer loop
      vertex 48.1 0 36
      vertex 96 0 36
      vertex 48.1 0 36.1
    endloop
  endfacet
  facet normal 0 0 -1
    outer loop
      vertex 48.1 0 36
      vertex 48.1 0.1 36
      vertex 96 0.1 36
    endloop
  endfacet
  facet normal 0 1 0
    outer loop
      vertex 48.1 0.1 36
      vertex 48.1 0.1 36.1
      vertex 96 0.1 36.1
    endloop
  endfacet
  facet normal 0 0 1
    outer loop
      vertex 48.1 0 36.1
      vertex 96 0 36.1
      vertex 48.1 0.1 36.1
    endloop
  endfacet
  facet normal 0 -1 0
    outer loop
      vertex 48.1 0 36.1
      vertex 96 0 36
      vertex 96 0 36.1
    endloop
  endfacet
  facet normal 0 0 -1
    outer loop
      vertex 48.1 0 36
      vertex 96 0.1 36
      vertex 96 0 36
    endloop
  endfacet
  facet normal 0 1 0
    outer loop
      vertex 48.1 0.1 36
      vertex 96 0.1 36.1
      vertex 96 0.1 36
    endloop
  endfacet
  facet normal 0 0 1
    outer loop
      vertex 48.1 0.1 36.1
      vertex 96 0 36.1
      vertex 96 0.1 36.1
    endloop
  endfacet
  facet normal 1 0 0
    outer loop
      vertex 96 0 36
      vertex 96 0.1 36
      vertex 96 0 36.1
    endloop
  endfacet
  facet normal 1 0 0
    outer loop
      vertex 96 0.1 36
      vertex 96 0.1 36.1
      vertex 96 0 36.1
    endloop
  endfacet
  facet normal 0 -1 0
    outer loop
      vertex -39.15 -12.25 -21.55
      vertex -37.65 -12.25 -21.55
      vertex -37.65 -12.25 -18.05
    endloop
  endfacet
  facet normal 0 -1 0
    outer loop
      vertex -39.15 -12.25 -21.55
      vertex -37.65 -12.25 -18.05
      vertex -39.15 -12.25 -18.05
    endloop
  endfacet
  facet normal -1 0 0
    outer loop
      vertex -39.15 -12.25 -21.55
      vertex -39.15 -12.25 -18.05
      vertex -39.15 1.5 -21.55
    endloop
  endfacet
  facet normal 1 0 0
    outer loop
      vertex -37.65 -12.25 -21.55
      vertex -37.65 1.5 -21.55
      vertex -37.65 -12.25 -18.05
    endloop
  endfacet
  facet normal 0 0 1
    outer loop
      vertex -39.15 -12.25 -18.05
      vertex -37.65 -12.25 -18.05
      vertex -39.15 1.5 -18.05
    endloop
  endfacet
  facet normal -1 0 0
    outer loop
      vertex -39.15 -12.25 -18.05
      vertex -39.15 1.5 -18.05
      vertex -39.15 1.5 -21.55
    endloop
  endfacet
  facet normal 0 0 1
    outer loop
      vertex -37.65 -12.25 -18.05
      vertex -37.65 1.5 -18.05
      vertex -39.15 1.5 -18.05
    endloop
  endfacet
  facet normal 1 0 0
    outer loop
      vertex -37.65 -12.25 -18.05
      vertex -37.65 1.5 -21.55
      vertex -37.65 1.5 -18.05
    endloop
  endfacet
  facet normal 0 -1 0
    outer loop
      vertex -19.95 -12.25 -21.55
      vertex -18.45 -12.25 -21.55
      vertex -18.45 -12.25 -18.05
    endloop
  endfacet
  facet normal 0 -1 0
    outer loop
      vertex -19.95 -12.25 -21.55
      vertex -18.45 -12.25 -18.05
      vertex -19.95 -12.25 -18.05
    endloop
  endfacet
  facet normal -1 0 0
    outer loop
      vertex -19.95 -12.25 -21.55
      vertex -19.95 -12.25 -18.05
      vertex -19.95 1.5 -21.55
    endloop
  endfacet
  facet normal 1 0 0
    outer loop
      vertex -18.45 -12.25 -21.55
      vertex -18.45 1.5 -21.55
      vertex -18.45 -12.25 -18.05
    endloop
  endfacet
  facet normal 0 0 1
    outer loop
      vertex -19.95 -12.25 -18.05
      vertex -18.45 -12.25 -18.05
      vertex -19.95 1.5 -18.05
    endloop
  endfacet
  facet normal -1 0 0
    outer loop
      vertex -19.95 -12.25 -18.05
      vertex -19.95 1.5 -18.05
      vertex -19.95 1.5 -21.55
    endloop
  endfacet
  facet normal 1 0 0
    outer loop
      vertex -18.45 -12.25 -18.05
      vertex -18.45 1.5 -21.55
      vertex -18.45 1.5 -18.05
    endloop
  endfacet
  facet normal 0 0 1
    outer loop
      vertex -18.45 -12.25 -18.05
      vertex -18.45 1.5 -18.05
      vertex -19.95 1.5 -18.05
    endloop
  endfacet
  facet normal 0 -1 0
    outer loop
      vertex -0.75 -12.25 -21.55
      vertex 0.75 -12.25 -21.55
      vertex 0.75 -12.25 -18.05
    endloop
  endfacet
  facet normal 0 -1 0
    outer loop
      vertex -0.75 -12.25 -21.55
      vertex 0.75 -12.25 -18.05
      vertex -0.75 -12.25 -18.05
    endloop
  endfacet
  facet normal -1 0 0
    outer loop
      vertex -0.75 -12.25 -21.55
      vertex -0.75 -12.25 -18.05
      vertex -0.75 1.5 -21.55
    endloop
  endfacet
  facet normal 1 0 0
    outer loop
      vertex 0.75 -12.25 -21.55
      vertex 0.75 1.5 -21.55
      vertex 0.75 -12.25 -18.05
    endloop
  endfacet
  facet normal 0 0 1
    outer loop
      vertex -0.75 -12.25 -18.05
      vertex 0.75 -12.25 -18.05
      vertex -0.75 1.5 -18.05
    endloop
  endfacet
  facet normal -1 0 0
    outer loop
      vertex -0.75 -12.25 -18.05
      vertex -0.75 1.5 -18.05
      vertex -0.75 1.5 -21.55
    endloop
  endfacet
  facet normal 0 0 1
    outer loop
      vertex 0.75 -12.25 -18.05
      vertex 0.75 1.5 -18.05
      vertex -0.75 1.5 -18.05
    endloop
  endfacet
  facet normal 1 0 0
    outer loop
      vertex 0.75 -12.25 -18.05
      vertex 0.75 1.5 -21.55
      vertex 0.75 1.5 -18.05
    endloop
  endfacet
  facet normal 0 -1 0
    outer loop
      vertex 18.450000000000003 -12.25 -21.55
      vertex 19.950000000000003 -12.25 -21.55
      vertex 19.950000000000003 -12.25 -18.05
    endloop
  endfacet
  facet normal 0 -1 0
    outer loop
      vertex 18.450000000000003 -12.25 -21.55
      vertex 19.950000000000003 -12.25 -18.05
      vertex 18.450000000000003 -12.25 -18.05
    endloop
  endfacet
  facet normal -1 0 0
    outer loop
      vertex 18.450000000000003 -12.25 -21.55
      vertex 18.450000000000003 -12.25 -18.05
      vertex 18.450000000000003 1.5 -21.55
    endloop
  endfacet
  facet normal 1 0 0
    outer loop
      vertex 19.950000000000003 -12.25 -21.55
      vertex 19.950000000000003 1.5 -21.55
      vertex 19.950000000000003 -12.25 -18.05
    endloop
  endfacet
  facet normal -1 0 0
    outer loop
      vertex 18.450000000000003 -12.25 -18.05
      vertex 18.450000000000003 1.5 -18.05
      vertex 18.450000000000003 1.5 -21.55
    endloop
  endfacet
  facet normal 0 0 1
    outer loop
      vertex 18.450000000000003 -12.25 -18.05
      vertex 19.950000000000003 -12.25 -18.05
      vertex 18.450000000000003 1.5 -18.05
    endloop
  endfacet
  facet normal 1 0 0
    outer loop
      vertex 19.950000000000003 -12.25 -18.05
      vertex 19.950000000000003 1.5 -21.55
      vertex 19.950000000000003 1.5 -18.05
    endloop
  endfacet
  facet normal 0 0 1
    outer loop
      vertex 19.950000000000003 -12.25 -18.05
      vertex 19.950000000000003 1.5 -18.05
      vertex 18.450000000000003 1.5 -18.05
    endloop
  endfacet
  facet normal 0 -1 0
    outer loop
      vertex -39.15 -12.25 18.05
      vertex -37.65 -12.25 18.05
      vertex -37.65 -12.25 21.55
    endloop
  endfacet
  facet normal 0 -1 0
    outer loop
      vertex -39.15 -12.25 18.05
      vertex -37.65 -12.25 21.55
      vertex -39.15 -12.25 21.55
    endloop
  endfacet
  facet normal 0 0 -1
    outer loop
      vertex -39.15 -12.25 18.05
      vertex -37.65 1.5 18.05
      vertex -37.65 -12.25 18.05
    endloop
  endfacet
  facet normal -1 0 0
    outer loop
      vertex -39.15 -12.25 18.05
      vertex -39.15 -12.25 21.55
      vertex -39.15 1.5 21.55
    endloop
  endfacet
  facet normal 1 0 0
    outer loop
      vertex -37.65 -12.25 18.05
      vertex -37.65 1.5 21.55
      vertex -37.65 -12.25 21.55
    endloop
  endfacet
  facet normal 0 0 -1
    outer loop
      vertex -39.15 -12.25 18.05
      vertex -39.15 1.5 18.05
      vertex -37.65 1.5 18.05
    endloop
  endfacet
  facet normal -1 0 0
    outer loop
      vertex -39.15 -12.25 18.05
      vertex -39.15 1.5 21.55
      vertex -39.15 1.5 18.05
    endloop
  endfacet
  facet normal 1 0 0
    outer loop
      vertex -37.65 -12.25 18.05
      vertex -37.65 1.5 18.05
      vertex -37.65 1.5 21.55
    endloop
  endfacet
  facet normal 0 -1 0
    outer loop
      vertex -19.95 -12.25 18.05
      vertex -18.45 -12.25 18.05
      vertex -18.45 -12.25 21.55
    endloop
  endfacet
  facet normal 0 -1 0
    outer loop
      vertex -19.95 -12.25 18.05
      vertex -18.45 -12.25 21.55
      vertex -19.95 -12.25 21.55
    endloop
  endfacet
  facet normal 0 0 -1
    outer loop
      vertex -19.95 -12.25 18.05
      vertex -18.45 1.5 18.05
      vertex -18.45 -12.25 18.05
    endloop
  endfacet
  facet normal -1 0 0
    outer loop
      vertex -19.95 -12.25 18.05
      vertex -19.95 -12.25 21.55
      vertex -19.95 1.5 21.55
    endloop
  endfacet
  facet normal 1 0 0
    outer loop
      vertex -18.45 -12.25 18.05
      vertex -18.45 1.5 21.55
      vertex -18.45 -12.25 21.55
    endloop
  endfacet
  facet normal -1 0 0
    outer loop
      vertex -19.95 -12.25 18.05
      vertex -19.95 1.5 21.55
      vertex -19.95 1.5 18.05
    endloop
  endfacet
  facet normal 0 0 -1
    outer loop
      vertex -19.95 -12.25 18.05
      vertex -19.95 1.5 18.05
      vertex -18.45 1.5 18.05
    endloop
  endfacet
  facet normal 1 0 0
    outer loop
      vertex -18.45 -12.25 18.05
      vertex -18.45 1.5 18.05
      vertex -18.45 1.5 21.55
    endloop
  endfacet
  facet normal 0 -1 0
    outer loop
      vertex -0.75 -12.25 18.05
      vertex 0.75 -12.25 18.05
      vertex 0.75 -12.25 21.55
    endloop
  endfacet
  facet normal 0 -1 0
    outer loop
      vertex -0.75 -12.25 18.05
      vertex 0.75 -12.25 21.55
      vertex -0.75 -12.25 21.55
    endloop
  endfacet
  facet normal 0 0 -1
    outer loop
      vertex -0.75 -12.25 18.05
      vertex 0.75 1.5 18.05
      vertex 0.75 -12.25 18.05
    endloop
  endfacet
  facet normal -1 0 0
    outer loop
      vertex -0.75 -12.25 18.05
      vertex -0.75 -12.25 21.55
      vertex -0.75 1.5 21.55
    endloop
  endfacet
  facet normal 0 0 -1
    outer loop
      vertex -0.75 -12.25 18.05
      vertex 0 0.1 18.05
      vertex 0 0 18.05
    endloop
  endfacet
  facet normal 0 0 -1
    outer loop
      vertex -0.75 -12.25 18.05
      vertex 0 0 18.05
      vertex 0.1 0 18.05
    endloop
  endfacet
  facet normal 0 0 -1
    outer loop
      vertex -0.75 -12.25 18.05
      vertex 0.1 0 18.05
      vertex 0.75 1.5 18.05
    endloop
  endfacet
  facet normal 0 0 -1
    outer loop
      vertex -0.75 -12.25 18.05
      vertex -0.75 1.5 18.05
      vertex 0 0.1 18.05
    endloop
  endfacet
  facet normal -1 0 0
    outer loop
      vertex -0.75 -12.25 18.05
      vertex -0.75 1.5 21.55
      vertex -0.75 1.5 18.05
    endloop
  endfacet
  facet normal 1 0 0
    outer loop
      vertex 0.75 -12.25 18.05
      vertex 0.75 1.5 21.55
      vertex 0.75 -12.25 21.55
    endloop
  endfacet
  facet normal 1 0 0
    outer loop
      vertex 0.75 -12.25 18.05
      vertex 0.75 1.5 18.05
      vertex 0.75 1.5 21.55
    endloop
  endfacet
  facet normal 0 -1 0
    outer loop
      vertex 18.450000000000003 -12.25 18.05
      vertex 19.950000000000003 -12.25 18.05
      vertex 19.950000000000003 -12.25 21.55
    endloop
  endfacet
  facet normal 0 -1 0
    outer loop
      vertex 18.450000000000003 -12.25 18.05
      vertex 19.950000000000003 -12.25 21.55
      vertex 18.450000000000003 -12.25 21.55
    endloop
  endfacet
  facet normal -1 0 0
    outer loop
      vertex 18.450000000000003 -12.25 18.05
      vertex 18.450000000000003 -12.25 21.55
      vertex 18.450000000000003 1.5 21.55
    endloop
  endfacet
  facet normal -1 0 0
    outer loop
      vertex 18.450000000000003 -12.25 18.05
      vertex 18.450000000000003 1.5 21.55
      vertex 18.450000000000003 1.5 18.05
    endloop
  endfacet
  facet normal 0 0 -1
    outer loop
      vertex 18.450000000000003 -12.25 18.05
      vertex 19.950000000000003 1.5 18.05
      vertex 19.950000000000003 -12.25 18.05
    endloop
  endfacet
  facet normal 1 0 0
    outer loop
      vertex 19.950000000000003 -12.25 18.05
      vertex 19.950000000000003 1.5 21.55
      vertex 19.950000000000003 -12.25 21.55
    endloop
  endfacet
  facet normal 0 0 -1
    outer loop
      vertex 18.450000000000003 -12.25 18.05
      vertex 18.450000000000003 1.5 18.05
      vertex 19.950000000000003 1.5 18.05
    endloop
  endfacet
  facet normal 1 0 0
    outer loop
      vertex 19.950000000000003 -12.25 18.05
      vertex 19.950000000000003 1.5 18.05
      vertex 19.950000000000003 1.5 21.55
    endloop
  endfacet
  facet normal 0 0 -1
    outer loop
      vertex 0 0.1 18.05
      vertex 0.75 1.5 18.05
      vertex 0.1 0.1 18.05
    endloop
  endfacet
  facet normal 0 0 -1
    outer loop
      vertex 0.1 0 18.05
      vertex 0.1 0.1 18.05
      vertex 0.75 1.5 18.05
    endloop
  endfacet
  facet normal 0 0 -1
    outer loop
      vertex 0 0.1 18.05
      vertex -0.75 1.5 18.05
      vertex 0.75 1.5 18.05
    endloop
  endfacet
  facet normal 0 -1 0
    outer loop
      vertex 37.650000000000006 -12.25 -21.55
      vertex 39.150000000000006 -12.25 -21.55
      vertex 39.150000000000006 -12.25 -18.05
    endloop
  endfacet
  facet normal 0 -1 0
    outer loop
      vertex 37.650000000000006 -12.25 -21.55
      vertex 39.150000000000006 -12.25 -18.05
      vertex 37.650000000000006 -12.25 -18.05
    endloop
  endfacet
  facet normal -1 0 0
    outer loop
      vertex 37.650000000000006 -12.25 -21.55
      vertex 37.650000000000006 -12.25 -18.05
      vertex 37.650000000000006 1.5 -21.55
    endloop
  endfacet
  facet normal 1 0 0
    outer loop
      vertex 39.150000000000006 -12.25 -21.55
      vertex 39.150000000000006 1.5 -21.55
      vertex 39.150000000000006 -12.25 -18.05
    endloop
  endfacet
  facet normal 0 0 1
    outer loop
      vertex 37.650000000000006 -12.25 -18.05
      vertex 39.150000000000006 -12.25 -18.05
      vertex 37.650000000000006 1.5 -18.05
    endloop
  endfacet
  facet normal -1 0 0
    outer loop
      vertex 37.650000000000006 -12.25 -18.05
      vertex 37.650000000000006 1.5 -18.05
      vertex 37.650000000000006 1.5 -21.55
    endloop
  endfacet
  facet normal 1 0 0
    outer loop
      vertex 39.150000000000006 -12.25 -18.05
      vertex 39.150000000000006 1.5 -21.55
      vertex 39.150000000000006 1.5 -18.05
    endloop
  endfacet
  facet normal 0 0 1
    outer loop
      vertex 39.150000000000006 -12.25 -18.05
      vertex 39.150000000000006 1.5 -18.05
      vertex 37.650000000000006 1.5 -18.05
    endloop
  endfacet
  facet normal 0 -1 0
    outer loop
      vertex 37.650000000000006 -12.25 18.05
      vertex 39.150000000000006 -12.25 18.05
      vertex 39.150000000000006 -12.25 21.55
    endloop
  endfacet
  facet normal 0 -1 0
    outer loop
      vertex 37.650000000000006 -12.25 18.05
      vertex 39.150000000000006 -12.25 21.55
      vertex 37.650000000000006 -12.25 21.55
    endloop
  endfacet
  facet normal 0 0 -1
    outer loop
      vertex 37.650000000000006 -12.25 18.05
      vertex 39.150000000000006 1.5 18.05
      vertex 39.150000000000006 -12.25 18.05
    endloop
  endfacet
  facet normal -1 0 0
    outer loop
      vertex 37.650000000000006 -12.25 18.05
      vertex 37.650000000000006 -12.25 21.55
      vertex 37.650000000000006 1.5 21.55
    endloop
  endfacet
  facet normal 1 0 0
    outer loop
      vertex 39.150000000000006 -12.25 18.05
      vertex 39.150000000000006 1.5 21.55
      vertex 39.150000000000006 -12.25 21.55
    endloop
  endfacet
  facet normal 0 0 -1
    outer loop
      vertex 37.650000000000006 -12.25 18.05
      vertex 37.650000000000006 1.5 18.05
      vertex 39.150000000000006 1.5 18.05
    endloop
  endfacet
  facet normal -1 0 0
    outer loop
      vertex 37.650000000000006 -12.25 18.05
      vertex 37.650000000000006 1.5 21.55
      vertex 37.650000000000006 1.5 18.05
    endloop
  endfacet
  facet normal 1 0 0
    outer loop
      vertex 39.150000000000006 -12.25 18.05
      vertex 39.150000000000006 1.5 18.05
      vertex 39.150000000000006 1.5 21.55
    endloop
  endfacet
  facet normal 0 -1 0
    outer loop
      vertex -47.25 -12.25 -15.616666666666667
      vertex -43.75 -12.25 -14.116666666666667
      vertex -47.25 -12.25 -14.116666666666667
    endloop
  endfacet
  facet normal 0 -1 0
    outer loop
      vertex -47.25 -12.25 -15.616666666666667
      vertex -43.75 -12.25 -15.616666666666667
      vertex -43.75 -12.25 -14.116666666666667
    endloop
  endfacet
  facet normal 0 0 -1
    outer loop
      vertex -47.25 -12.25 -15.616666666666667
      vertex -44.5 1.5 -15.616666666666667
      vertex -43.75 -12.25 -15.616666666666667
    endloop
  endfacet
  facet normal 0 0 1
    outer loop
      vertex -47.25 -12.25 -14.116666666666667
      vertex -43.75 -12.25 -14.116666666666667
      vertex -47.25 15.25 -14.116666666666667
    endloop
  endfacet
  facet normal 1 0 0
    outer loop
      vertex -43.75 -12.25 -15.616666666666667
      vertex -43.75 1.5 -14.116666666666667
      vertex -43.75 -12.25 -14.116666666666667
    endloop
  endfacet
  facet normal 0 0 -1
    outer loop
      vertex -43.75 -12.25 -15.616666666666667
      vertex -44.5 1.5 -15.616666666666667
      vertex -43.75 1.5 -15.616666666666667
    endloop
  endfacet
  facet normal 1 0 0
    outer loop
      vertex -43.75 -12.25 -15.616666666666667
      vertex -43.75 1.5 -15.616666666666667
      vertex -43.75 1.5 -14.116666666666667
    endloop
  endfacet
  facet normal 0 0 1
    outer loop
      vertex -43.75 -12.25 -14.116666666666667
      vertex -43.75 1.5 -14.116666666666667
      vertex -44.5 1.5 -14.116666666666667
    endloop
  endfacet
  facet normal 0 -1 0
    outer loop
      vertex -47.25 -12.25 -0.75
      vertex -43.75 -12.25 -0.75
      vertex -43.75 -12.25 0.75
    endloop
  endfacet
  facet normal 0 -1 0
    outer loop
      vertex -47.25 -12.25 -0.75
      vertex -43.75 -12.25 0.75
      vertex -47.25 -12.25 0.75
    endloop
  endfacet
  facet normal 0 0 -1
    outer loop
      vertex -47.25 -12.25 -0.75
      vertex -44.5 1.5 -0.75
      vertex -43.75 -12.25 -0.75
    endloop
  endfacet
  facet normal 0 0 1
    outer loop
      vertex -47.25 -12.25 0.75
      vertex -43.75 -12.25 0.75
      vertex -47.25 2 0.75
    endloop
  endfacet
  facet normal 0 0 -1
    outer loop
      vertex -47.25 -12.25 -0.75
      vertex -47.25 2 -0.75
      vertex -44.5 2 -0.75
    endloop
  endfacet
  facet normal 0 0 -1
    outer loop
      vertex -47.25 -12.25 -0.75
      vertex -44.5 2 -0.75
      vertex -44.5 1.5 -0.75
    endloop
  endfacet
  facet normal 0 0 1
    outer loop
      vertex -43.75 -12.25 0.75
      vertex -44.5 1.5 0.75
      vertex -47.25 2 0.75
    endloop
  endfacet
  facet normal 1 0 0
    outer loop
      vertex -43.75 -12.25 -0.75
      vertex -43.75 1.5 0.75
      vertex -43.75 -12.25 0.75
    endloop
  endfacet
  facet normal 0 0 -1
    outer loop
      vertex -43.75 -12.25 -0.75
      vertex -44.5 1.5 -0.75
      vertex -43.75 1.5 -0.75
    endloop
  endfacet
  facet normal 1 0 0
    outer loop
      vertex -43.75 -12.25 -0.75
      vertex -43.75 1.5 -0.75
      vertex -43.75 1.5 0.75
    endloop
  endfacet
  facet normal 0 0 1
    outer loop
      vertex -43.75 -12.25 0.75
      vertex -43.75 1.5 0.75
      vertex -44.5 1.5 0.75
    endloop
  endfacet
  facet normal 0 0 -1
    outer loop
      vertex -47.25 -12.25 -15.616666666666667
      vertex -47.25 15.25 -15.616666666666667
      vertex -44.5 1.5 -15.616666666666667
    endloop
  endfacet
  facet normal 0 0 1
    outer loop
      vertex -43.75 -12.25 -14.116666666666667
      vertex -44.5 1.5 -14.116666666666667
      vertex -47.25 15.25 -14.116666666666667
    endloop
  endfacet
  facet normal 0 0 -1
    outer loop
      vertex -44.5 1.5 -15.616666666666667
      vertex -47.25 15.25 -15.616666666666667
      vertex -44.5 15.25 -15.616666666666667
    endloop
  endfacet
  facet normal 0 0 1
    outer loop
      vertex -44.5 1.5 -14.116666666666667
      vertex -44.5 15.25 -14.116666666666667
      vertex -47.25 15.25 -14.116666666666667
    endloop
  endfacet
  facet normal 0 1 0
    outer loop
      vertex -47.25 15.25 -15.616666666666667
      vertex -47.25 15.25 -14.116666666666667
      vertex -44.5 15.25 -15.616666666666667
    endloop
  endfacet
  facet normal 0 1 0
    outer loop
      vertex -47.25 15.25 -14.116666666666667
      vertex -44.5 15.25 -14.116666666666667
      vertex -44.5 15.25 -15.616666666666667
    endloop
  endfacet
  facet normal 0 0 1
    outer loop
      vertex -44.5 1.5 0.75
      vertex -44.5 2 0.75
      vertex -47.25 2 0.75
    endloop
  endfacet
  facet normal 0 0 -1
    outer loop
      vertex -44.5 15.25 -0.75
      vertex -44.5 3.5 -0.75
      vertex -47.25 3.5 -0.75
    endloop
  endfacet
  facet normal 0 0 1
    outer loop
      vertex -47.25 15.25 0.75
      vertex -47.25 3.5 0.75
      vertex -44.5 3.5 0.75
    endloop
  endfacet
  facet normal 0 0 -1
    outer loop
      vertex -47.25 15.25 -0.75
      vertex -44.5 15.25 -0.75
      vertex -47.25 3.5 -0.75
    endloop
  endfacet
  facet normal 0 0 1
    outer loop
      vertex -47.25 15.25 0.75
      vertex -44.5 3.5 0.75
      vertex -44.5 15.25 0.75
    endloop
  endfacet
  facet normal 0 1 0
    outer loop
      vertex -47.25 15.25 -0.75
      vertex -47.25 15.25 0.75
      vertex -44.5 15.25 -0.75
    endloop
  endfacet
  facet normal 0 1 0
    outer loop
      vertex -47.25 15.25 0.75
      vertex -44.5 15.25 0.75
      vertex -44.5 15.25 -0.75
    endloop
  endfacet
  facet normal 0 -1 0
    outer loop
      vertex -47.25 -12.25 14.116666666666664
      vertex -43.75 -12.25 15.616666666666664
      vertex -47.25 -12.25 15.616666666666664
    endloop
  endfacet
  facet normal 0 -1 0
    outer loop
      vertex -47.25 -12.25 14.116666666666664
      vertex -43.75 -12.25 14.116666666666664
      vertex -43.75 -12.25 15.616666666666664
    endloop
  endfacet
  facet normal 0 0 -1
    outer loop
      vertex -47.25 -12.25 14.116666666666664
      vertex -44.5 1.5 14.116666666666664
      vertex -43.75 -12.25 14.116666666666664
    endloop
  endfacet
  facet normal 0 0 1
    outer loop
      vertex -47.25 -12.25 15.616666666666664
      vertex -43.75 -12.25 15.616666666666664
      vertex -47.25 15.25 15.616666666666664
    endloop
  endfacet
  facet normal 1 0 0
    outer loop
      vertex -43.75 -12.25 14.116666666666664
      vertex -43.75 1.5 15.616666666666664
      vertex -43.75 -12.25 15.616666666666664
    endloop
  endfacet
  facet normal 0 0 -1
    outer loop
      vertex -43.75 -12.25 14.116666666666664
      vertex -44.5 1.5 14.116666666666664
      vertex -43.75 1.5 14.116666666666664
    endloop
  endfacet
  facet normal 1 0 0
    outer loop
      vertex -43.75 -12.25 14.116666666666664
      vertex -43.75 1.5 14.116666666666664
      vertex -43.75 1.5 15.616666666666664
    endloop
  endfacet
  facet normal 0 0 1
    outer loop
      vertex -43.75 -12.25 15.616666666666664
      vertex -43.75 1.5 15.616666666666664
      vertex -44.5 1.5 15.616666666666664
    endloop
  endfacet
  facet normal 0 0 -1
    outer loop
      vertex -47.25 -12.25 14.116666666666664
      vertex -47.25 15.25 14.116666666666664
      vertex -44.5 1.5 14.116666666666664
    endloop
  endfacet
  facet normal 0 0 1
    outer loop
      vertex -43.75 -12.25 15.616666666666664
      vertex -44.5 1.5 15.616666666666664
      vertex -47.25 15.25 15.616666666666664
    endloop
  endfacet
  facet normal 0 0 -1
    outer loop
      vertex -44.5 1.5 14.116666666666664
      vertex -47.25 15.25 14.116666666666664
      vertex -44.5 15.25 14.116666666666664
    endloop
  endfacet
  facet normal 0 0 1
    outer loop
      vertex -44.5 1.5 15.616666666666664
      vertex -44.5 15.25 15.616666666666664
      vertex -47.25 15.25 15.616666666666664
    endloop
  endfacet
  facet normal 0 1 0
    outer loop
      vertex -47.25 15.25 14.116666666666664
      vertex -47.25 15.25 15.616666666666664
      vertex -44.5 15.25 14.116666666666664
    endloop
  endfacet
  facet normal 0 1 0
    outer loop
      vertex -47.25 15.25 15.616666666666664
      vertex -44.5 15.25 15.616666666666664
      vertex -44.5 15.25 14.116666666666664
    endloop
  endfacet
  facet normal 0 -1 0
    outer loop
      vertex 43.75 -12.25 -15.616666666666667
      vertex 47.25 -12.25 -14.116666666666667
      vertex 43.75 -12.25 -14.116666666666667
    endloop
  endfacet
  facet normal 0 -1 0
    outer loop
      vertex 43.75 -12.25 -15.616666666666667
      vertex 47.25 -12.25 -15.616666666666667
      vertex 47.25 -12.25 -14.116666666666667
    endloop
  endfacet
  facet normal -1 0 0
    outer loop
      vertex 43.75 -12.25 -15.616666666666667
      vertex 43.75 -12.25 -14.116666666666667
      vertex 43.75 1.5 -15.616666666666667
    endloop
  endfacet
  facet normal 0 0 1
    outer loop
      vertex 43.75 -12.25 -14.116666666666667
      vertex 47.25 -12.25 -14.116666666666667
      vertex 44.5 1.5 -14.116666666666667
    endloop
  endfacet
  facet normal -1 0 0
    outer loop
      vertex 43.75 -12.25 -14.116666666666667
      vertex 43.75 1.5 -14.116666666666667
      vertex 43.75 1.5 -15.616666666666667
    endloop
  endfacet
  facet normal 0 0 -1
    outer loop
      vertex 43.75 -12.25 -15.616666666666667
      vertex 43.75 1.5 -15.616666666666667
      vertex 44.5 1.5 -15.616666666666667
    endloop
  endfacet
  facet normal 0 0 1
    outer loop
      vertex 43.75 -12.25 -14.116666666666667
      vertex 44.5 1.5 -14.116666666666667
      vertex 43.75 1.5 -14.116666666666667
    endloop
  endfacet
  facet normal 0 0 -1
    outer loop
      vertex 43.75 -12.25 -15.616666666666667
      vertex 47.25 15.25 -15.616666666666667
      vertex 47.25 -12.25 -15.616666666666667
    endloop
  endfacet
  facet normal 0 -1 0
    outer loop
      vertex 43.75 -12.25 -0.75
      vertex 47.25 -12.25 0.75
      vertex 43.75 -12.25 0.75
    endloop
  endfacet
  facet normal 0 -1 0
    outer loop
      vertex 43.75 -12.25 -0.75
      vertex 47.25 -12.25 -0.75
      vertex 47.25 -12.25 0.75
    endloop
  endfacet
  facet normal -1 0 0
    outer loop
      vertex 43.75 -12.25 -0.75
      vertex 43.75 -12.25 0.75
      vertex 43.75 1.5 -0.75
    endloop
  endfacet
  facet normal 0 0 1
    outer loop
      vertex 43.75 -12.25 0.75
      vertex 47.25 -12.25 0.75
      vertex 44.5 1.5 0.75
    endloop
  endfacet
  facet normal -1 0 0
    outer loop
      vertex 43.75 -12.25 0.75
      vertex 43.75 0 0
      vertex 43.75 1.5 -0.75
    endloop
  endfacet
  facet normal -1 0 0
    outer loop
      vertex 43.75 -12.25 0.75
      vertex 43.75 0 0.1
      vertex 43.75 0 0
    endloop
  endfacet
  facet normal -1 0 0
    outer loop
      vertex 43.75 -12.25 0.75
      vertex 43.75 0.1 0.1
      vertex 43.75 0 0.1
    endloop
  endfacet
  facet normal -1 0 0
    outer loop
      vertex 43.75 -12.25 0.75
      vertex 43.75 1.5 0.75
      vertex 43.75 0.1 0.1
    endloop
  endfacet
  facet normal 0 0 -1
    outer loop
      vertex 43.75 -12.25 -0.75
      vertex 43.75 1.5 -0.75
      vertex 44.5 1.5 -0.75
    endloop
  endfacet
  facet normal 0 0 -1
    outer loop
      vertex 43.75 -12.25 -0.75
      vertex 44.5 1.5 -0.75
      vertex 47.25 2 -0.75
    endloop
  endfacet
  facet normal 0 0 1
    outer loop
      vertex 43.75 -12.25 0.75
      vertex 44.5 1.5 0.75
      vertex 43.75 1.5 0.75
    endloop
  endfacet
  facet normal 0 0 1
    outer loop
      vertex 47.25 -12.25 0.75
      vertex 44.5 2 0.75
      vertex 44.5 1.5 0.75
    endloop
  endfacet
  facet normal 0 0 -1
    outer loop
      vertex 43.75 -12.25 -0.75
      vertex 47.25 2 -0.75
      vertex 47.25 -12.25 -0.75
    endloop
  endfacet
  facet normal 0 0 1
    outer loop
      vertex 47.25 -12.25 0.75
      vertex 47.25 2 0.75
      vertex 44.5 2 0.75
    endloop
  endfacet
  facet normal 0 0 -1
    outer loop
      vertex 43.75 -12.25 -15.616666666666667
      vertex 44.5 1.5 -15.616666666666667
      vertex 47.25 15.25 -15.616666666666667
    endloop
  endfacet
  facet normal 0 0 1
    outer loop
      vertex 47.25 -12.25 -14.116666666666667
      vertex 47.25 15.25 -14.116666666666667
      vertex 44.5 1.5 -14.116666666666667
    endloop
  endfacet
  facet normal 0 0 -1
    outer loop
      vertex 44.5 1.5 -15.616666666666667
      vertex 44.5 15.25 -15.616666666666667
      vertex 47.25 15.25 -15.616666666666667
    endloop
  endfacet
  facet normal 0 0 1
    outer loop
      vertex 44.5 1.5 -14.116666666666667
      vertex 47.25 15.25 -14.116666666666667
      vertex 44.5 15.25 -14.116666666666667
    endloop
  endfacet
  facet normal 0 1 0
    outer loop
      vertex 44.5 15.25 -15.616666666666667
      vertex 44.5 15.25 -14.116666666666667
      vertex 47.25 15.25 -15.616666666666667
    endloop
  endfacet
  facet normal 0 1 0
    outer loop
      vertex 44.5 15.25 -14.116666666666667
      vertex 47.25 15.25 -14.116666666666667
      vertex 47.25 15.25 -15.616666666666667
    endloop
  endfacet
  facet normal -1 0 0
    outer loop
      vertex 43.75 0 0
      vertex 43.75 0.1 0
      vertex 43.75 1.5 -0.75
    endloop
  endfacet
  facet normal -1 0 0
    outer loop
      vertex 43.75 0.1 0
      vertex 43.75 0.1 0.1
      vertex 43.75 1.5 0.75
    endloop
  endfacet
  facet normal -1 0 0
    outer loop
      vertex 43.75 0.1 0
      vertex 43.75 1.5 0.75
      vertex 43.75 1.5 -0.75
    endloop
  endfacet
  facet normal 0 0 -1
    outer loop
      vertex 44.5 1.5 -0.75
      vertex 44.5 2 -0.75
      vertex 47.25 2 -0.75
    endloop
  endfacet
  facet normal 0 0 1
    outer loop
      vertex 44.5 15.25 0.75
      vertex 44.5 3.5 0.75
      vertex 47.25 3.5 0.75
    endloop
  endfacet
  facet normal 0 0 -1
    outer loop
      vertex 47.25 15.25 -0.75
      vertex 47.25 3.5 -0.75
      vertex 44.5 3.5 -0.75
    endloop
  endfacet
  facet normal 0 0 -1
    outer loop
      vertex 44.5 15.25 -0.75
      vertex 47.25 15.25 -0.75
      vertex 44.5 3.5 -0.75
    endloop
  endfacet
  facet normal 0 1 0
    outer loop
      vertex 44.5 15.25 -0.75
      vertex 44.5 15.25 0.75
      vertex 47.25 15.25 -0.75
    endloop
  endfacet
  facet normal 0 0 1
    outer loop
      vertex 44.5 15.25 0.75
      vertex 47.25 3.5 0.75
      vertex 47.25 15.25 0.75
    endloop
  endfacet
  facet normal 0 1 0
    outer loop
      vertex 44.5 15.25 0.75
      vertex 47.25 15.25 0.75
      vertex 47.25 15.25 -0.75
    endloop
  endfacet
  facet normal 0 -1 0
    outer loop
      vertex 43.75 -12.25 14.116666666666664
      vertex 47.25 -12.25 15.616666666666664
      vertex 43.75 -12.25 15.616666666666664
    endloop
  endfacet
  facet normal 0 -1 0
    outer loop
      vertex 43.75 -12.25 14.116666666666664
      vertex 47.25 -12.25 14.116666666666664
      vertex 47.25 -12.25 15.616666666666664
    endloop
  endfacet
  facet normal -1 0 0
    outer loop
      vertex 43.75 -12.25 14.116666666666664
      vertex 43.75 -12.25 15.616666666666664
      vertex 43.75 1.5 14.116666666666664
    endloop
  endfacet
  facet normal 0 0 1
    outer loop
      vertex 43.75 -12.25 15.616666666666664
      vertex 47.25 -12.25 15.616666666666664
      vertex 44.5 1.5 15.616666666666664
    endloop
  endfacet
  facet normal -1 0 0
    outer loop
      vertex 43.75 -12.25 15.616666666666664
      vertex 43.75 1.5 15.616666666666664
      vertex 43.75 1.5 14.116666666666664
    endloop
  endfacet
  facet normal 0 0 -1
    outer loop
      vertex 43.75 -12.25 14.116666666666664
      vertex 43.75 1.5 14.116666666666664
      vertex 44.5 1.5 14.116666666666664
    endloop
  endfacet
  facet normal 0 0 1
    outer loop
      vertex 43.75 -12.25 15.616666666666664
      vertex 44.5 1.5 15.616666666666664
      vertex 43.75 1.5 15.616666666666664
    endloop
  endfacet
  facet normal 0 0 -1
    outer loop
      vertex 43.75 -12.25 14.116666666666664
      vertex 47.25 15.25 14.116666666666664
      vertex 47.25 -12.25 14.116666666666664
    endloop
  endfacet
  facet normal 0 0 -1
    outer loop
      vertex 43.75 -12.25 14.116666666666664
      vertex 44.5 1.5 14.116666666666664
      vertex 47.25 15.25 14.116666666666664
    endloop
  endfacet
  facet normal 0 0 1
    outer loop
      vertex 47.25 -12.25 15.616666666666664
      vertex 47.25 15.25 15.616666666666664
      vertex 44.5 1.5 15.616666666666664
    endloop
  endfacet
  facet normal 0 0 -1
    outer loop
      vertex 44.5 1.5 14.116666666666664
      vertex 44.5 15.25 14.116666666666664
      vertex 47.25 15.25 14.116666666666664
    endloop
  endfacet
  facet normal 0 0 1
    outer loop
      vertex 44.5 1.5 15.616666666666664
      vertex 47.25 15.25 15.616666666666664
      vertex 44.5 15.25 15.616666666666664
    endloop
  endfacet
  facet normal 0 1 0
    outer loop
      vertex 44.5 15.25 14.116666666666664
      vertex 44.5 15.25 15.616666666666664
      vertex 47.25 15.25 14.116666666666664
    endloop
  endfacet
  facet normal 0 1 0
    outer loop
      vertex 44.5 15.25 15.616666666666664
      vertex 47.25 15.25 15.616666666666664
      vertex 47.25 15.25 14.116666666666664
    endloop
  endfacet
  facet normal -1 0 0
    outer loop
      vertex -48 -12.25 21.55
      vertex -48 -12.25 22.3
      vertex -48 0 22.3
    endloop
  endfacet
  facet normal -1 0 0
    outer loop
      vertex -48 -12.25 21.55
      vertex -48 0 22.3
      vertex -48 0.1 22.3
    endloop
  endfacet
  facet normal 0 0 1
    outer loop
      vertex -48 -12.25 22.3
      vertex -47.9 0 22.3
      vertex -48 0 22.3
    endloop
  endfacet
  facet normal 0 0 -1
    outer loop
      vertex -47.25 -12.25 21.55
      vertex -39.15 1.5 21.55
      vertex -39.15 -12.25 21.55
    endloop
  endfacet
  facet normal 0 0 1
    outer loop
      vertex -48 -12.25 22.3
      vertex -36 0 22.3
      vertex -47.9 0 22.3
    endloop
  endfacet
  facet normal 0 0 -1
    outer loop
      vertex -47.25 -12.25 21.55
      vertex -44.5 1.5 21.55
      vertex -39.15 1.5 21.55
    endloop
  endfacet
  facet normal 0 0 1
    outer loop
      vertex -48 -12.25 22.3
      vertex -35.9 0 22.3
      vertex -36 0 22.3
    endloop
  endfacet
  facet normal 0 0 -1
    outer loop
      vertex -37.65 -12.25 21.55
      vertex -37.65 1.5 21.55
      vertex -36 0.1 21.55
    endloop
  endfacet
  facet normal 0 0 -1
    outer loop
      vertex -37.65 -12.25 21.55
      vertex -36 0.1 21.55
      vertex -36 0 21.55
    endloop
  endfacet
  facet normal 0 0 -1
    outer loop
      vertex -37.65 -12.25 21.55
      vertex -36 0 21.55
      vertex -35.9 0 21.55
    endloop
  endfacet
  facet normal 0 0 1
    outer loop
      vertex -48 -12.25 22.3
      vertex -24 0 22.3
      vertex -35.9 0 22.3
    endloop
  endfacet
  facet normal 0 0 -1
    outer loop
      vertex -37.65 -12.25 21.55
      vertex -35.9 0 21.55
      vertex -24 0 21.55
    endloop
  endfacet
  facet normal 0 0 -1
    outer loop
      vertex -37.65 -12.25 21.55
      vertex -24 0 21.55
      vertex -23.9 0 21.55
    endloop
  endfacet
  facet normal 0 0 -1
    outer loop
      vertex -37.65 -12.25 21.55
      vertex -23.9 0 21.55
      vertex -19.95 1.5 21.55
    endloop
  endfacet
  facet normal 0 0 -1
    outer loop
      vertex -37.65 -12.25 21.55
      vertex -19.95 1.5 21.55
      vertex -19.95 -12.25 21.55
    endloop
  endfacet
  facet normal 0 -1 0
    outer loop
      vertex -48 -12.25 21.55
      vertex 48 -12.25 22.3
      vertex -48 -12.25 22.3
    endloop
  endfacet
  facet normal 0 -1 0
    outer loop
      vertex -48 -12.25 21.55
      vertex -47.25 -12.25 21.55
      vertex 48 -12.25 22.3
    endloop
  endfacet
  facet normal 0 0 -1
    outer loop
      vertex -18.45 -12.25 21.55
      vertex -18.45 1.5 21.55
      vertex -12 0.1 21.55
    endloop
  endfacet
  facet normal 0 0 -1
    outer loop
      vertex -18.45 -12.25 21.55
      vertex -12 0.1 21.55
      vertex -12 0 21.55
    endloop
  endfacet
  facet normal 0 0 -1
    outer loop
      vertex -18.45 -12.25 21.55
      vertex -12 0 21.55
      vertex -11.9 0 21.55
    endloop
  endfacet
  facet normal -1 0 0
    outer loop
      vertex -48 -12.25 21.55
      vertex -48 0.1 22.3
      vertex -48 15.25 22.3
    endloop
  endfacet
  facet normal 0 0 -1
    outer loop
      vertex -47.25 -12.25 21.55
      vertex -47.25 15.25 21.55
      vertex -44.5 1.5 21.55
    endloop
  endfacet
  facet normal 0 0 1
    outer loop
      vertex -48 0.1 22.3
      vertex -47.9 0.1 22.3
      vertex -48 15.25 22.3
    endloop
  endfacet
  facet normal -1 0 0
    outer loop
      vertex -48 -12.25 21.55
      vertex -48 15.25 22.3
      vertex -48 15.25 21.55
    endloop
  endfacet
  facet normal 0 0 1
    outer loop
      vertex -47.9 0 22.3
      vertex -36 0.1 22.3
      vertex -47.9 0.1 22.3
    endloop
  endfacet
  facet normal 0 0 1
    outer loop
      vertex -47.9 0.1 22.3
      vertex -36 0.1 22.3
      vertex -48 15.25 22.3
    endloop
  endfacet
  facet normal 0 0 -1
    outer loop
      vertex -44.5 1.5 21.55
      vertex -47.25 15.25 21.55
      vertex -44.5 15.25 21.55
    endloop
  endfacet
  facet normal 0 1 0
    outer loop
      vertex -48 15.25 21.55
      vertex -48 15.25 22.3
      vertex -47.25 15.25 21.55
    endloop
  endfacet
  facet normal 0 1 0
    outer loop
      vertex -47.25 15.25 21.55
      vertex -48 15.25 22.3
      vertex -44.5 15.25 21.55
    endloop
  endfacet
  facet normal 0 0 1
    outer loop
      vertex -47.9 0 22.3
      vertex -36 0 22.3
      vertex -36 0.1 22.3
    endloop
  endfacet
  facet normal 0 0 -1
    outer loop
      vertex -36 0.1 21.55
      vertex -37.65 1.5 21.55
      vertex -35.9 0.1 21.55
    endloop
  endfacet
  facet normal 0 0 1
    outer loop
      vertex -36 0.1 22.3
      vertex -35.9 0.1 22.3
      vertex -48 15.25 22.3
    endloop
  endfacet
  facet normal 0 0 1
    outer loop
      vertex -35.9 0.1 22.3
      vertex -24 0.1 22.3
      vertex -48 15.25 22.3
    endloop
  endfacet
  facet normal 0 0 -1
    outer loop
      vertex -35.9 0.1 21.55
      vertex -37.65 1.5 21.55
      vertex -24 0.1 21.55
    endloop
  endfacet
  facet normal 0 0 -1
    outer loop
      vertex -35.9 0 21.55
      vertex -35.9 0.1 21.55
      vertex -24 0 21.55
    endloop
  endfacet
  facet normal 0 0 1
    outer loop
      vertex -35.9 0 22.3
      vertex -24 0.1 22.3
      vertex -35.9 0.1 22.3
    endloop
  endfacet
  facet normal 0 0 1
    outer loop
      vertex -24 0.1 22.3
      vertex -23.9 0.1 22.3
      vertex -48 15.25 22.3
    endloop
  endfacet
  facet normal 0 0 -1
    outer loop
      vertex -37.65 1.5 21.55
      vertex -23.9 0.1 21.55
      vertex -24 0.1 21.55
    endloop
  endfacet
  facet normal 0 0 -1
    outer loop
      vertex -35.9 0.1 21.55
      vertex -24 0.1 21.55
      vertex -24 0 21.55
    endloop
  endfacet
  facet normal 0 0 1
    outer loop
      vertex -35.9 0 22.3
      vertex -24 0 22.3
      vertex -24 0.1 22.3
    endloop
  endfacet
  facet normal 0 0 -1
    outer loop
      vertex -37.65 1.5 21.55
      vertex -19.95 1.5 21.55
      vertex -23.9 0.1 21.55
    endloop
  endfacet
  facet normal 0 0 1
    outer loop
      vertex -23.9 0.1 22.3
      vertex -12 0.1 22.3
      vertex -48 15.25 22.3
    endloop
  endfacet
  facet normal 0 0 -1
    outer loop
      vertex -23.9 0 21.55
      vertex -23.9 0.1 21.55
      vertex -19.95 1.5 21.55
    endloop
  endfacet
  facet normal 0 0 1
    outer loop
      vertex -48 15.25 22.3
      vertex -12 0.1 22.3
      vertex -11.9 0.1 22.3
    endloop
  endfacet
  facet normal 0 0 1
    outer loop
      vertex -23.9 0 22.3
      vertex -12 0.1 22.3
      vertex -23.9 0.1 22.3
    endloop
  endfacet
  facet normal 0 0 1
    outer loop
      vertex -48 15.25 22.3
      vertex -11.9 0.1 22.3
      vertex 0 0.1 22.3
    endloop
  endfacet
  facet normal 0 0 1
    outer loop
      vertex -23.9 0 22.3
      vertex -12 0 22.3
      vertex -12 0.1 22.3
    endloop
  endfacet
  facet normal 0 0 1
    outer loop
      vertex -48 15.25 22.3
      vertex 0 0.1 22.3
      vertex 0.1 0.1 22.3
    endloop
  endfacet
  facet normal 0 1 0
    outer loop
      vertex -48 15.25 22.3
      vertex 44.5 15.25 21.55
      vertex -44.5 15.25 21.55
    endloop
  endfacet
  facet normal 0 -1 0
    outer loop
      vertex -47.25 -12.25 21.55
      vertex -39.15 -12.25 21.55
      vertex 48 -12.25 22.3
    endloop
  endfacet
  facet normal 0 -1 0
    outer loop
      vertex -39.15 -12.25 21.55
      vertex -37.65 -12.25 21.55
      vertex 48 -12.25 22.3
    endloop
  endfacet
  facet normal 0 0 -1
    outer loop
      vertex -18.45 -12.25 21.55
      vertex -11.9 0 21.55
      vertex -0.75 1.5 21.55
    endloop
  endfacet
  facet normal 0 0 1
    outer loop
      vertex -48 -12.25 22.3
      vertex 48 -12.25 22.3
      vertex -24 0 22.3
    endloop
  endfacet
  facet normal 0 0 -1
    outer loop
      vertex -18.45 -12.25 21.55
      vertex -0.75 1.5 21.55
      vertex -0.75 -12.25 21.55
    endloop
  endfacet
  facet normal 0 -1 0
    outer loop
      vertex -37.65 -12.25 21.55
      vertex -19.95 -12.25 21.55
      vertex 48 -12.25 22.3
    endloop
  endfacet
  facet normal 0 -1 0
    outer loop
      vertex -19.95 -12.25 21.55
      vertex -18.45 -12.25 21.55
      vertex 48 -12.25 22.3
    endloop
  endfacet
  facet normal 0 0 1
    outer loop
      vertex -24 0 22.3
      vertex 48 -12.25 22.3
      vertex -23.9 0 22.3
    endloop
  endfacet
  facet normal 0 0 1
    outer loop
      vertex -23.9 0 22.3
      vertex 48 -12.25 22.3
      vertex -12 0 22.3
    endloop
  endfacet
  facet normal 0 0 -1
    outer loop
      vertex 0.75 -12.25 21.55
      vertex 0.75 1.5 21.55
      vertex 12 0.1 21.55
    endloop
  endfacet
  facet normal 0 -1 0
    outer loop
      vertex -18.45 -12.25 21.55
      vertex -0.75 -12.25 21.55
      vertex 48 -12.25 22.3
    endloop
  endfacet
  facet normal 0 0 -1
    outer loop
      vertex 0.75 -12.25 21.55
      vertex 12 0.1 21.55
      vertex 12 0 21.55
    endloop
  endfacet
  facet normal 0 0 -1
    outer loop
      vertex 0.75 -12.25 21.55
      vertex 12 0 21.55
      vertex 12.1 0 21.55
    endloop
  endfacet
  facet normal 0 0 1
    outer loop
      vertex -11.9 0 22.3
      vertex -12 0 22.3
      vertex 48 -12.25 22.3
    endloop
  endfacet
  facet normal 0 0 -1
    outer loop
      vertex 0.75 -12.25 21.55
      vertex 18.450000000000003 1.5 21.55
      vertex 18.450000000000003 -12.25 21.55
    endloop
  endfacet
  facet normal 0 0 -1
    outer loop
      vertex 0.75 -12.25 21.55
      vertex 12.1 0 21.55
      vertex 18.450000000000003 1.5 21.55
    endloop
  endfacet
  facet normal 0 0 1
    outer loop
      vertex -11.9 0 22.3
      vertex 48 -12.25 22.3
      vertex 0 0 22.3
    endloop
  endfacet
  facet normal 0 -1 0
    outer loop
      vertex -0.75 -12.25 21.55
      vertex 0.75 -12.25 21.55
      vertex 48 -12.25 22.3
    endloop
  endfacet
  facet normal 0 -1 0
    outer loop
      vertex 0.75 -12.25 21.55
      vertex 18.450000000000003 -12.25 21.55
      vertex 48 -12.25 22.3
    endloop
  endfacet
  facet normal 0 0 1
    outer loop
      vertex 0.1 0 22.3
      vertex 48 -12.25 22.3
      vertex 0.1 0.1 22.3
    endloop
  endfacet
  facet normal 0 0 1
    outer loop
      vertex 0 0 22.3
      vertex 48 -12.25 22.3
      vertex 0.1 0 22.3
    endloop
  endfacet
  facet normal 0 0 -1
    outer loop
      vertex 19.950000000000003 -12.25 21.55
      vertex 19.950000000000003 1.5 21.55
      vertex 24 0.1 21.55
    endloop
  endfacet
  facet normal 0 0 -1
    outer loop
      vertex 19.950000000000003 -12.25 21.55
      vertex 24 0.1 21.55
      vertex 24 0 21.55
    endloop
  endfacet
  facet normal 0 0 -1
    outer loop
      vertex 19.950000000000003 -12.25 21.55
      vertex 24 0 21.55
      vertex 24.1 0 21.55
    endloop
  endfacet
  facet normal 0 0 -1
    outer loop
      vertex -18.45 1.5 21.55
      vertex -0.75 1.5 21.55
      vertex -12 0.1 21.55
    endloop
  endfacet
  facet normal 0 0 -1
    outer loop
      vertex -12 0.1 21.55
      vertex -0.75 1.5 21.55
      vertex -11.9 0.1 21.55
    endloop
  endfacet
  facet normal 0 0 -1
    outer loop
      vertex -11.9 0 21.55
      vertex -11.9 0.1 21.55
      vertex -0.75 1.5 21.55
    endloop
  endfacet
  facet normal 0 0 1
    outer loop
      vertex -11.9 0 22.3
      vertex 0 0.1 22.3
      vertex -11.9 0.1 22.3
    endloop
  endfacet
  facet normal 0 0 1
    outer loop
      vertex -11.9 0 22.3
      vertex 0 0 22.3
      vertex 0 0.1 22.3
    endloop
  endfacet
  facet normal 0 0 1
    outer loop
      vertex -48 15.25 22.3
      vertex 12 0 22.3
      vertex 12 0.1 22.3
    endloop
  endfacet
  facet normal 0 0 1
    outer loop
      vertex -48 15.25 22.3
      vertex 12 0.1 22.3
      vertex 12.1 0.1 22.3
    endloop
  endfacet
  facet normal 0 0 1
    outer loop
      vertex -48 15.25 22.3
      vertex 12.1 0.1 22.3
      vertex 24 0.1 22.3
    endloop
  endfacet
  facet normal 0 0 1
    outer loop
      vertex -48 15.25 22.3
      vertex 0.1 0.1 22.3
      vertex 48 -12.25 22.3
    endloop
  endfacet
  facet normal 0 0 1
    outer loop
      vertex -48 15.25 22.3
      vertex 24 0.1 22.3
      vertex 24.1 0.1 22.3
    endloop
  endfacet
  facet normal 0 0 1
    outer loop
      vertex -48 15.25 22.3
      vertex 48 -12.25 22.3
      vertex 12 0 22.3
    endloop
  endfacet
  facet normal 0 0 -1
    outer loop
      vertex 0.75 1.5 21.55
      vertex 18.450000000000003 1.5 21.55
      vertex 12 0.1 21.55
    endloop
  endfacet
  facet normal 0 0 -1
    outer loop
      vertex 12 0.1 21.55
      vertex 18.450000000000003 1.5 21.55
      vertex 12.1 0.1 21.55
    endloop
  endfacet
  facet normal 0 0 -1
    outer loop
      vertex 12.1 0 21.55
      vertex 12.1 0.1 21.55
      vertex 18.450000000000003 1.5 21.55
    endloop
  endfacet
  facet normal 0 0 1
    outer loop
      vertex -48 15.25 22.3
      vertex 24.1 0.1 22.3
      vertex 48 15.25 22.3
    endloop
  endfacet
  facet normal 0 0 1
    outer loop
      vertex 12.1 0 22.3
      vertex 24 0.1 22.3
      vertex 12.1 0.1 22.3
    endloop
  endfacet
  facet normal 0 0 1
    outer loop
      vertex 12.1 0 22.3
      vertex 24 0 22.3
      vertex 24 0.1 22.3
    endloop
  endfacet
  facet normal 0 1 0
    outer loop
      vertex -48 15.25 22.3
      vertex 47.25 15.25 21.55
      vertex 44.5 15.25 21.55
    endloop
  endfacet
  facet normal 0 1 0
    outer loop
      vertex -48 15.25 22.3
      vertex 48 15.25 21.55
      vertex 47.25 15.25 21.55
    endloop
  endfacet
  facet normal 0 1 0
    outer loop
      vertex -48 15.25 22.3
      vertex 48 15.25 22.3
      vertex 48 15.25 21.55
    endloop
  endfacet
  facet normal 0 -1 0
    outer loop
      vertex 18.450000000000003 -12.25 21.55
      vertex 19.950000000000003 -12.25 21.55
      vertex 48 -12.25 22.3
    endloop
  endfacet
  facet normal 0 0 1
    outer loop
      vertex 12 0 22.3
      vertex 48 -12.25 22.3
      vertex 12.1 0 22.3
    endloop
  endfacet
  facet normal 0 0 -1
    outer loop
      vertex 19.950000000000003 -12.25 21.55
      vertex 24.1 0 21.55
      vertex 37.650000000000006 1.5 21.55
    endloop
  endfacet
  facet normal 0 0 -1
    outer loop
      vertex 19.950000000000003 -12.25 21.55
      vertex 36 0 21.55
      vertex 37.650000000000006 -12.25 21.55
    endloop
  endfacet
  facet normal 0 0 1
    outer loop
      vertex 12.1 0 22.3
      vertex 48 -12.25 22.3
      vertex 24 0 22.3
    endloop
  endfacet
  facet normal 0 0 -1
    outer loop
      vertex 19.950000000000003 -12.25 21.55
      vertex 36 0.1 21.55
      vertex 36 0 21.55
    endloop
  endfacet
  facet normal 0 0 -1
    outer loop
      vertex 19.950000000000003 -12.25 21.55
      vertex 37.650000000000006 1.5 21.55
      vertex 36 0.1 21.55
    endloop
  endfacet
  facet normal 0 0 1
    outer loop
      vertex 24 0 22.3
      vertex 48 -12.25 22.3
      vertex 24.1 0 22.3
    endloop
  endfacet
  facet normal 0 -1 0
    outer loop
      vertex 19.950000000000003 -12.25 21.55
      vertex 37.650000000000006 -12.25 21.55
      vertex 48 -12.25 22.3
    endloop
  endfacet
  facet normal 0 0 -1
    outer loop
      vertex 37.650000000000006 -12.25 21.55
      vertex 36 0 21.55
      vertex 36.1 0 21.55
    endloop
  endfacet
  facet normal 0 0 1
    outer loop
      vertex 24.1 0 22.3
      vertex 48 -12.25 22.3
      vertex 36 0 22.3
    endloop
  endfacet
  facet normal 0 0 -1
    outer loop
      vertex 37.650000000000006 -12.25 21.55
      vertex 36.1 0 21.55
      vertex 37.650000000000006 1.5 21.55
    endloop
  endfacet
  facet normal 0 0 1
    outer loop
      vertex 36 0 22.3
      vertex 48 -12.25 22.3
      vertex 36.1 0 22.3
    endloop
  endfacet
  facet normal 0 0 -1
    outer loop
      vertex 39.150000000000006 -12.25 21.55
      vertex 39.150000000000006 1.5 21.55
      vertex 44.5 1.5 21.55
    endloop
  endfacet
  facet normal 0 -1 0
    outer loop
      vertex 37.650000000000006 -12.25 21.55
      vertex 39.150000000000006 -12.25 21.55
      vertex 48 -12.25 22.3
    endloop
  endfacet
  facet normal 0 -1 0
    outer loop
      vertex 39.150000000000006 -12.25 21.55
      vertex 47.25 -12.25 21.55
      vertex 48 -12.25 22.3
    endloop
  endfacet
  facet normal 0 -1 0
    outer loop
      vertex 47.25 -12.25 21.55
      vertex 48 -12.25 21.55
      vertex 48 -12.25 22.3
    endloop
  endfacet
  facet normal 0 0 -1
    outer loop
      vertex 39.150000000000006 -12.25 21.55
      vertex 44.5 1.5 21.55
      vertex 47.25 -12.25 21.55
    endloop
  endfacet
  facet normal 0 0 1
    outer loop
      vertex 36.1 0 22.3
      vertex 48 -12.25 22.3
      vertex 48 0 22.3
    endloop
  endfacet
  facet normal 1 0 0
    outer loop
      vertex 48 -12.25 21.55
      vertex 48 0 22.3
      vertex 48 -12.25 22.3
    endloop
  endfacet
  facet normal 1 0 0
    outer loop
      vertex 48 -12.25 21.55
      vertex 48 0 21.55
      vertex 48 0 22.3
    endloop
  endfacet
  facet normal 0 0 -1
    outer loop
      vertex 19.950000000000003 1.5 21.55
      vertex 37.650000000000006 1.5 21.55
      vertex 24 0.1 21.55
    endloop
  endfacet
  facet normal 0 0 -1
    outer loop
      vertex 24 0.1 21.55
      vertex 37.650000000000006 1.5 21.55
      vertex 24.1 0.1 21.55
    endloop
  endfacet
  facet normal 0 0 -1
    outer loop
      vertex 24.1 0 21.55
      vertex 24.1 0.1 21.55
      vertex 37.650000000000006 1.5 21.55
    endloop
  endfacet
  facet normal 0 0 1
    outer loop
      vertex 24.1 0 22.3
      vertex 36 0.1 22.3
      vertex 24.1 0.1 22.3
    endloop
  endfacet
  facet normal 0 0 1
    outer loop
      vertex 24.1 0 22.3
      vertex 36 0 22.3
      vertex 36 0.1 22.3
    endloop
  endfacet
  facet normal 0 0 -1
    outer loop
      vertex 36.1 0 21.55
      vertex 36.1 0.1 21.55
      vertex 37.650000000000006 1.5 21.55
    endloop
  endfacet
  facet normal 0 0 -1
    outer loop
      vertex 36 0.1 21.55
      vertex 37.650000000000006 1.5 21.55
      vertex 36.1 0.1 21.55
    endloop
  endfacet
  facet normal 0 0 1
    outer loop
      vertex 24.1 0.1 22.3
      vertex 36 0.1 22.3
      vertex 48 15.25 22.3
    endloop
  endfacet
  facet normal 0 0 1
    outer loop
      vertex 36.1 0 22.3
      vertex 48 0.1 22.3
      vertex 36.1 0.1 22.3
    endloop
  endfacet
  facet normal 0 0 1
    outer loop
      vertex 36 0.1 22.3
      vertex 36.1 0.1 22.3
      vertex 48 15.25 22.3
    endloop
  endfacet
  facet normal 0 0 1
    outer loop
      vertex 36.1 0 22.3
      vertex 48 0 22.3
      vertex 48 0.1 22.3
    endloop
  endfacet
  facet normal 0 0 -1
    outer loop
      vertex 47.25 -12.25 21.55
      vertex 44.5 1.5 21.55
      vertex 44.5 15.25 21.55
    endloop
  endfacet
  facet normal 0 0 1
    outer loop
      vertex 36.1 0.1 22.3
      vertex 48 0.1 22.3
      vertex 48 15.25 22.3
    endloop
  endfacet
  facet normal 1 0 0
    outer loop
      vertex 48 0.1 21.55
      vertex 48 15.25 22.3
      vertex 48 0.1 22.3
    endloop
  endfacet
  facet normal 0 0 -1
    outer loop
      vertex 47.25 -12.25 21.55
      vertex 44.5 15.25 21.55
      vertex 47.25 15.25 21.55
    endloop
  endfacet
  facet normal 1 0 0
    outer loop
      vertex 48 0.1 21.55
      vertex 48 15.25 21.55
      vertex 48 15.25 22.3
    endloop
  endfacet
  facet normal 0 -1 0
    outer loop
      vertex -48 -12.25 -22.3
      vertex -47.25 -12.25 -21.55
      vertex -48 -12.25 -21.55
    endloop
  endfacet
  facet normal 0 -1 0
    outer loop
      vertex -48 -12.25 -22.3
      vertex -39.15 -12.25 -21.55
      vertex -47.25 -12.25 -21.55
    endloop
  endfacet
  facet normal 0 -1 0
    outer loop
      vertex -48 -12.25 -22.3
      vertex -37.65 -12.25 -21.55
      vertex -39.15 -12.25 -21.55
    endloop
  endfacet
  facet normal -1 0 0
    outer loop
      vertex -48 -12.25 -22.3
      vertex -48 -12.25 -21.55
      vertex -48 15.25 -21.55
    endloop
  endfacet
  facet normal 0 0 1
    outer loop
      vertex -47.25 -12.25 -21.55
      vertex -44.5 1.5 -21.55
      vertex -47.25 2 -21.55
    endloop
  endfacet
  facet normal 0 0 1
    outer loop
      vertex -47.25 -12.25 -21.55
      vertex -39.15 -12.25 -21.55
      vertex -44.5 1.5 -21.55
    endloop
  endfacet
  facet normal 0 0 1
    outer loop
      vertex -39.15 -12.25 -21.55
      vertex -39.15 1.5 -21.55
      vertex -44.5 1.5 -21.55
    endloop
  endfacet
  facet normal 0 -1 0
    outer loop
      vertex -48 -12.25 -22.3
      vertex -19.95 -12.25 -21.55
      vertex -37.65 -12.25 -21.55
    endloop
  endfacet
  facet normal 0 0 1
    outer loop
      vertex -37.65 -12.25 -21.55
      vertex -19.95 -12.25 -21.55
      vertex -37.65 1.5 -21.55
    endloop
  endfacet
  facet normal 0 -1 0
    outer loop
      vertex -48 -12.25 -22.3
      vertex -18.45 -12.25 -21.55
      vertex -19.95 -12.25 -21.55
    endloop
  endfacet
  facet normal 0 -1 0
    outer loop
      vertex -48 -12.25 -22.3
      vertex -0.75 -12.25 -21.55
      vertex -18.45 -12.25 -21.55
    endloop
  endfacet
  facet normal 0 0 1
    outer loop
      vertex -37.65 1.5 -21.55
      vertex -19.95 -12.25 -21.55
      vertex -19.95 1.5 -21.55
    endloop
  endfacet
  facet normal 0 -1 0
    outer loop
      vertex -48 -12.25 -22.3
      vertex 0.75 -12.25 -21.55
      vertex -0.75 -12.25 -21.55
    endloop
  endfacet
  facet normal 0 0 1
    outer loop
      vertex -44.5 1.5 -21.55
      vertex -44.5 2 -21.55
      vertex -47.25 2 -21.55
    endloop
  endfacet
  facet normal -1 0 0
    outer loop
      vertex -48 -12.25 -22.3
      vertex -48 15.25 -21.55
      vertex -48 15.25 -22.3
    endloop
  endfacet
  facet normal 0 0 1
    outer loop
      vertex -47.25 15.25 -21.55
      vertex -47.25 3.5 -21.55
      vertex -44.5 3.5 -21.55
    endloop
  endfacet
  facet normal 0 0 1
    outer loop
      vertex -47.25 15.25 -21.55
      vertex -44.5 3.5 -21.55
      vertex -44.5 15.25 -21.55
    endloop
  endfacet
  facet normal 0 0 -1
    outer loop
      vertex -48 -12.25 -22.3
      vertex -48 15.25 -22.3
      vertex 48 15.25 -22.3
    endloop
  endfacet
  facet normal 0 1 0
    outer loop
      vertex -48 15.25 -22.3
      vertex -48 15.25 -21.55
      vertex 48 15.25 -22.3
    endloop
  endfacet
  facet normal 0 1 0
    outer loop
      vertex -48 15.25 -21.55
      vertex -47.25 15.25 -21.55
      vertex 48 15.25 -22.3
    endloop
  endfacet
  facet normal 0 1 0
    outer loop
      vertex -47.25 15.25 -21.55
      vertex -44.5 15.25 -21.55
      vertex 48 15.25 -22.3
    endloop
  endfacet
  facet normal 0 -1 0
    outer loop
      vertex -48 -12.25 -22.3
      vertex 18.450000000000003 -12.25 -21.55
      vertex 0.75 -12.25 -21.55
    endloop
  endfacet
  facet normal 0 0 1
    outer loop
      vertex -18.45 -12.25 -21.55
      vertex -0.75 -12.25 -21.55
      vertex -18.45 1.5 -21.55
    endloop
  endfacet
  facet normal 0 0 1
    outer loop
      vertex -18.45 1.5 -21.55
      vertex -0.75 -12.25 -21.55
      vertex -0.75 1.5 -21.55
    endloop
  endfacet
  facet normal 0 -1 0
    outer loop
      vertex -48 -12.25 -22.3
      vertex 19.950000000000003 -12.25 -21.55
      vertex 18.450000000000003 -12.25 -21.55
    endloop
  endfacet
  facet normal 0 -1 0
    outer loop
      vertex -48 -12.25 -22.3
      vertex 37.650000000000006 -12.25 -21.55
      vertex 19.950000000000003 -12.25 -21.55
    endloop
  endfacet
  facet normal 0 -1 0
    outer loop
      vertex -48 -12.25 -22.3
      vertex 39.150000000000006 -12.25 -21.55
      vertex 37.650000000000006 -12.25 -21.55
    endloop
  endfacet
  facet normal 0 -1 0
    outer loop
      vertex -48 -12.25 -22.3
      vertex 47.25 -12.25 -21.55
      vertex 39.150000000000006 -12.25 -21.55
    endloop
  endfacet
  facet normal 0 0 1
    outer loop
      vertex 0.75 -12.25 -21.55
      vertex 18.450000000000003 -12.25 -21.55
      vertex 0.75 1.5 -21.55
    endloop
  endfacet
  facet normal 0 0 1
    outer loop
      vertex 0.75 1.5 -21.55
      vertex 18.450000000000003 -12.25 -21.55
      vertex 18.450000000000003 1.5 -21.55
    endloop
  endfacet
  facet normal 0 -1 0
    outer loop
      vertex -48 -12.25 -22.3
      vertex 48 -12.25 -21.55
      vertex 47.25 -12.25 -21.55
    endloop
  endfacet
  facet normal 0 -1 0
    outer loop
      vertex -48 -12.25 -22.3
      vertex 48 -12.25 -22.3
      vertex 48 -12.25 -21.55
    endloop
  endfacet
  facet normal 0 0 -1
    outer loop
      vertex -48 -12.25 -22.3
      vertex 48 15.25 -22.3
      vertex 48 -12.25 -22.3
    endloop
  endfacet
  facet normal 0 1 0
    outer loop
      vertex -44.5 15.25 -21.55
      vertex 44.5 15.25 -21.55
      vertex 48 15.25 -22.3
    endloop
  endfacet
  facet normal 0 0 1
    outer loop
      vertex 19.950000000000003 -12.25 -21.55
      vertex 37.650000000000006 -12.25 -21.55
      vertex 19.950000000000003 1.5 -21.55
    endloop
  endfacet
  facet normal 0 0 1
    outer loop
      vertex 19.950000000000003 1.5 -21.55
      vertex 37.650000000000006 -12.25 -21.55
      vertex 37.650000000000006 1.5 -21.55
    endloop
  endfacet
  facet normal 0 0 1
    outer loop
      vertex 39.150000000000006 -12.25 -21.55
      vertex 47.25 -12.25 -21.55
      vertex 39.150000000000006 1.5 -21.55
    endloop
  endfacet
  facet normal 0 0 1
    outer loop
      vertex 39.150000000000006 1.5 -21.55
      vertex 47.25 -12.25 -21.55
      vertex 44.5 1.5 -21.55
    endloop
  endfacet
  facet normal 0 0 1
    outer loop
      vertex 47.25 -12.25 -21.55
      vertex 44.5 2 -21.55
      vertex 44.5 1.5 -21.55
    endloop
  endfacet
  facet normal 1 0 0
    outer loop
      vertex 48 -12.25 -22.3
      vertex 48 15.25 -22.3
      vertex 48 -12.25 -21.55
    endloop
  endfacet
  facet normal 0 0 1
    outer loop
      vertex 47.25 -12.25 -21.55
      vertex 47.25 2 -21.55
      vertex 44.5 2 -21.55
    endloop
  endfacet
  facet normal 0 0 1
    outer loop
      vertex 44.5 15.25 -21.55
      vertex 44.5 3.5 -21.55
      vertex 47.25 3.5 -21.55
    endloop
  endfacet
  facet normal 1 0 0
    outer loop
      vertex 48 -12.25 -21.55
      vertex 48 15.25 -22.3
      vertex 48 15.25 -21.55
    endloop
  endfacet
  facet normal 0 0 1
    outer loop
      vertex 44.5 15.25 -21.55
      vertex 47.25 3.5 -21.55
      vertex 47.25 15.25 -21.55
    endloop
  endfacet
  facet normal 0 1 0
    outer loop
      vertex 44.5 15.25 -21.55
      vertex 47.25 15.25 -21.55
      vertex 48 15.25 -22.3
    endloop
  endfacet
  facet normal 0 1 0
    outer loop
      vertex 48 15.25 -22.3
      vertex 47.25 15.25 -21.55
      vertex 48 15.25 -21.55
    endloop
  endfacet
  facet normal -1 0 0
    outer loop
      vertex 47.25 -12.25 -21.55
      vertex 47.25 -12.25 -15.616666666666667
      vertex 47.25 2 -21.55
    endloop
  endfacet
  facet normal -1 0 0
    outer loop
      vertex 47.25 -12.25 -15.616666666666667
      vertex 47.25 2 -16.8
      vertex 47.25 2 -21.55
    endloop
  endfacet
  facet normal 1 0 0
    outer loop
      vertex 48 -12.25 -21.55
      vertex 48 1.5 -12.9
      vertex 48 0 -12.9
    endloop
  endfacet
  facet normal -1 0 0
    outer loop
      vertex 47.25 -12.25 -15.616666666666667
      vertex 47.25 3.5 -16.8
      vertex 47.25 2 -16.8
    endloop
  endfacet
  facet normal 0 -1 0
    outer loop
      vertex 47.25 -12.25 -21.55
      vertex 48 -12.25 -21.55
      vertex 48 -12.25 21.55
    endloop
  endfacet
  facet normal 0 -1 0
    outer loop
      vertex 47.25 -12.25 -21.55
      vertex 48 -12.25 21.55
      vertex 47.25 -12.25 -15.616666666666667
    endloop
  endfacet
  facet normal 0 -1 0
    outer loop
      vertex 47.25 -12.25 -15.616666666666667
      vertex 48 -12.25 21.55
      vertex 47.25 -12.25 -14.116666666666667
    endloop
  endfacet
  facet normal -1 0 0
    outer loop
      vertex 47.25 -12.25 -14.116666666666667
      vertex 47.25 -12.25 -0.75
      vertex 47.25 0 -9.4
    endloop
  endfacet
  facet normal -1 0 0
    outer loop
      vertex 47.25 -12.25 -14.116666666666667
      vertex 47.25 0 -9.4
      vertex 47.25 0 -12.9
    endloop
  endfacet
  facet normal 1 0 0
    outer loop
      vertex 48 -12.25 -21.55
      vertex 48 0 -12.9
      vertex 48 -12.25 21.55
    endloop
  endfacet
  facet normal -1 0 0
    outer loop
      vertex 47.25 -12.25 -0.75
      vertex 47.25 2 -2.75
      vertex 47.25 0 -9.4
    endloop
  endfacet
  facet normal 0 -1 0
    outer loop
      vertex 47.25 -12.25 -14.116666666666667
      vertex 48 -12.25 21.55
      vertex 47.25 -12.25 -0.75
    endloop
  endfacet
  facet normal 0 -1 0
    outer loop
      vertex 47.25 -12.25 -0.75
      vertex 48 -12.25 21.55
      vertex 47.25 -12.25 0.75
    endloop
  endfacet
  facet normal 1 0 0
    outer loop
      vertex 48 0 -12.9
      vertex 48 0 -12
      vertex 48 -12.25 21.55
    endloop
  endfacet
  facet normal 1 0 0
    outer loop
      vertex 48 0 -12
      vertex 48 0 -11.9
      vertex 48 -12.25 21.55
    endloop
  endfacet
  facet normal -1 0 0
    outer loop
      vertex 47.25 -12.25 -0.75
      vertex 47.25 2 -0.75
      vertex 47.25 2 -2.75
    endloop
  endfacet
  facet normal 1 0 0
    outer loop
      vertex 48 0 -11.9
      vertex 48 0 -9.4
      vertex 48 -12.25 21.55
    endloop
  endfacet
  facet normal 1 0 0
    outer loop
      vertex 48 0 -9.4
      vertex 48 1.5 -9.4
      vertex 48 -12.25 21.55
    endloop
  endfacet
  facet normal 1 0 0
    outer loop
      vertex 48 1.5 -9.4
      vertex 48 0 0
      vertex 48 -12.25 21.55
    endloop
  endfacet
  facet normal -1 0 0
    outer loop
      vertex 47.25 -12.25 0.75
      vertex 47.25 0 9.4
      vertex 47.25 2 0.75
    endloop
  endfacet
  facet normal -1 0 0
    outer loop
      vertex 47.25 -12.25 0.75
      vertex 47.25 -12.25 14.116666666666664
      vertex 47.25 0 12.9
    endloop
  endfacet
  facet normal -1 0 0
    outer loop
      vertex 47.25 -12.25 0.75
      vertex 47.25 0 12.9
      vertex 47.25 0 9.4
    endloop
  endfacet
  facet normal 1 0 0
    outer loop
      vertex 48 -12.25 -21.55
      vertex 48 15.25 -21.55
      vertex 48 1.5 -12.9
    endloop
  endfacet
  facet normal -1 0 0
    outer loop
      vertex 47.25 -12.25 -15.616666666666667
      vertex 47.25 15.25 -15.616666666666667
      vertex 47.25 3.5 -16.8
    endloop
  endfacet
  facet normal -1 0 0
    outer loop
      vertex 47.25 15.25 -21.55
      vertex 47.25 3.5 -21.55
      vertex 47.25 3.5 -16.8
    endloop
  endfacet
  facet normal 1 0 0
    outer loop
      vertex 48 1.5 -12.9
      vertex 48 15.25 -21.55
      vertex 48 1.5 -9.4
    endloop
  endfacet
  facet normal -1 0 0
    outer loop
      vertex 47.25 15.25 -21.55
      vertex 47.25 3.5 -16.8
      vertex 47.25 15.25 -15.616666666666667
    endloop
  endfacet
  facet normal 0 1 0
    outer loop
      vertex 47.25 15.25 -21.55
      vertex 47.25 15.25 -15.616666666666667
      vertex 48 15.25 -21.55
    endloop
  endfacet
  facet normal 0 1 0
    outer loop
      vertex 48 15.25 -21.55
      vertex 47.25 15.25 -15.616666666666667
      vertex 47.25 15.25 -14.116666666666667
    endloop
  endfacet
  facet normal -1 0 0
    outer loop
      vertex 47.25 -12.25 -14.116666666666667
      vertex 47.25 0 -12.9
      vertex 47.25 15.25 -14.116666666666667
    endloop
  endfacet
  facet normal -1 0 0
    outer loop
      vertex 47.25 0 -12.9
      vertex 47.25 1.5 -12.9
      vertex 47.25 15.25 -14.116666666666667
    endloop
  endfacet
  facet normal -1 0 0
    outer loop
      vertex 47.25 1.5 -12.9
      vertex 47.25 1.5 -9.4
      vertex 47.25 15.25 -14.116666666666667
    endloop
  endfacet
  facet normal 1 0 0
    outer loop
      vertex 48 1.5 -9.4
      vertex 48 15.25 -21.55
      vertex 48 0.1 0
    endloop
  endfacet
  facet normal -1 0 0
    outer loop
      vertex 47.25 0 -9.4
      vertex 47.25 2 -2.75
      vertex 47.25 3.5 -2.75
    endloop
  endfacet
  facet normal 1 0 0
    outer loop
      vertex 48 1.5 -9.4
      vertex 48 0.1 0
      vertex 48 0 0
    endloop
  endfacet
  facet normal -1 0 0
    outer loop
      vertex 47.25 0 -9.4
      vertex 47.25 15.25 -0.75
      vertex 47.25 1.5 -9.4
    endloop
  endfacet
  facet normal 1 0 0
    outer loop
      vertex 48 0.1 0
      vertex 48 15.25 -21.55
      vertex 48 1.5 9.4
    endloop
  endfacet
  facet normal -1 0 0
    outer loop
      vertex 47.25 0 -9.4
      vertex 47.25 3.5 -2.75
      vertex 47.25 15.25 -0.75
    endloop
  endfacet
  facet normal -1 0 0
    outer loop
      vertex 47.25 1.5 -9.4
      vertex 47.25 15.25 -0.75
      vertex 47.25 15.25 -14.116666666666667
    endloop
  endfacet
  facet normal 0 1 0
    outer loop
      vertex 48 15.25 -21.55
      vertex 47.25 15.25 -14.116666666666667
      vertex 47.25 15.25 -0.75
    endloop
  endfacet
  facet normal 0 1 0
    outer loop
      vertex 48 15.25 -21.55
      vertex 47.25 15.25 -0.75
      vertex 47.25 15.25 0.75
    endloop
  endfacet
  facet normal 0 1 0
    outer loop
      vertex 48 15.25 -21.55
      vertex 47.25 15.25 0.75
      vertex 47.25 15.25 14.116666666666664
    endloop
  endfacet
  facet normal -1 0 0
    outer loop
      vertex 47.25 0 9.4
      vertex 47.25 2 2.75
      vertex 47.25 2 0.75
    endloop
  endfacet
  facet normal -1 0 0
    outer loop
      vertex 47.25 15.25 -0.75
      vertex 47.25 3.5 -2.75
      vertex 47.25 3.5 -0.75
    endloop
  endfacet
  facet normal 1 0 0
    outer loop
      vertex 48 1.5 9.4
      vertex 48 15.25 -21.55
      vertex 48 1.5 12.9
    endloop
  endfacet
  facet normal -1 0 0
    outer loop
      vertex 47.25 15.25 0.75
      vertex 47.25 3.5 0.75
      vertex 47.25 3.5 2.75
    endloop
  endfacet
  facet normal -1 0 0
    outer loop
      vertex 47.25 0 9.4
      vertex 47.25 15.25 0.75
      vertex 47.25 3.5 2.75
    endloop
  endfacet
  facet normal 1 0 0
    outer loop
      vertex 48 0.1 0
      vertex 48 1.5 9.4
      vertex 48 0.1 9.4
    endloop
  endfacet
  facet normal -1 0 0
    outer loop
      vertex 47.25 0 9.4
      vertex 47.25 3.5 2.75
      vertex 47.25 2 2.75
    endloop
  endfacet
  facet normal -1 0 0
    outer loop
      vertex 47.25 0 9.4
      vertex 47.25 1.5 9.4
      vertex 47.25 15.25 0.75
    endloop
  endfacet
  facet normal 1 0 0
    outer loop
      vertex 48 15.25 -21.55
      vertex 48 15.25 21.55
      vertex 48 1.5 12.9
    endloop
  endfacet
  facet normal 0 1 0
    outer loop
      vertex 48 15.25 -21.55
      vertex 47.25 15.25 14.116666666666664
      vertex 47.25 15.25 15.616666666666664
    endloop
  endfacet
  facet normal -1 0 0
    outer loop
      vertex 47.25 1.5 9.4
      vertex 47.25 15.25 14.116666666666664
      vertex 47.25 15.25 0.75
    endloop
  endfacet
  facet normal 0 1 0
    outer loop
      vertex 48 15.25 -21.55
      vertex 47.25 15.25 15.616666666666664
      vertex 47.25 15.25 21.55
    endloop
  endfacet
  facet normal 0 1 0
    outer loop
      vertex 48 15.25 -21.55
      vertex 47.25 15.25 21.55
      vertex 48 15.25 21.55
    endloop
  endfacet
  facet normal 0 -1 0
    outer loop
      vertex 47.25 -12.25 0.75
      vertex 48 -12.25 21.55
      vertex 47.25 -12.25 14.116666666666664
    endloop
  endfacet
  facet normal 0 -1 0
    outer loop
      vertex 47.25 -12.25 14.116666666666664
      vertex 48 -12.25 21.55
      vertex 47.25 -12.25 15.616666666666664
    endloop
  endfacet
  facet normal 0 -1 0
    outer loop
      vertex 47.25 -12.25 15.616666666666664
      vertex 48 -12.25 21.55
      vertex 47.25 -12.25 21.55
    endloop
  endfacet
  facet normal -1 0 0
    outer loop
      vertex 47.25 -12.25 14.116666666666664
      vertex 47.25 1.5 12.9
      vertex 47.25 0 12.9
    endloop
  endfacet
  facet normal 1 0 0
    outer loop
      vertex 48 0 0
      vertex 48 0 21.55
      vertex 48 -12.25 21.55
    endloop
  endfacet
  facet normal -1 0 0
    outer loop
      vertex 47.25 -12.25 15.616666666666664
      vertex 47.25 -12.25 21.55
      vertex 47.25 15.25 15.616666666666664
    endloop
  endfacet
  facet normal -1 0 0
    outer loop
      vertex 47.25 -12.25 14.116666666666664
      vertex 47.25 15.25 14.116666666666664
      vertex 47.25 1.5 12.9
    endloop
  endfacet
  facet normal -1 0 0
    outer loop
      vertex 47.25 1.5 9.4
      vertex 47.25 1.5 12.9
      vertex 47.25 15.25 14.116666666666664
    endloop
  endfacet
  facet normal 1 0 0
    outer loop
      vertex 48 0.1 12.9
      vertex 48 1.5 12.9
      vertex 48 15.25 21.55
    endloop
  endfacet
  facet normal 1 0 0
    outer loop
      vertex 48 0.1 12.9
      vertex 48 15.25 21.55
      vertex 48 0.1 21.55
    endloop
  endfacet
  facet normal -1 0 0
    outer loop
      vertex 47.25 -12.25 21.55
      vertex 47.25 15.25 21.55
      vertex 47.25 15.25 15.616666666666664
    endloop
  endfacet
  facet normal 0 -1 0
    outer loop
      vertex -48 -12.25 -21.55
      vertex -47.25 -12.25 -21.55
      vertex -47.25 -12.25 -15.616666666666667
    endloop
  endfacet
  facet normal 0 -1 0
    outer loop
      vertex -48 -12.25 -21.55
      vertex -47.25 -12.25 -15.616666666666667
      vertex -47.25 -12.25 -14.116666666666667
    endloop
  endfacet
  facet normal 1 0 0
    outer loop
      vertex -47.25 -12.25 -21.55
      vertex -47.25 2 -16.8
      vertex -47.25 -12.25 -15.616666666666667
    endloop
  endfacet
  facet normal 1 0 0
    outer loop
      vertex -47.25 -12.25 -21.55
      vertex -47.25 2 -21.55
      vertex -47.25 2 -16.8
    endloop
  endfacet
  facet normal -1 0 0
    outer loop
      vertex -48 -12.25 -21.55
      vertex -48 0 -9.4
      vertex -48 0 -12.9
    endloop
  endfacet
  facet normal 1 0 0
    outer loop
      vertex -47.25 -12.25 -15.616666666666667
      vertex -47.25 2 -16.8
      vertex -47.25 3.5 -16.8
    endloop
  endfacet
  facet normal 0 -1 0
    outer loop
      vertex -48 -12.25 -21.55
      vertex -47.25 -12.25 -14.116666666666667
      vertex -47.25 -12.25 -0.75
    endloop
  endfacet
  facet normal 0 -1 0
    outer loop
      vertex -48 -12.25 -21.55
      vertex -47.25 -12.25 -0.75
      vertex -47.25 -12.25 0.75
    endloop
  endfacet
  facet normal 0 -1 0
    outer loop
      vertex -48 -12.25 -21.55
      vertex -47.25 -12.25 0.75
      vertex -47.25 -12.25 14.116666666666664
    endloop
  endfacet
  facet normal 1 0 0
    outer loop
      vertex -47.25 -12.25 -14.116666666666667
      vertex -47.25 0 -12.9
      vertex -47.25 -12.25 -0.75
    endloop
  endfacet
  facet normal 1 0 0
    outer loop
      vertex -47.25 -12.25 -14.116666666666667
      vertex -47.25 1.5 -12.9
      vertex -47.25 0 -12.9
    endloop
  endfacet
  facet normal 1 0 0
    outer loop
      vertex -47.25 -12.25 -0.75
      vertex -47.25 0 -12.9
      vertex -47.25 0 -9.4
    endloop
  endfacet
  facet normal 1 0 0
    outer loop
      vertex -47.25 -12.25 -0.75
      vertex -47.25 0 -9.4
      vertex -47.25 2 -0.75
    endloop
  endfacet
  facet normal 0 -1 0
    outer loop
      vertex -48 -12.25 -21.55
      vertex -47.25 -12.25 14.116666666666664
      vertex -47.25 -12.25 15.616666666666664
    endloop
  endfacet
  facet normal 0 -1 0
    outer loop
      vertex -48 -12.25 -21.55
      vertex -47.25 -12.25 15.616666666666664
      vertex -47.25 -12.25 21.55
    endloop
  endfacet
  facet normal 0 -1 0
    outer loop
      vertex -48 -12.25 -21.55
      vertex -47.25 -12.25 21.55
      vertex -48 -12.25 21.55
    endloop
  endfacet
  facet normal -1 0 0
    outer loop
      vertex -48 -12.25 -21.55
      vertex -48 -12.25 21.55
      vertex -48 0 12.9
    endloop
  endfacet
  facet normal -1 0 0
    outer loop
      vertex -48 -12.25 -21.55
      vertex -48 0 9.4
      vertex -48 1.5 9.4
    endloop
  endfacet
  facet normal -1 0 0
    outer loop
      vertex -48 -12.25 -21.55
      vertex -48 0 12.9
      vertex -48 0 9.4
    endloop
  endfacet
  facet normal 1 0 0
    outer loop
      vertex -47.25 -12.25 0.75
      vertex -47.25 2 0.75
      vertex -47.25 2 2.75
    endloop
  endfacet
  facet normal 1 0 0
    outer loop
      vertex -47.25 -12.25 0.75
      vertex -47.25 2 2.75
      vertex -47.25 0 9.4
    endloop
  endfacet
  facet normal 1 0 0
    outer loop
      vertex -47.25 -12.25 0.75
      vertex -47.25 0 9.4
      vertex -47.25 -12.25 14.116666666666664
    endloop
  endfacet
  facet normal -1 0 0
    outer loop
      vertex -48 -12.25 -21.55
      vertex -48 0 -12.9
      vertex -48 15.25 -21.55
    endloop
  endfacet
  facet normal 1 0 0
    outer loop
      vertex -47.25 -12.25 -15.616666666666667
      vertex -47.25 3.5 -16.8
      vertex -47.25 15.25 -15.616666666666667
    endloop
  endfacet
  facet normal 1 0 0
    outer loop
      vertex -47.25 15.25 -15.616666666666667
      vertex -47.25 3.5 -16.8
      vertex -47.25 3.5 -21.55
    endloop
  endfacet
  facet normal -1 0 0
    outer loop
      vertex -48 0 -12.9
      vertex -48 1.5 -12.9
      vertex -48 15.25 -21.55
    endloop
  endfacet
  facet normal 1 0 0
    outer loop
      vertex -47.25 15.25 -21.55
      vertex -47.25 15.25 -15.616666666666667
      vertex -47.25 3.5 -21.55
    endloop
  endfacet
  facet normal 1 0 0
    outer loop
      vertex -47.25 -12.25 -14.116666666666667
      vertex -47.25 15.25 -14.116666666666667
      vertex -47.25 1.5 -12.9
    endloop
  endfacet
  facet normal 1 0 0
    outer loop
      vertex -47.25 1.5 -12.9
      vertex -47.25 15.25 -14.116666666666667
      vertex -47.25 1.5 -9.4
    endloop
  endfacet
  facet normal 1 0 0
    outer loop
      vertex -47.25 0 -9.4
      vertex -47.25 3.5 -2.75
      vertex -47.25 2 -2.75
    endloop
  endfacet
  facet normal 1 0 0
    outer loop
      vertex -47.25 0 -9.4
      vertex -47.25 2 -2.75
      vertex -47.25 2 -0.75
    endloop
  endfacet
  facet normal -1 0 0
    outer loop
      vertex -48 -12.25 -21.55
      vertex -48 15.25 21.55
      vertex -48 0 -9.4
    endloop
  endfacet
  facet normal 1 0 0
    outer loop
      vertex -47.25 0 -9.4
      vertex -47.25 1.5 -9.4
      vertex -47.25 15.25 -0.75
    endloop
  endfacet
  facet normal 1 0 0
    outer loop
      vertex -47.25 0 -9.4
      vertex -47.25 15.25 -0.75
      vertex -47.25 3.5 -2.75
    endloop
  endfacet
  facet normal 1 0 0
    outer loop
      vertex -47.25 1.5 -9.4
      vertex -47.25 15.25 -14.116666666666667
      vertex -47.25 15.25 -0.75
    endloop
  endfacet
  facet normal -1 0 0
    outer loop
      vertex -48 1.5 -12.9
      vertex -48 15.25 21.55
      vertex -48 15.25 -21.55
    endloop
  endfacet
  facet normal 0 1 0
    outer loop
      vertex -48 15.25 -21.55
      vertex -48 15.25 21.55
      vertex -47.25 15.25 -21.55
    endloop
  endfacet
  facet normal 0 1 0
    outer loop
      vertex -47.25 15.25 -21.55
      vertex -48 15.25 21.55
      vertex -47.25 15.25 -15.616666666666667
    endloop
  endfacet
  facet normal 0 1 0
    outer loop
      vertex -47.25 15.25 -15.616666666666667
      vertex -48 15.25 21.55
      vertex -47.25 15.25 -14.116666666666667
    endloop
  endfacet
  facet normal -1 0 0
    outer loop
      vertex -48 -12.25 -21.55
      vertex -48 1.5 9.4
      vertex -48 15.25 21.55
    endloop
  endfacet
  facet normal -1 0 0
    outer loop
      vertex -48 0 -9.4
      vertex -48 15.25 21.55
      vertex -48 1.5 -9.4
    endloop
  endfacet
  facet normal -1 0 0
    outer loop
      vertex -48 1.5 -12.9
      vertex -48 1.5 -9.4
      vertex -48 15.25 21.55
    endloop
  endfacet
  facet normal 1 0 0
    outer loop
      vertex -47.25 15.25 -0.75
      vertex -47.25 3.5 -0.75
      vertex -47.25 3.5 -2.75
    endloop
  endfacet
  facet normal 1 0 0
    outer loop
      vertex -47.25 15.25 0.75
      vertex -47.25 3.5 2.75
      vertex -47.25 3.5 0.75
    endloop
  endfacet
  facet normal 1 0 0
    outer loop
      vertex -47.25 0 9.4
      vertex -47.25 3.5 2.75
      vertex -47.25 15.25 0.75
    endloop
  endfacet
  facet normal 1 0 0
    outer loop
      vertex -47.25 0 9.4
      vertex -47.25 2 2.75
      vertex -47.25 3.5 2.75
    endloop
  endfacet
  facet normal 1 0 0
    outer loop
      vertex -47.25 0 9.4
      vertex -47.25 15.25 0.75
      vertex -47.25 1.5 9.4
    endloop
  endfacet
  facet normal 1 0 0
    outer loop
      vertex -47.25 1.5 9.4
      vertex -47.25 15.25 0.75
      vertex -47.25 1.5 12.9
    endloop
  endfacet
  facet normal 0 1 0
    outer loop
      vertex -47.25 15.25 -14.116666666666667
      vertex -48 15.25 21.55
      vertex -47.25 15.25 -0.75
    endloop
  endfacet
  facet normal 1 0 0
    outer loop
      vertex -47.25 15.25 0.75
      vertex -47.25 15.25 14.116666666666664
      vertex -47.25 1.5 12.9
    endloop
  endfacet
  facet normal 0 1 0
    outer loop
      vertex -47.25 15.25 -0.75
      vertex -48 15.25 21.55
      vertex -47.25 15.25 0.75
    endloop
  endfacet
  facet normal 1 0 0
    outer loop
      vertex -47.25 0 9.4
      vertex -47.25 0 12.9
      vertex -47.25 -12.25 14.116666666666664
    endloop
  endfacet
  facet normal 1 0 0
    outer loop
      vertex -47.25 -12.25 15.616666666666664
      vertex -47.25 15.25 21.55
      vertex -47.25 -12.25 21.55
    endloop
  endfacet
  facet normal 1 0 0
    outer loop
      vertex -47.25 -12.25 14.116666666666664
      vertex -47.25 0 12.9
      vertex -47.25 15.25 14.116666666666664
    endloop
  endfacet
  facet normal 1 0 0
    outer loop
      vertex -47.25 0 12.9
      vertex -47.25 1.5 12.9
      vertex -47.25 15.25 14.116666666666664
    endloop
  endfacet
  facet normal -1 0 0
    outer loop
      vertex -48 0 12.9
      vertex -48 15.25 21.55
      vertex -48 1.5 12.9
    endloop
  endfacet
  facet normal -1 0 0
    outer loop
      vertex -48 1.5 9.4
      vertex -48 1.5 12.9
      vertex -48 15.25 21.55
    endloop
  endfacet
  facet normal -1 0 0
    outer loop
      vertex -48 -12.25 21.55
      vertex -48 15.25 21.55
      vertex -48 0 12.9
    endloop
  endfacet
  facet normal 1 0 0
    outer loop
      vertex -47.25 -12.25 15.616666666666664
      vertex -47.25 15.25 15.616666666666664
      vertex -47.25 15.25 21.55
    endloop
  endfacet
  facet normal 0 1 0
    outer loop
      vertex -47.25 15.25 0.75
      vertex -48 15.25 21.55
      vertex -47.25 15.25 14.116666666666664
    endloop
  endfacet
  facet normal 0 1 0
    outer loop
      vertex -47.25 15.25 14.116666666666664
      vertex -48 15.25 21.55
      vertex -47.25 15.25 15.616666666666664
    endloop
  endfacet
  facet normal 0 1 0
    outer loop
      vertex -47.25 15.25 15.616666666666664
      vertex -48 15.25 21.55
      vertex -47.25 15.25 21.55
    endloop
  endfacet
  facet normal -1 0 0
    outer loop
      vertex -48 28.25 21.55
      vertex -48 29.75 22.3
      vertex -48 29.75 21.55
    endloop
  endfacet
  facet normal -1 0 0
    outer loop
      vertex -48 28.25 21.55
      vertex -48 29.75 23.675
      vertex -48 29.75 22.3
    endloop
  endfacet
  facet normal 0 0 -1
    outer loop
      vertex -45.875 28.25 20.175
      vertex -45.875 29 20.175
      vertex -44.5 29 20.175
    endloop
  endfacet
  facet normal 0 1 0
    outer loop
      vertex -48 29.75 23.675
      vertex -44.5 29.75 22.3
      vertex -48 29.75 22.3
    endloop
  endfacet
  facet normal 0 1 0
    outer loop
      vertex -48 29.75 23.675
      vertex -3 29.75 21.55
      vertex -44.5 29.75 22.3
    endloop
  endfacet
  facet normal -1 0 0
    outer loop
      vertex -48 28.25 21.55
      vertex -48 28.25 23.675
      vertex -48 29.75 23.675
    endloop
  endfacet
  facet normal 0 1 0
    outer loop
      vertex -3 29.75 20.175
      vertex -44.5 29.75 20.175
      vertex -44.5 29.75 22.3
    endloop
  endfacet
  facet normal 0 0 -1
    outer loop
      vertex -3 29.25 20.175
      vertex -44.5 29.75 20.175
      vertex -3 29.75 20.175
    endloop
  endfacet
  facet normal 0 -1 0
    outer loop
      vertex -48 28.25 20.175
      vertex 48 28.25 23.675
      vertex -48 28.25 21.55
    endloop
  endfacet
  facet normal 0 0 -1
    outer loop
      vertex -45.875 28.25 20.175
      vertex -44.5 29 20.175
      vertex 45.875 28.25 20.175
    endloop
  endfacet
  facet normal 0 -1 0
    outer loop
      vertex -48 28.25 20.175
      vertex -45.875 28.25 20.175
      vertex 48 28.25 23.675
    endloop
  endfacet
  facet normal 0 0 -1
    outer loop
      vertex 45.875 28.25 20.175
      vertex -44.5 29 20.175
      vertex -44.5 29.75 20.175
    endloop
  endfacet
  facet normal 0 1 0
    outer loop
      vertex -3 29.75 20.175
      vertex -44.5 29.75 22.3
      vertex -3 29.75 21.55
    endloop
  endfacet
  facet normal 0 1 0
    outer loop
      vertex -48 29.75 23.675
      vertex 3 29.75 21.55
      vertex -3 29.75 21.55
    endloop
  endfacet
  facet normal 0 -1 0
    outer loop
      vertex -48 28.25 21.55
      vertex 48 28.25 23.675
      vertex -48 28.25 23.675
    endloop
  endfacet
  facet normal 0 0 1
    outer loop
      vertex -48 28.25 23.675
      vertex 48 28.25 23.675
      vertex -48 29.75 23.675
    endloop
  endfacet
  facet normal 0 0 -1
    outer loop
      vertex -3 29.25 20.175
      vertex 45.875 28.25 20.175
      vertex -44.5 29.75 20.175
    endloop
  endfacet
  facet normal 0 1 0
    outer loop
      vertex -48 29.75 23.675
      vertex 44.5 29.75 20.175
      vertex 3 29.75 21.55
    endloop
  endfacet
  facet normal 0 1 0
    outer loop
      vertex -48 29.75 23.675
      vertex 44.5 29.75 22.3
      vertex 44.5 29.75 20.175
    endloop
  endfacet
  facet normal 0 0 -1
    outer loop
      vertex -3 29.25 20.175
      vertex 3 29.25 20.175
      vertex 45.875 28.25 20.175
    endloop
  endfacet
  facet normal 0 -1 0
    outer loop
      vertex -45.875 28.25 20.175
      vertex 45.875 28.25 20.175
      vertex 48 28.25 23.675
    endloop
  endfacet
  facet normal 0 0 -1
    outer loop
      vertex 3 29.25 20.175
      vertex 3 29.75 20.175
      vertex 45.875 28.25 20.175
    endloop
  endfacet
  facet normal 0 1 0
    outer loop
      vertex 3 29.75 20.175
      vertex 3 29.75 21.55
      vertex 44.5 29.75 20.175
    endloop
  endfacet
  facet normal 0 0 1
    outer loop
      vertex -48 29.75 23.675
      vertex 48 28.25 23.675
      vertex 48 29.75 23.675
    endloop
  endfacet
  facet normal 0 1 0
    outer loop
      vertex -48 29.75 23.675
      vertex 48 29.75 23.675
      vertex 44.5 29.75 22.3
    endloop
  endfacet
  facet normal 0 0 -1
    outer loop
      vertex 3 29.75 20.175
      vertex 44.5 29.75 20.175
      vertex 44.5 29 20.175
    endloop
  endfacet
  facet normal 0 0 -1
    outer loop
      vertex 3 29.75 20.175
      vertex 44.5 29 20.175
      vertex 45.875 28.25 20.175
    endloop
  endfacet
  facet normal 0 0 -1
    outer loop
      vertex 45.875 28.25 20.175
      vertex 44.5 29 20.175
      vertex 45.875 29 20.175
    endloop
  endfacet
  facet normal 0 -1 0
    outer loop
      vertex 45.875 28.25 20.175
      vertex 48 28.25 20.175
      vertex 48 28.25 21.55
    endloop
  endfacet
  facet normal 0 -1 0
    outer loop
      vertex 45.875 28.25 20.175
      vertex 48 28.25 21.55
      vertex 48 28.25 23.675
    endloop
  endfacet
  facet normal 1 0 0
    outer loop
      vertex 48 28.25 21.55
      vertex 48 29.75 21.55
      vertex 48 28.25 23.675
    endloop
  endfacet
  facet normal 1 0 0
    outer loop
      vertex 48 28.25 23.675
      vertex 48 29.75 21.55
      vertex 48 29.75 22.3
    endloop
  endfacet
  facet normal 0 1 0
    outer loop
      vertex 48 29.75 23.675
      vertex 48 29.75 22.3
      vertex 44.5 29.75 22.3
    endloop
  endfacet
  facet normal 1 0 0
    outer loop
      vertex 48 29.75 22.3
      vertex 48 29.75 23.675
      vertex 48 28.25 23.675
    endloop
  endfacet
  facet normal -1 0 0
    outer loop
      vertex -48 28.25 -23.675
      vertex -48 29.3821508157935 -22.020480316087088
      vertex -48 29.40432914190873 -22.030969883127824
    endloop
  endfacet
  facet normal -1 0 0
    outer loop
      vertex -48 28.25 -23.675
      vertex -48 29.40432914190873 -22.030969883127824
      vertex -48 29.75 -23.675
    endloop
  endfacet
  facet normal -1 0 0
    outer loop
      vertex -48 29.75 -23.675
      vertex -48 29.40432914190873 -22.030969883127824
      vertex -48 29.427428830686384 -22.039235083933054
    endloop
  endfacet
  facet normal -1 0 0
    outer loop
      vertex -48 29.75 -23.675
      vertex -48 29.427428830686384 -22.039235083933054
      vertex -48 29.451227419495968 -22.045196320100807
    endloop
  endfacet
  facet normal -1 0 0
    outer loop
      vertex -48 29.75 -23.675
      vertex -48 29.451227419495968 -22.045196320100807
      vertex -48 29.47549571491761 -22.04879618166805
    endloop
  endfacet
  facet normal -1 0 0
    outer loop
      vertex -48 29.75 -23.675
      vertex -48 29.47549571491761 -22.04879618166805
      vertex -48 29.5 -22.05
    endloop
  endfacet
  facet normal -1 0 0
    outer loop
      vertex -48 29.75 -23.675
      vertex -48 29.5 -22.05
      vertex -48 29.52450428508239 -22.04879618166805
    endloop
  endfacet
  facet normal -1 0 0
    outer loop
      vertex -48 29.75 -23.675
      vertex -48 29.52450428508239 -22.04879618166805
      vertex -48 29.548772580504032 -22.045196320100807
    endloop
  endfacet
  facet normal -1 0 0
    outer loop
      vertex -48 29.75 -23.675
      vertex -48 29.548772580504032 -22.045196320100807
      vertex -48 29.572571169313616 -22.039235083933054
    endloop
  endfacet
  facet normal -1 0 0
    outer loop
      vertex -48 29.75 -23.675
      vertex -48 29.572571169313616 -22.039235083933054
      vertex -48 29.59567085809127 -22.030969883127824
    endloop
  endfacet
  facet normal -1 0 0
    outer loop
      vertex -48 28.25 -23.675
      vertex -48 28.25 -21.55
      vertex -48 29.306747386659314 -21.958598321040913
    endloop
  endfacet
  facet normal -1 0 0
    outer loop
      vertex -48 28.25 -23.675
      vertex -48 29.306747386659314 -21.958598321040913
      vertex -48 29.32322330470336 -21.97677669529664
    endloop
  endfacet
  facet normal -1 0 0
    outer loop
      vertex -48 28.25 -23.675
      vertex -48 29.32322330470336 -21.97677669529664
      vertex -48 29.341401678959087 -21.993252613340687
    endloop
  endfacet
  facet normal -1 0 0
    outer loop
      vertex -48 28.25 -23.675
      vertex -48 29.341401678959087 -21.993252613340687
      vertex -48 29.361107441745098 -22.007867403075636
    endloop
  endfacet
  facet normal -1 0 0
    outer loop
      vertex -48 28.25 -23.675
      vertex -48 29.361107441745098 -22.007867403075636
      vertex -48 29.3821508157935 -22.020480316087088
    endloop
  endfacet
  facet normal -1 0 0
    outer loop
      vertex -48 28.25 -21.55
      vertex -48 29.292132596924365 -21.938892558254903
      vertex -48 29.306747386659314 -21.958598321040913
    endloop
  endfacet
  facet normal -1 0 0
    outer loop
      vertex -48 28.25 -21.55
      vertex -48 29.279519683912913 -21.9178491842065
      vertex -48 29.292132596924365 -21.938892558254903
    endloop
  endfacet
  facet normal 0 -1 0
    outer loop
      vertex -48 28.25 -21.55
      vertex -45.875 28.25 -20.175
      vertex -48 28.25 -20.175
    endloop
  endfacet
  facet normal -1 0 0
    outer loop
      vertex -48 28.25 -21.55
      vertex -48 29.269030116872177 -21.895670858091272
      vertex -48 29.279519683912913 -21.9178491842065
    endloop
  endfacet
  facet normal -1 0 0
    outer loop
      vertex -48 28.25 -21.55
      vertex -48 29.260764916066947 -21.872571169313616
      vertex -48 29.269030116872177 -21.895670858091272
    endloop
  endfacet
  facet normal -1 0 0
    outer loop
      vertex -48 28.25 -21.55
      vertex -48 29.254803679899194 -21.848772580504033
      vertex -48 29.260764916066947 -21.872571169313616
    endloop
  endfacet
  facet normal -1 0 0
    outer loop
      vertex -48 28.25 -21.55
      vertex -48 29.251203818331952 -21.82450428508239
      vertex -48 29.254803679899194 -21.848772580504033
    endloop
  endfacet
  facet normal -1 0 0
    outer loop
      vertex -48 28.25 -21.55
      vertex -48 29.25 -21.8
      vertex -48 29.251203818331952 -21.82450428508239
    endloop
  endfacet
  facet normal -1 0 0
    outer loop
      vertex -48 28.25 -21.55
      vertex -48 29.251203818331952 -21.77549571491761
      vertex -48 29.25 -21.8
    endloop
  endfacet
  facet normal -1 0 0
    outer loop
      vertex -48 28.25 -21.55
      vertex -48 29.254803679899194 -21.75122741949597
      vertex -48 29.251203818331952 -21.77549571491761
    endloop
  endfacet
  facet normal -1 0 0
    outer loop
      vertex -48 28.25 -21.55
      vertex -48 29.260764916066947 -21.727428830686385
      vertex -48 29.254803679899194 -21.75122741949597
    endloop
  endfacet
  facet normal -1 0 0
    outer loop
      vertex -48 28.25 -21.55
      vertex -48 29.269030116872177 -21.70432914190873
      vertex -48 29.260764916066947 -21.727428830686385
    endloop
  endfacet
  facet normal -1 0 0
    outer loop
      vertex -48 28.25 -21.55
      vertex -48 29.279519683912913 -21.682150815793502
      vertex -48 29.269030116872177 -21.70432914190873
    endloop
  endfacet
  facet normal -1 0 0
    outer loop
      vertex -48 28.25 -21.55
      vertex -48 29.292132596924365 -21.6611074417451
      vertex -48 29.279519683912913 -21.682150815793502
    endloop
  endfacet
  facet normal -1 0 0
    outer loop
      vertex -48 28.25 -21.55
      vertex -48 29.306747386659314 -21.641401678959088
      vertex -48 29.292132596924365 -21.6611074417451
    endloop
  endfacet
  facet normal -1 0 0
    outer loop
      vertex -48 28.25 -21.55
      vertex -48 29.32322330470336 -21.623223304703362
      vertex -48 29.306747386659314 -21.641401678959088
    endloop
  endfacet
  facet normal -1 0 0
    outer loop
      vertex -48 28.25 -21.55
      vertex -48 29.341401678959087 -21.606747386659315
      vertex -48 29.32322330470336 -21.623223304703362
    endloop
  endfacet
  facet normal -1 0 0
    outer loop
      vertex -48 28.25 -21.55
      vertex -48 29.361107441745098 -21.592132596924365
      vertex -48 29.341401678959087 -21.606747386659315
    endloop
  endfacet
  facet normal -1 0 0
    outer loop
      vertex -48 28.25 -21.55
      vertex -48 29.40432914190873 -21.569030116872177
      vertex -48 29.3821508157935 -21.579519683912913
    endloop
  endfacet
  facet normal -1 0 0
    outer loop
      vertex -48 28.25 -21.55
      vertex -48 29.3821508157935 -21.579519683912913
      vertex -48 29.361107441745098 -21.592132596924365
    endloop
  endfacet
  facet normal -1 0 0
    outer loop
      vertex -48 28.25 -21.55
      vertex -48 29.451227419495968 -21.554803679899194
      vertex -48 29.427428830686384 -21.560764916066947
    endloop
  endfacet
  facet normal -1 0 0
    outer loop
      vertex -48 28.25 -21.55
      vertex -48 29.427428830686384 -21.560764916066947
      vertex -48 29.40432914190873 -21.569030116872177
    endloop
  endfacet
  facet normal -1 0 0
    outer loop
      vertex -48 28.25 -21.55
      vertex -48 29.47549571491761 -21.551203818331953
      vertex -48 29.451227419495968 -21.554803679899194
    endloop
  endfacet
  facet normal -1 0 0
    outer loop
      vertex -48 28.25 -21.55
      vertex -48 29.5 -21.55
      vertex -48 29.47549571491761 -21.551203818331953
    endloop
  endfacet
  facet normal -1 0 0
    outer loop
      vertex -48 29.52450428508239 -21.551203818331953
      vertex -48 29.5 -21.55
      vertex -48 29.75 -21.55
    endloop
  endfacet
  facet normal -1 0 0
    outer loop
      vertex -48 29.52450428508239 -21.551203818331953
      vertex -48 29.75 -21.55
      vertex -48 29.548772580504032 -21.554803679899194
    endloop
  endfacet
  facet normal -1 0 0
    outer loop
      vertex -48 29.572571169313616 -21.560764916066947
      vertex -48 29.75 -21.55
      vertex -48 29.59567085809127 -21.569030116872177
    endloop
  endfacet
  facet normal -1 0 0
    outer loop
      vertex -48 29.548772580504032 -21.554803679899194
      vertex -48 29.75 -21.55
      vertex -48 29.572571169313616 -21.560764916066947
    endloop
  endfacet
  facet normal -1 0 0
    outer loop
      vertex -48 29.75 -23.675
      vertex -48 29.59567085809127 -22.030969883127824
      vertex -48 29.6178491842065 -22.020480316087088
    endloop
  endfacet
  facet normal -1 0 0
    outer loop
      vertex -48 29.75 -23.675
      vertex -48 29.748796181668048 -21.82450428508239
      vertex -48 29.75 -22.3
    endloop
  endfacet
  facet normal -1 0 0
    outer loop
      vertex -48 29.75 -23.675
      vertex -48 29.6178491842065 -22.020480316087088
      vertex -48 29.638892558254902 -22.007867403075636
    endloop
  endfacet
  facet normal -1 0 0
    outer loop
      vertex -48 29.75 -23.675
      vertex -48 29.658598321040913 -21.993252613340687
      vertex -48 29.67677669529664 -21.97677669529664
    endloop
  endfacet
  facet normal -1 0 0
    outer loop
      vertex -48 29.75 -23.675
      vertex -48 29.638892558254902 -22.007867403075636
      vertex -48 29.658598321040913 -21.993252613340687
    endloop
  endfacet
  facet normal -1 0 0
    outer loop
      vertex -48 29.75 -23.675
      vertex -48 29.693252613340686 -21.958598321040913
      vertex -48 29.707867403075635 -21.938892558254903
    endloop
  endfacet
  facet normal -1 0 0
    outer loop
      vertex -48 29.75 -23.675
      vertex -48 29.67677669529664 -21.97677669529664
      vertex -48 29.693252613340686 -21.958598321040913
    endloop
  endfacet
  facet normal -1 0 0
    outer loop
      vertex -48 29.75 -23.675
      vertex -48 29.730969883127823 -21.895670858091272
      vertex -48 29.739235083933053 -21.872571169313616
    endloop
  endfacet
  facet normal -1 0 0
    outer loop
      vertex -48 29.75 -23.675
      vertex -48 29.720480316087087 -21.9178491842065
      vertex -48 29.730969883127823 -21.895670858091272
    endloop
  endfacet
  facet normal -1 0 0
    outer loop
      vertex -48 29.75 -23.675
      vertex -48 29.707867403075635 -21.938892558254903
      vertex -48 29.720480316087087 -21.9178491842065
    endloop
  endfacet
  facet normal -1 0 0
    outer loop
      vertex -48 29.75 -23.675
      vertex -48 29.745196320100806 -21.848772580504033
      vertex -48 29.748796181668048 -21.82450428508239
    endloop
  endfacet
  facet normal -1 0 0
    outer loop
      vertex -48 29.75 -23.675
      vertex -48 29.739235083933053 -21.872571169313616
      vertex -48 29.745196320100806 -21.848772580504033
    endloop
  endfacet
  facet normal -1 0 0
    outer loop
      vertex -48 29.748796181668048 -21.82450428508239
      vertex -48 29.75 -21.8
      vertex -48 29.75 -22.3
    endloop
  endfacet
  facet normal -1 0 0
    outer loop
      vertex -48 29.75 -21.8
      vertex -48 29.748796181668048 -21.77549571491761
      vertex -48 29.75 -21.55
    endloop
  endfacet
  facet normal -1 0 0
    outer loop
      vertex -48 29.693252613340686 -21.641401678959088
      vertex -48 29.75 -21.55
      vertex -48 29.707867403075635 -21.6611074417451
    endloop
  endfacet
  facet normal -1 0 0
    outer loop
      vertex -48 29.745196320100806 -21.75122741949597
      vertex -48 29.75 -21.55
      vertex -48 29.748796181668048 -21.77549571491761
    endloop
  endfacet
  facet normal -1 0 0
    outer loop
      vertex -48 29.720480316087087 -21.682150815793502
      vertex -48 29.75 -21.55
      vertex -48 29.730969883127823 -21.70432914190873
    endloop
  endfacet
  facet normal -1 0 0
    outer loop
      vertex -48 29.739235083933053 -21.727428830686385
      vertex -48 29.730969883127823 -21.70432914190873
      vertex -48 29.75 -21.55
    endloop
  endfacet
  facet normal -1 0 0
    outer loop
      vertex -48 29.745196320100806 -21.75122741949597
      vertex -48 29.739235083933053 -21.727428830686385
      vertex -48 29.75 -21.55
    endloop
  endfacet
  facet normal -1 0 0
    outer loop
      vertex -48 29.720480316087087 -21.682150815793502
      vertex -48 29.707867403075635 -21.6611074417451
      vertex -48 29.75 -21.55
    endloop
  endfacet
  facet normal -1 0 0
    outer loop
      vertex -48 29.59567085809127 -21.569030116872177
      vertex -48 29.75 -21.55
      vertex -48 29.6178491842065 -21.579519683912913
    endloop
  endfacet
  facet normal -1 0 0
    outer loop
      vertex -48 29.658598321040913 -21.606747386659315
      vertex -48 29.75 -21.55
      vertex -48 29.67677669529664 -21.623223304703362
    endloop
  endfacet
  facet normal -1 0 0
    outer loop
      vertex -48 29.658598321040913 -21.606747386659315
      vertex -48 29.638892558254902 -21.592132596924365
      vertex -48 29.75 -21.55
    endloop
  endfacet
  facet normal -1 0 0
    outer loop
      vertex -48 29.6178491842065 -21.579519683912913
      vertex -48 29.75 -21.55
      vertex -48 29.638892558254902 -21.592132596924365
    endloop
  endfacet
  facet normal -1 0 0
    outer loop
      vertex -48 29.693252613340686 -21.641401678959088
      vertex -48 29.67677669529664 -21.623223304703362
      vertex -48 29.75 -21.55
    endloop
  endfacet
  facet normal 0 1 0
    outer loop
      vertex -48 29.75 -23.675
      vertex -48 29.75 -22.3
      vertex -44.5 29.75 -22.3
    endloop
  endfacet
  facet normal 0 -1 0
    outer loop
      vertex -48 28.25 -23.675
      vertex -35 28.25 -22
      vertex -48 28.25 -21.55
    endloop
  endfacet
  facet normal 0 1 0
    outer loop
      vertex -48 29.75 -23.675
      vertex -44.5 29.75 -22.3
      vertex -35 29.75 -22
    endloop
  endfacet
  facet normal 0 1 0
    outer loop
      vertex -35 29.75 -22
      vertex -44.5 29.75 -22.3
      vertex -44.5 29.75 -20.175
    endloop
  endfacet
  facet normal 0 0 1
    outer loop
      vertex -45.875 28.25 -20.175
      vertex -44.5 29 -20.175
      vertex -45.875 29 -20.175
    endloop
  endfacet
  facet normal 0 -1 0
    outer loop
      vertex -48 28.25 -21.55
      vertex -35 28.25 -22
      vertex -35 28.25 -21.6
    endloop
  endfacet
  facet normal 0 -1 0
    outer loop
      vertex -48 28.25 -23.675
      vertex -31 28.25 -22
      vertex -35 28.25 -22
    endloop
  endfacet
  facet normal 0 1 0
    outer loop
      vertex -35 29.75 -22
      vertex -44.5 29.75 -20.175
      vertex -35 29.75 -21.6
    endloop
  endfacet
  facet normal 0 1 0
    outer loop
      vertex -48 29.75 -23.675
      vertex -35 29.75 -22
      vertex -31 29.75 -22
    endloop
  endfacet
  facet normal 0 1 0
    outer loop
      vertex -35 29.75 -21.6
      vertex -44.5 29.75 -20.175
      vertex -31 29.75 -21.6
    endloop
  endfacet
  facet normal 0 -1 0
    outer loop
      vertex -48 28.25 -23.675
      vertex -13 28.25 -22
      vertex -31 28.25 -22
    endloop
  endfacet
  facet normal 0 1 0
    outer loop
      vertex -31 29.75 -21.6
      vertex -44.5 29.75 -20.175
      vertex -13 29.75 -21.6
    endloop
  endfacet
  facet normal 0 -1 0
    outer loop
      vertex -48 28.25 -23.675
      vertex -9 28.25 -22
      vertex -13 28.25 -22
    endloop
  endfacet
  facet normal 0 1 0
    outer loop
      vertex -31 29.75 -22
      vertex -31 29.75 -21.6
      vertex -13 29.75 -21.6
    endloop
  endfacet
  facet normal 0 1 0
    outer loop
      vertex -13 29.75 -21.6
      vertex -44.5 29.75 -20.175
      vertex -9 29.75 -21.6
    endloop
  endfacet
  facet normal 0 -1 0
    outer loop
      vertex -31 28.25 -22
      vertex -13 28.25 -22
      vertex -13 28.25 -21.6
    endloop
  endfacet
  facet normal 0 1 0
    outer loop
      vertex -31 29.75 -22
      vertex -13 29.75 -21.6
      vertex -13 29.75 -22
    endloop
  endfacet
  facet normal 0 1 0
    outer loop
      vertex -9 29.75 -21.6
      vertex -44.5 29.75 -20.175
      vertex -2.290178571428532 29.75 -21.8
    endloop
  endfacet
  facet normal 0 0 -1
    outer loop
      vertex -48 28.25 -23.675
      vertex -48 29.75 -23.675
      vertex 48 29.75 -23.675
    endloop
  endfacet
  facet normal 0 -1 0
    outer loop
      vertex -48 28.25 -21.55
      vertex 45.875 28.25 -20.175
      vertex -45.875 28.25 -20.175
    endloop
  endfacet
  facet normal 0 0 1
    outer loop
      vertex -45.875 28.25 -20.175
      vertex 44.5 29.75 -20.175
      vertex -44.5 29 -20.175
    endloop
  endfacet
  facet normal 0 0 1
    outer loop
      vertex 44.5 29.75 -20.175
      vertex -44.5 29.75 -20.175
      vertex -44.5 29 -20.175
    endloop
  endfacet
  facet normal 0 -1 0
    outer loop
      vertex -48 28.25 -21.55
      vertex -35 28.25 -21.6
      vertex 48 28.25 -20.175
    endloop
  endfacet
  facet normal 0 -1 0
    outer loop
      vertex -48 28.25 -23.675
      vertex 9 28.25 -22
      vertex 9 28.25 -21.6
    endloop
  endfacet
  facet normal 0 -1 0
    outer loop
      vertex -48 28.25 -23.675
      vertex 13 28.25 -22
      vertex 9 28.25 -22
    endloop
  endfacet
  facet normal 0 1 0
    outer loop
      vertex -48 29.75 -23.675
      vertex -31 29.75 -22
      vertex 48 29.75 -23.675
    endloop
  endfacet
  facet normal 0 -1 0
    outer loop
      vertex -35 28.25 -21.6
      vertex -31 28.25 -21.6
      vertex 48 28.25 -20.175
    endloop
  endfacet
  facet normal 0 -1 0
    outer loop
      vertex -31 28.25 -22
      vertex 48 28.25 -20.175
      vertex -31 28.25 -21.6
    endloop
  endfacet
  facet normal 0 1 0
    outer loop
      vertex -9 29.75 -21.8
      vertex -9 29.75 -21.6
      vertex -2.290178571428532 29.75 -21.8
    endloop
  endfacet
  facet normal 0 -1 0
    outer loop
      vertex -48 28.25 -23.675
      vertex 48 28.25 -20.175
      vertex -9 28.25 -22
    endloop
  endfacet
  facet normal 0 -1 0
    outer loop
      vertex -48 28.25 -23.675
      vertex 31 28.25 -21.6
      vertex 13 28.25 -22
    endloop
  endfacet
  facet normal 0 1 0
    outer loop
      vertex -9 29.75 -21.8
      vertex -2.290178571428532 29.75 -21.8
      vertex 9 29.75 -22
    endloop
  endfacet
  facet normal 0 1 0
    outer loop
      vertex -2.290178571428532 29.75 -21.8
      vertex -44.5 29.75 -20.175
      vertex 44.5 29.75 -20.175
    endloop
  endfacet
  facet normal 0 -1 0
    outer loop
      vertex -31 28.25 -22
      vertex -13 28.25 -21.6
      vertex 48 28.25 -20.175
    endloop
  endfacet
  facet normal 0 -1 0
    outer loop
      vertex -48 28.25 -23.675
      vertex 9 28.25 -21.6
      vertex 48 28.25 -20.175
    endloop
  endfacet
  facet normal 0 -1 0
    outer loop
      vertex -48 28.25 -23.675
      vertex 31 28.25 -22
      vertex 31 28.25 -21.6
    endloop
  endfacet
  facet normal 0 1 0
    outer loop
      vertex -31 29.75 -22
      vertex -13 29.75 -22
      vertex 48 29.75 -23.675
    endloop
  endfacet
  facet normal 0 -1 0
    outer loop
      vertex -48 28.25 -23.675
      vertex 35 28.25 -22
      vertex 31 28.25 -22
    endloop
  endfacet
  facet normal 0 -1 0
    outer loop
      vertex -13 28.25 -21.6
      vertex -9 28.25 -21.6
      vertex 48 28.25 -20.175
    endloop
  endfacet
  facet normal 0 1 0
    outer loop
      vertex -2.290178571428532 29.75 -21.8
      vertex 9 29.75 -21.8
      vertex 9 29.75 -22
    endloop
  endfacet
  facet normal 0 1 0
    outer loop
      vertex -2.290178571428532 29.75 -21.8
      vertex 9 29.75 -21.6
      vertex 9 29.75 -21.8
    endloop
  endfacet
  facet normal 0 1 0
    outer loop
      vertex -13 29.75 -22
      vertex -9 29.75 -22
      vertex 48 29.75 -23.675
    endloop
  endfacet
  facet normal 0 -1 0
    outer loop
      vertex -48 28.25 -23.675
      vertex 48 28.25 -23.675
      vertex 35 28.25 -22
    endloop
  endfacet
  facet normal 0 -1 0
    outer loop
      vertex -9 28.25 -22
      vertex 48 28.25 -20.175
      vertex -9 28.25 -21.6
    endloop
  endfacet
  facet normal 0 1 0
    outer loop
      vertex -9 29.75 -22
      vertex -9 29.75 -21.8
      vertex 48 29.75 -23.675
    endloop
  endfacet
  facet normal 0 0 -1
    outer loop
      vertex -48 28.25 -23.675
      vertex 48 29.75 -23.675
      vertex 48 28.25 -23.675
    endloop
  endfacet
  facet normal 0 -1 0
    outer loop
      vertex -48 28.25 -21.55
      vertex 48 28.25 -20.175
      vertex 45.875 28.25 -20.175
    endloop
  endfacet
  facet normal 0 1 0
    outer loop
      vertex -9 29.75 -21.8
      vertex 9 29.75 -22
      vertex 48 29.75 -23.675
    endloop
  endfacet
  facet normal 0 1 0
    outer loop
      vertex -2.290178571428532 29.75 -21.8
      vertex 44.5 29.75 -20.175
      vertex 9 29.75 -21.6
    endloop
  endfacet
  facet normal 0 -1 0
    outer loop
      vertex 13 28.25 -22
      vertex 31 28.25 -21.6
      vertex 13 28.25 -21.6
    endloop
  endfacet
  facet normal 0 1 0
    outer loop
      vertex 13 29.75 -22
      vertex 13 29.75 -21.6
      vertex 31 29.75 -21.6
    endloop
  endfacet
  facet normal 0 1 0
    outer loop
      vertex 9 29.75 -21.6
      vertex 44.5 29.75 -20.175
      vertex 13 29.75 -21.6
    endloop
  endfacet
  facet normal 0 0 1
    outer loop
      vertex -45.875 28.25 -20.175
      vertex 45.875 28.25 -20.175
      vertex 44.5 29 -20.175
    endloop
  endfacet
  facet normal 0 0 1
    outer loop
      vertex -45.875 28.25 -20.175
      vertex 44.5 29 -20.175
      vertex 44.5 29.75 -20.175
    endloop
  endfacet
  facet normal 0 -1 0
    outer loop
      vertex 9 28.25 -21.6
      vertex 13 28.25 -21.6
      vertex 48 28.25 -20.175
    endloop
  endfacet
  facet normal 0 1 0
    outer loop
      vertex 9 29.75 -22
      vertex 13 29.75 -22
      vertex 48 29.75 -23.675
    endloop
  endfacet
  facet normal 0 1 0
    outer loop
      vertex 13 29.75 -22
      vertex 31 29.75 -21.6
      vertex 31 29.75 -22
    endloop
  endfacet
  facet normal 0 -1 0
    outer loop
      vertex 13 28.25 -21.6
      vertex 31 28.25 -21.6
      vertex 48 28.25 -20.175
    endloop
  endfacet
  facet normal 0 1 0
    outer loop
      vertex 13 29.75 -21.6
      vertex 44.5 29.75 -20.175
      vertex 31 29.75 -21.6
    endloop
  endfacet
  facet normal 0 1 0
    outer loop
      vertex 13 29.75 -22
      vertex 31 29.75 -22
      vertex 48 29.75 -23.675
    endloop
  endfacet
  facet normal 0 1 0
    outer loop
      vertex 31 29.75 -21.6
      vertex 44.5 29.75 -20.175
      vertex 35 29.75 -21.6
    endloop
  endfacet
  facet normal 0 -1 0
    outer loop
      vertex 31 28.25 -21.6
      vertex 35 28.25 -21.6
      vertex 48 28.25 -20.175
    endloop
  endfacet
  facet normal 0 -1 0
    outer loop
      vertex 35 28.25 -22
      vertex 48 28.25 -23.675
      vertex 35 28.25 -21.6
    endloop
  endfacet
  facet normal 0 1 0
    outer loop
      vertex 31 29.75 -22
      vertex 35 29.75 -22
      vertex 48 29.75 -23.675
    endloop
  endfacet
  facet normal 0 1 0
    outer loop
      vertex 35 29.75 -22
      vertex 35 29.75 -21.6
      vertex 48 29.75 -23.675
    endloop
  endfacet
  facet normal 0 1 0
    outer loop
      vertex 35 29.75 -21.6
      vertex 44.5 29.75 -20.175
      vertex 44.5 29.75 -22.3
    endloop
  endfacet
  facet normal 0 -1 0
    outer loop
      vertex 35 28.25 -21.6
      vertex 48 28.25 -23.675
      vertex 48 28.25 -21.55
    endloop
  endfacet
  facet normal 0 -1 0
    outer loop
      vertex 35 28.25 -21.6
      vertex 48 28.25 -21.55
      vertex 48 28.25 -20.175
    endloop
  endfacet
  facet normal 0 1 0
    outer loop
      vertex 35 29.75 -21.6
      vertex 44.5 29.75 -22.3
      vertex 48 29.75 -23.675
    endloop
  endfacet
  facet normal 1 0 0
    outer loop
      vertex 48 28.25 -23.675
      vertex 48 29.75 -23.675
      vertex 48 28.25 -21.55
    endloop
  endfacet
  facet normal 1 0 0
    outer loop
      vertex 48 29.75 -23.675
      vertex 48 29.40432914190873 -22.030969883127824
      vertex 48 29.3821508157935 -22.020480316087088
    endloop
  endfacet
  facet normal 1 0 0
    outer loop
      vertex 48 29.75 -23.675
      vertex 48 29.427428830686384 -22.039235083933054
      vertex 48 29.40432914190873 -22.030969883127824
    endloop
  endfacet
  facet normal 1 0 0
    outer loop
      vertex 48 29.75 -23.675
      vertex 48 29.451227419495968 -22.045196320100807
      vertex 48 29.427428830686384 -22.039235083933054
    endloop
  endfacet
  facet normal 1 0 0
    outer loop
      vertex 48 29.75 -23.675
      vertex 48 29.5 -22.05
      vertex 48 29.47549571491761 -22.04879618166805
    endloop
  endfacet
  facet normal 1 0 0
    outer loop
      vertex 48 29.75 -23.675
      vertex 48 29.47549571491761 -22.04879618166805
      vertex 48 29.451227419495968 -22.045196320100807
    endloop
  endfacet
  facet normal 1 0 0
    outer loop
      vertex 48 29.75 -23.675
      vertex 48 29.548772580504032 -22.045196320100807
      vertex 48 29.52450428508239 -22.04879618166805
    endloop
  endfacet
  facet normal 1 0 0
    outer loop
      vertex 48 29.75 -23.675
      vertex 48 29.52450428508239 -22.04879618166805
      vertex 48 29.5 -22.05
    endloop
  endfacet
  facet normal 1 0 0
    outer loop
      vertex 48 29.75 -23.675
      vertex 48 29.59567085809127 -22.030969883127824
      vertex 48 29.572571169313616 -22.039235083933054
    endloop
  endfacet
  facet normal 1 0 0
    outer loop
      vertex 48 29.75 -23.675
      vertex 48 29.572571169313616 -22.039235083933054
      vertex 48 29.548772580504032 -22.045196320100807
    endloop
  endfacet
  facet normal 1 0 0
    outer loop
      vertex 48 28.25 -21.55
      vertex 48 29.75 -23.675
      vertex 48 29.260764916066947 -21.872571169313616
    endloop
  endfacet
  facet normal 1 0 0
    outer loop
      vertex 48 29.75 -23.675
      vertex 48 29.269030116872177 -21.895670858091272
      vertex 48 29.260764916066947 -21.872571169313616
    endloop
  endfacet
  facet normal 1 0 0
    outer loop
      vertex 48 29.75 -23.675
      vertex 48 29.279519683912913 -21.9178491842065
      vertex 48 29.269030116872177 -21.895670858091272
    endloop
  endfacet
  facet normal 1 0 0
    outer loop
      vertex 48 29.75 -23.675
      vertex 48 29.292132596924365 -21.938892558254903
      vertex 48 29.279519683912913 -21.9178491842065
    endloop
  endfacet
  facet normal 1 0 0
    outer loop
      vertex 48 29.75 -23.675
      vertex 48 29.306747386659314 -21.958598321040913
      vertex 48 29.292132596924365 -21.938892558254903
    endloop
  endfacet
  facet normal 1 0 0
    outer loop
      vertex 48 29.75 -23.675
      vertex 48 29.32322330470336 -21.97677669529664
      vertex 48 29.306747386659314 -21.958598321040913
    endloop
  endfacet
  facet normal 1 0 0
    outer loop
      vertex 48 29.75 -23.675
      vertex 48 29.341401678959087 -21.993252613340687
      vertex 48 29.32322330470336 -21.97677669529664
    endloop
  endfacet
  facet normal 1 0 0
    outer loop
      vertex 48 29.75 -23.675
      vertex 48 29.361107441745098 -22.007867403075636
      vertex 48 29.341401678959087 -21.993252613340687
    endloop
  endfacet
  facet normal 1 0 0
    outer loop
      vertex 48 29.75 -23.675
      vertex 48 29.3821508157935 -22.020480316087088
      vertex 48 29.361107441745098 -22.007867403075636
    endloop
  endfacet
  facet normal 1 0 0
    outer loop
      vertex 48 28.25 -21.55
      vertex 48 29.254803679899194 -21.848772580504033
      vertex 48 29.251203818331952 -21.82450428508239
    endloop
  endfacet
  facet normal 1 0 0
    outer loop
      vertex 48 28.25 -21.55
      vertex 48 29.260764916066947 -21.872571169313616
      vertex 48 29.254803679899194 -21.848772580504033
    endloop
  endfacet
  facet normal 1 0 0
    outer loop
      vertex 48 28.25 -21.55
      vertex 48 29.25 -21.8
      vertex 48 29.251203818331952 -21.77549571491761
    endloop
  endfacet
  facet normal 1 0 0
    outer loop
      vertex 48 28.25 -21.55
      vertex 48 29.251203818331952 -21.82450428508239
      vertex 48 29.25 -21.8
    endloop
  endfacet
  facet normal 1 0 0
    outer loop
      vertex 48 28.25 -21.55
      vertex 48 29.251203818331952 -21.77549571491761
      vertex 48 29.254803679899194 -21.75122741949597
    endloop
  endfacet
  facet normal 1 0 0
    outer loop
      vertex 48 28.25 -21.55
      vertex 48 29.269030116872177 -21.70432914190873
      vertex 48 29.279519683912913 -21.682150815793502
    endloop
  endfacet
  facet normal 1 0 0
    outer loop
      vertex 48 28.25 -21.55
      vertex 48 29.260764916066947 -21.727428830686385
      vertex 48 29.269030116872177 -21.70432914190873
    endloop
  endfacet
  facet normal 1 0 0
    outer loop
      vertex 48 28.25 -21.55
      vertex 48 29.254803679899194 -21.75122741949597
      vertex 48 29.260764916066947 -21.727428830686385
    endloop
  endfacet
  facet normal 1 0 0
    outer loop
      vertex 48 28.25 -21.55
      vertex 48 29.292132596924365 -21.6611074417451
      vertex 48 29.306747386659314 -21.641401678959088
    endloop
  endfacet
  facet normal 1 0 0
    outer loop
      vertex 48 28.25 -21.55
      vertex 48 29.279519683912913 -21.682150815793502
      vertex 48 29.292132596924365 -21.6611074417451
    endloop
  endfacet
  facet normal 1 0 0
    outer loop
      vertex 48 28.25 -21.55
      vertex 48 29.306747386659314 -21.641401678959088
      vertex 48 29.32322330470336 -21.623223304703362
    endloop
  endfacet
  facet normal 1 0 0
    outer loop
      vertex 48 28.25 -21.55
      vertex 48 29.32322330470336 -21.623223304703362
      vertex 48 29.341401678959087 -21.606747386659315
    endloop
  endfacet
  facet normal 1 0 0
    outer loop
      vertex 48 28.25 -21.55
      vertex 48 29.341401678959087 -21.606747386659315
      vertex 48 29.361107441745098 -21.592132596924365
    endloop
  endfacet
  facet normal 1 0 0
    outer loop
      vertex 48 28.25 -21.55
      vertex 48 29.3821508157935 -21.579519683912913
      vertex 48 29.40432914190873 -21.569030116872177
    endloop
  endfacet
  facet normal 1 0 0
    outer loop
      vertex 48 28.25 -21.55
      vertex 48 29.361107441745098 -21.592132596924365
      vertex 48 29.3821508157935 -21.579519683912913
    endloop
  endfacet
  facet normal 1 0 0
    outer loop
      vertex 48 28.25 -21.55
      vertex 48 29.427428830686384 -21.560764916066947
      vertex 48 29.451227419495968 -21.554803679899194
    endloop
  endfacet
  facet normal 1 0 0
    outer loop
      vertex 48 28.25 -21.55
      vertex 48 29.40432914190873 -21.569030116872177
      vertex 48 29.427428830686384 -21.560764916066947
    endloop
  endfacet
  facet normal 1 0 0
    outer loop
      vertex 48 28.25 -21.55
      vertex 48 29.451227419495968 -21.554803679899194
      vertex 48 29.47549571491761 -21.551203818331953
    endloop
  endfacet
  facet normal 1 0 0
    outer loop
      vertex 48 28.25 -21.55
      vertex 48 29.47549571491761 -21.551203818331953
      vertex 48 29.5 -21.55
    endloop
  endfacet
  facet normal 1 0 0
    outer loop
      vertex 48 29.52450428508239 -21.551203818331953
      vertex 48 29.75 -21.55
      vertex 48 29.5 -21.55
    endloop
  endfacet
  facet normal 1 0 0
    outer loop
      vertex 48 29.52450428508239 -21.551203818331953
      vertex 48 29.548772580504032 -21.554803679899194
      vertex 48 29.75 -21.55
    endloop
  endfacet
  facet normal 1 0 0
    outer loop
      vertex 48 29.572571169313616 -21.560764916066947
      vertex 48 29.59567085809127 -21.569030116872177
      vertex 48 29.75 -21.55
    endloop
  endfacet
  facet normal 1 0 0
    outer loop
      vertex 48 29.548772580504032 -21.554803679899194
      vertex 48 29.572571169313616 -21.560764916066947
      vertex 48 29.75 -21.55
    endloop
  endfacet
  facet normal 0 1 0
    outer loop
      vertex 48 29.75 -23.675
      vertex 44.5 29.75 -22.3
      vertex 48 29.75 -22.3
    endloop
  endfacet
  facet normal 1 0 0
    outer loop
      vertex 48 29.75 -23.675
      vertex 48 29.75 -22.3
      vertex 48 29.748796181668048 -21.82450428508239
    endloop
  endfacet
  facet normal 1 0 0
    outer loop
      vertex 48 29.75 -23.675
      vertex 48 29.6178491842065 -22.020480316087088
      vertex 48 29.59567085809127 -22.030969883127824
    endloop
  endfacet
  facet normal 1 0 0
    outer loop
      vertex 48 29.75 -23.675
      vertex 48 29.638892558254902 -22.007867403075636
      vertex 48 29.6178491842065 -22.020480316087088
    endloop
  endfacet
  facet normal 1 0 0
    outer loop
      vertex 48 29.75 -23.675
      vertex 48 29.67677669529664 -21.97677669529664
      vertex 48 29.658598321040913 -21.993252613340687
    endloop
  endfacet
  facet normal 1 0 0
    outer loop
      vertex 48 29.75 -23.675
      vertex 48 29.658598321040913 -21.993252613340687
      vertex 48 29.638892558254902 -22.007867403075636
    endloop
  endfacet
  facet normal 1 0 0
    outer loop
      vertex 48 29.75 -23.675
      vertex 48 29.707867403075635 -21.938892558254903
      vertex 48 29.693252613340686 -21.958598321040913
    endloop
  endfacet
  facet normal 1 0 0
    outer loop
      vertex 48 29.75 -23.675
      vertex 48 29.693252613340686 -21.958598321040913
      vertex 48 29.67677669529664 -21.97677669529664
    endloop
  endfacet
  facet normal 1 0 0
    outer loop
      vertex 48 29.75 -23.675
      vertex 48 29.739235083933053 -21.872571169313616
      vertex 48 29.730969883127823 -21.895670858091272
    endloop
  endfacet
  facet normal 1 0 0
    outer loop
      vertex 48 29.75 -23.675
      vertex 48 29.730969883127823 -21.895670858091272
      vertex 48 29.720480316087087 -21.9178491842065
    endloop
  endfacet
  facet normal 1 0 0
    outer loop
      vertex 48 29.75 -23.675
      vertex 48 29.720480316087087 -21.9178491842065
      vertex 48 29.707867403075635 -21.938892558254903
    endloop
  endfacet
  facet normal 1 0 0
    outer loop
      vertex 48 29.75 -23.675
      vertex 48 29.748796181668048 -21.82450428508239
      vertex 48 29.745196320100806 -21.848772580504033
    endloop
  endfacet
  facet normal 1 0 0
    outer loop
      vertex 48 29.75 -23.675
      vertex 48 29.745196320100806 -21.848772580504033
      vertex 48 29.739235083933053 -21.872571169313616
    endloop
  endfacet
  facet normal 1 0 0
    outer loop
      vertex 48 29.75 -22.3
      vertex 48 29.75 -21.8
      vertex 48 29.748796181668048 -21.82450428508239
    endloop
  endfacet
  facet normal 1 0 0
    outer loop
      vertex 48 29.75 -21.8
      vertex 48 29.75 -21.55
      vertex 48 29.748796181668048 -21.77549571491761
    endloop
  endfacet
  facet normal 1 0 0
    outer loop
      vertex 48 29.693252613340686 -21.641401678959088
      vertex 48 29.707867403075635 -21.6611074417451
      vertex 48 29.75 -21.55
    endloop
  endfacet
  facet normal 1 0 0
    outer loop
      vertex 48 29.745196320100806 -21.75122741949597
      vertex 48 29.748796181668048 -21.77549571491761
      vertex 48 29.75 -21.55
    endloop
  endfacet
  facet normal 1 0 0
    outer loop
      vertex 48 29.745196320100806 -21.75122741949597
      vertex 48 29.75 -21.55
      vertex 48 29.739235083933053 -21.727428830686385
    endloop
  endfacet
  facet normal 1 0 0
    outer loop
      vertex 48 29.739235083933053 -21.727428830686385
      vertex 48 29.75 -21.55
      vertex 48 29.730969883127823 -21.70432914190873
    endloop
  endfacet
  facet normal 1 0 0
    outer loop
      vertex 48 29.720480316087087 -21.682150815793502
      vertex 48 29.730969883127823 -21.70432914190873
      vertex 48 29.75 -21.55
    endloop
  endfacet
  facet normal 1 0 0
    outer loop
      vertex 48 29.707867403075635 -21.6611074417451
      vertex 48 29.720480316087087 -21.682150815793502
      vertex 48 29.75 -21.55
    endloop
  endfacet
  facet normal 1 0 0
    outer loop
      vertex 48 29.59567085809127 -21.569030116872177
      vertex 48 29.6178491842065 -21.579519683912913
      vertex 48 29.75 -21.55
    endloop
  endfacet
  facet normal 1 0 0
    outer loop
      vertex 48 29.658598321040913 -21.606747386659315
      vertex 48 29.67677669529664 -21.623223304703362
      vertex 48 29.75 -21.55
    endloop
  endfacet
  facet normal 1 0 0
    outer loop
      vertex 48 29.658598321040913 -21.606747386659315
      vertex 48 29.75 -21.55
      vertex 48 29.638892558254902 -21.592132596924365
    endloop
  endfacet
  facet normal 1 0 0
    outer loop
      vertex 48 29.6178491842065 -21.579519683912913
      vertex 48 29.638892558254902 -21.592132596924365
      vertex 48 29.75 -21.55
    endloop
  endfacet
  facet normal 1 0 0
    outer loop
      vertex 48 29.693252613340686 -21.641401678959088
      vertex 48 29.75 -21.55
      vertex 48 29.67677669529664 -21.623223304703362
    endloop
  endfacet
  facet normal 0 0 1
    outer loop
      vertex 45.875 28.25 -20.175
      vertex 45.875 29 -20.175
      vertex 44.5 29 -20.175
    endloop
  endfacet
  facet normal 0 -1 0
    outer loop
      vertex 48 28.25 -21.55
      vertex 49.375 28.25 -21.55
      vertex 48 28.25 -20.175
    endloop
  endfacet
  facet normal 0 0 -1
    outer loop
      vertex 48 28.25 -21.55
      vertex 48 29.5 -21.55
      vertex 49.375 29.75 -21.55
    endloop
  endfacet
  facet normal 0 0 -1
    outer loop
      vertex 48 28.25 -21.55
      vertex 49.375 29.75 -21.55
      vertex 49.375 28.25 -21.55
    endloop
  endfacet
  facet normal 0 0 -1
    outer loop
      vertex 48 29.5 -21.55
      vertex 48 29.75 -21.55
      vertex 49.375 29.75 -21.55
    endloop
  endfacet
  facet normal 0 1 0
    outer loop
      vertex 48 29.75 -21.55
      vertex 48 29.75 -18.8
      vertex 49.375 29.75 -21.55
    endloop
  endfacet
  facet normal -1 0 0
    outer loop
      vertex 45.875 28.25 -20.175
      vertex 45.875 29 -18.8
      vertex 45.875 29 -20.175
    endloop
  endfacet
  facet normal -1 0 0
    outer loop
      vertex 45.875 28.25 -20.175
      vertex 45.875 28.25 20.175
      vertex 45.875 29 -18.8
    endloop
  endfacet
  facet normal -1 0 0
    outer loop
      vertex 45.875 29.75 -18.8
      vertex 45.875 29 -18.8
      vertex 45.875 29.75 18.8
    endloop
  endfacet
  facet normal 0 -1 0
    outer loop
      vertex 45.875 28.25 -20.175
      vertex 48 28.25 -20.175
      vertex 49.375 28.25 21.55
    endloop
  endfacet
  facet normal 0 -1 0
    outer loop
      vertex 49.375 28.25 -21.55
      vertex 49.375 28.25 21.55
      vertex 48 28.25 -20.175
    endloop
  endfacet
  facet normal 1 0 0
    outer loop
      vertex 49.375 28.25 -21.55
      vertex 49.375 29.75 -21.55
      vertex 49.375 28.25 21.55
    endloop
  endfacet
  facet normal 0 1 0
    outer loop
      vertex 48 29.75 18.8
      vertex 48 29.75 -18.8
      vertex 45.875 29.75 -18.8
    endloop
  endfacet
  facet normal 0 1 0
    outer loop
      vertex 49.375 29.75 -21.55
      vertex 48 29.75 -18.8
      vertex 48 29.75 18.8
    endloop
  endfacet
  facet normal -1 0 0
    outer loop
      vertex 45.875 28.25 20.175
      vertex 45.875 29 18.8
      vertex 45.875 29 -18.8
    endloop
  endfacet
  facet normal -1 0 0
    outer loop
      vertex 45.875 29.75 18.8
      vertex 45.875 29 -18.8
      vertex 45.875 29 18.8
    endloop
  endfacet
  facet normal 0 -1 0
    outer loop
      vertex 45.875 28.25 -20.175
      vertex 48 28.25 20.175
      vertex 45.875 28.25 20.175
    endloop
  endfacet
  facet normal 0 -1 0
    outer loop
      vertex 45.875 28.25 -20.175
      vertex 49.375 28.25 21.55
      vertex 48 28.25 20.175
    endloop
  endfacet
  facet normal 1 0 0
    outer loop
      vertex 49.375 29.75 -21.55
      vertex 49.375 29.75 21.55
      vertex 49.375 28.25 21.55
    endloop
  endfacet
  facet normal 0 1 0
    outer loop
      vertex 45.875 29.75 -18.8
      vertex 45.875 29.75 18.8
      vertex 48 29.75 18.8
    endloop
  endfacet
  facet normal 0 1 0
    outer loop
      vertex 49.375 29.75 -21.55
      vertex 48 29.75 18.8
      vertex 48 29.75 21.55
    endloop
  endfacet
  facet normal 0 1 0
    outer loop
      vertex 49.375 29.75 -21.55
      vertex 48 29.75 21.55
      vertex 49.375 29.75 21.55
    endloop
  endfacet
  facet normal -1 0 0
    outer loop
      vertex 45.875 28.25 20.175
      vertex 45.875 29 20.175
      vertex 45.875 29 18.8
    endloop
  endfacet
  facet normal 0 -1 0
    outer loop
      vertex 48 28.25 20.175
      vertex 49.375 28.25 21.55
      vertex 48 28.25 21.55
    endloop
  endfacet
  facet normal 0 0 1
    outer loop
      vertex 48 28.25 21.55
      vertex 49.375 28.25 21.55
      vertex 48 29.75 21.55
    endloop
  endfacet
  facet normal 0 0 1
    outer loop
      vertex 49.375 28.25 21.55
      vertex 49.375 29.75 21.55
      vertex 48 29.75 21.55
    endloop
  endfacet
  facet normal 0 -1 0
    outer loop
      vertex -49.375 28.25 -21.55
      vertex -48 28.25 -21.55
      vertex -48 28.25 -20.175
    endloop
  endfacet
  facet normal 0 0 -1
    outer loop
      vertex -49.375 28.25 -21.55
      vertex -49.375 29.75 -21.55
      vertex -48 29.75 -21.55
    endloop
  endfacet
  facet normal 0 0 -1
    outer loop
      vertex -49.375 28.25 -21.55
      vertex -48 29.5 -21.55
      vertex -48 28.25 -21.55
    endloop
  endfacet
  facet normal 0 0 -1
    outer loop
      vertex -49.375 28.25 -21.55
      vertex -48 29.75 -21.55
      vertex -48 29.5 -21.55
    endloop
  endfacet
  facet normal 1 0 0
    outer loop
      vertex -45.875 28.25 -20.175
      vertex -45.875 29 -20.175
      vertex -45.875 29 -18.8
    endloop
  endfacet
  facet normal -1 0 0
    outer loop
      vertex -49.375 28.25 -21.55
      vertex -49.375 29.75 21.55
      vertex -49.375 29.75 -21.55
    endloop
  endfacet
  facet normal 0 -1 0
    outer loop
      vertex -49.375 28.25 -21.55
      vertex -48 28.25 -20.175
      vertex -45.875 28.25 20.175
    endloop
  endfacet
  facet normal 0 -1 0
    outer loop
      vertex -48 28.25 -20.175
      vertex -45.875 28.25 -20.175
      vertex -45.875 28.25 20.175
    endloop
  endfacet
  facet normal 1 0 0
    outer loop
      vertex -45.875 28.25 -20.175
      vertex -45.875 29 -18.8
      vertex -45.875 29 18.8
    endloop
  endfacet
  facet normal 1 0 0
    outer loop
      vertex -45.875 29.75 -18.8
      vertex -45.875 29 18.8
      vertex -45.875 29 -18.8
    endloop
  endfacet
  facet normal 0 1 0
    outer loop
      vertex -49.375 29.75 -21.55
      vertex -49.375 29.75 21.55
      vertex -48 29.75 -21.55
    endloop
  endfacet
  facet normal 0 1 0
    outer loop
      vertex -49.375 29.75 21.55
      vertex -48 29.75 -18.8
      vertex -48 29.75 -21.55
    endloop
  endfacet
  facet normal 0 1 0
    outer loop
      vertex -45.875 29.75 -18.8
      vertex -48 29.75 -18.8
      vertex -45.875 29.75 18.8
    endloop
  endfacet
  facet normal 0 -1 0
    outer loop
      vertex -49.375 28.25 -21.55
      vertex -48 28.25 20.175
      vertex -49.375 28.25 21.55
    endloop
  endfacet
  facet normal -1 0 0
    outer loop
      vertex -49.375 28.25 -21.55
      vertex -49.375 28.25 21.55
      vertex -49.375 29.75 21.55
    endloop
  endfacet
  facet normal 0 -1 0
    outer loop
      vertex -49.375 28.25 -21.55
      vertex -45.875 28.25 20.175
      vertex -48 28.25 20.175
    endloop
  endfacet
  facet normal 1 0 0
    outer loop
      vertex -45.875 28.25 -20.175
      vertex -45.875 29 18.8
      vertex -45.875 28.25 20.175
    endloop
  endfacet
  facet normal 1 0 0
    outer loop
      vertex -45.875 29.75 -18.8
      vertex -45.875 29.75 18.8
      vertex -45.875 29 18.8
    endloop
  endfacet
  facet normal 0 1 0
    outer loop
      vertex -49.375 29.75 21.55
      vertex -48 29.75 18.8
      vertex -48 29.75 -18.8
    endloop
  endfacet
  facet normal 0 1 0
    outer loop
      vertex -48 29.75 -18.8
      vertex -48 29.75 18.8
      vertex -45.875 29.75 18.8
    endloop
  endfacet
  facet normal 1 0 0
    outer loop
      vertex -45.875 28.25 20.175
      vertex -45.875 29 18.8
      vertex -45.875 29 20.175
    endloop
  endfacet
  facet normal 0 -1 0
    outer loop
      vertex -48 28.25 20.175
      vertex -48 28.25 21.55
      vertex -49.375 28.25 21.55
    endloop
  endfacet
  facet normal 0 0 1
    outer loop
      vertex -49.375 28.25 21.55
      vertex -48 28.25 21.55
      vertex -49.375 29.75 21.55
    endloop
  endfacet
  facet normal 0 0 1
    outer loop
      vertex -48 28.25 21.55
      vertex -48 29.75 21.55
      vertex -49.375 29.75 21.55
    endloop
  endfacet
  facet normal 0 1 0
    outer loop
      vertex -49.375 29.75 21.55
      vertex -48 29.75 21.55
      vertex -48 29.75 18.8
    endloop
  endfacet
  facet normal -1 0 0
    outer loop
      vertex -48 0 9.4
      vertex -48 1.5 12.9
      vertex -48 1.5 9.4
    endloop
  endfacet
  facet normal 0 1 0
    outer loop
      vertex -47.25 1.5 9.4
      vertex -47.25 1.5 12.9
      vertex -44.5 1.5 9.4
    endloop
  endfacet
  facet normal 0 0 -1
    outer loop
      vertex -47.25 0 9.4
      vertex -47.25 1.5 9.4
      vertex -36 0.1 9.4
    endloop
  endfacet
  facet normal 0 0 -1
    outer loop
      vertex -47.25 0 9.4
      vertex -36 0.1 9.4
      vertex -36 0 9.4
    endloop
  endfacet
  facet normal 0 0 -1
    outer loop
      vertex -47.25 1.5 9.4
      vertex -35.9 0.1 9.4
      vertex -36 0.1 9.4
    endloop
  endfacet
  facet normal 0 0 -1
    outer loop
      vertex -47.25 1.5 9.4
      vertex -24 0.1 9.4
      vertex -35.9 0.1 9.4
    endloop
  endfacet
  facet normal 0 0 -1
    outer loop
      vertex -35.9 0 9.4
      vertex -35.9 0.1 9.4
      vertex -24 0 9.4
    endloop
  endfacet
  facet normal 0 0 -1
    outer loop
      vertex -47.25 1.5 9.4
      vertex -23.9 0.1 9.4
      vertex -24 0.1 9.4
    endloop
  endfacet
  facet normal 0 0 -1
    outer loop
      vertex -35.9 0.1 9.4
      vertex -24 0.1 9.4
      vertex -24 0 9.4
    endloop
  endfacet
  facet normal 0 0 -1
    outer loop
      vertex -47.25 1.5 9.4
      vertex -12 0.1 9.4
      vertex -23.9 0.1 9.4
    endloop
  endfacet
  facet normal 0 0 -1
    outer loop
      vertex -47.25 1.5 9.4
      vertex -11.9 0.1 9.4
      vertex -12 0.1 9.4
    endloop
  endfacet
  facet normal 0 0 -1
    outer loop
      vertex -23.9 0 9.4
      vertex -23.9 0.1 9.4
      vertex -12 0 9.4
    endloop
  endfacet
  facet normal 0 0 -1
    outer loop
      vertex -47.25 1.5 9.4
      vertex 0 0.1 9.4
      vertex -11.9 0.1 9.4
    endloop
  endfacet
  facet normal 0 0 -1
    outer loop
      vertex -23.9 0.1 9.4
      vertex -12 0.1 9.4
      vertex -12 0 9.4
    endloop
  endfacet
  facet normal 0 0 -1
    outer loop
      vertex -47.25 1.5 9.4
      vertex 0.1 0.1 9.4
      vertex 0 0.1 9.4
    endloop
  endfacet
  facet normal 0 0 -1
    outer loop
      vertex -47.25 1.5 9.4
      vertex -44.5 1.5 9.4
      vertex 47.25 0 9.4
    endloop
  endfacet
  facet normal 0 -1 0
    outer loop
      vertex -47.25 0 9.4
      vertex -36 0 9.4
      vertex 47.25 0 12.9
    endloop
  endfacet
  facet normal 0 0 -1
    outer loop
      vertex -47.25 1.5 9.4
      vertex 12 0.1 9.4
      vertex 0.1 0.1 9.4
    endloop
  endfacet
  facet normal 0 0 -1
    outer loop
      vertex -11.9 0 9.4
      vertex -11.9 0.1 9.4
      vertex 0 0 9.4
    endloop
  endfacet
  facet normal 0 0 -1
    outer loop
      vertex -47.25 1.5 9.4
      vertex 12.1 0.1 9.4
      vertex 12 0.1 9.4
    endloop
  endfacet
  facet normal 0 -1 0
    outer loop
      vertex -35.9 0 9.4
      vertex 47.25 0 12.9
      vertex -36 0 9.4
    endloop
  endfacet
  facet normal 0 0 -1
    outer loop
      vertex -11.9 0.1 9.4
      vertex 0 0.1 9.4
      vertex 0 0 9.4
    endloop
  endfacet
  facet normal 0 -1 0
    outer loop
      vertex -35.9 0 9.4
      vertex -24 0 9.4
      vertex 47.25 0 12.9
    endloop
  endfacet
  facet normal 0 0 -1
    outer loop
      vertex -47.25 1.5 9.4
      vertex 24 0.1 9.4
      vertex 12.1 0.1 9.4
    endloop
  endfacet
  facet normal 0 0 -1
    outer loop
      vertex -47.25 1.5 9.4
      vertex 24.1 0.1 9.4
      vertex 24 0.1 9.4
    endloop
  endfacet
  facet normal 0 -1 0
    outer loop
      vertex -24 0 9.4
      vertex -23.9 0 9.4
      vertex 47.25 0 12.9
    endloop
  endfacet
  facet normal 0 -1 0
    outer loop
      vertex -23.9 0 9.4
      vertex -12 0 9.4
      vertex 47.25 0 12.9
    endloop
  endfacet
  facet normal 0 0 -1
    outer loop
      vertex 0.1 0 9.4
      vertex 0.1 0.1 9.4
      vertex 12 0 9.4
    endloop
  endfacet
  facet normal 0 0 -1
    outer loop
      vertex -47.25 1.5 9.4
      vertex 36 0.1 9.4
      vertex 24.1 0.1 9.4
    endloop
  endfacet
  facet normal 0 0 -1
    outer loop
      vertex 0.1 0.1 9.4
      vertex 12 0.1 9.4
      vertex 12 0 9.4
    endloop
  endfacet
  facet normal 0 0 -1
    outer loop
      vertex -47.25 1.5 9.4
      vertex 36.1 0.1 9.4
      vertex 36 0.1 9.4
    endloop
  endfacet
  facet normal 0 -1 0
    outer loop
      vertex -11.9 0 9.4
      vertex 47.25 0 12.9
      vertex -12 0 9.4
    endloop
  endfacet
  facet normal 0 -1 0
    outer loop
      vertex -11.9 0 9.4
      vertex 0 0 9.4
      vertex 47.25 0 12.9
    endloop
  endfacet
  facet normal 0 0 -1
    outer loop
      vertex -47.25 1.5 9.4
      vertex 47.25 0 9.4
      vertex 36.1 0.1 9.4
    endloop
  endfacet
  facet normal 0 0 -1
    outer loop
      vertex 12.1 0 9.4
      vertex 12.1 0.1 9.4
      vertex 24 0 9.4
    endloop
  endfacet
  facet normal 0 -1 0
    outer loop
      vertex 0 0 9.4
      vertex 0.1 0 9.4
      vertex 47.25 0 12.9
    endloop
  endfacet
  facet normal 0 0 -1
    outer loop
      vertex -44.5 1.5 9.4
      vertex 44.5 1.5 9.4
      vertex 47.25 0 9.4
    endloop
  endfacet
  facet normal 0 -1 0
    outer loop
      vertex 0.1 0 9.4
      vertex 12 0 9.4
      vertex 47.25 0 12.9
    endloop
  endfacet
  facet normal 0 0 -1
    outer loop
      vertex 12.1 0.1 9.4
      vertex 24 0.1 9.4
      vertex 24 0 9.4
    endloop
  endfacet
  facet normal -1 0 0
    outer loop
      vertex -48 0 9.4
      vertex -48 0 12.9
      vertex -48 1.5 12.9
    endloop
  endfacet
  facet normal 0 1 0
    outer loop
      vertex -44.5 1.5 9.4
      vertex -47.25 1.5 12.9
      vertex -44.5 1.5 12.9
    endloop
  endfacet
  facet normal 0 0 1
    outer loop
      vertex -47.25 0 12.9
      vertex -44.5 1.5 12.9
      vertex -47.25 1.5 12.9
    endloop
  endfacet
  facet normal 0 -1 0
    outer loop
      vertex -47.25 0 9.4
      vertex -36 0 12.9
      vertex -47.25 0 12.9
    endloop
  endfacet
  facet normal 0 -1 0
    outer loop
      vertex -47.25 0 9.4
      vertex -35.9 0 12.9
      vertex -36 0 12.9
    endloop
  endfacet
  facet normal 0 0 1
    outer loop
      vertex -47.25 0 12.9
      vertex -36 0 12.9
      vertex -36 0.1 12.9
    endloop
  endfacet
  facet normal 0 -1 0
    outer loop
      vertex -47.25 0 9.4
      vertex -24 0 12.9
      vertex -35.9 0 12.9
    endloop
  endfacet
  facet normal 0 -1 0
    outer loop
      vertex -47.25 0 9.4
      vertex -23.9 0 12.9
      vertex -24 0 12.9
    endloop
  endfacet
  facet normal 0 0 1
    outer loop
      vertex -35.9 0 12.9
      vertex -24 0.1 12.9
      vertex -35.9 0.1 12.9
    endloop
  endfacet
  facet normal 0 -1 0
    outer loop
      vertex -47.25 0 9.4
      vertex -12 0 12.9
      vertex -23.9 0 12.9
    endloop
  endfacet
  facet normal 0 0 1
    outer loop
      vertex -35.9 0 12.9
      vertex -24 0 12.9
      vertex -24 0.1 12.9
    endloop
  endfacet
  facet normal 0 -1 0
    outer loop
      vertex -47.25 0 9.4
      vertex -11.9 0 12.9
      vertex -12 0 12.9
    endloop
  endfacet
  facet normal 0 0 1
    outer loop
      vertex -23.9 0 12.9
      vertex -12 0.1 12.9
      vertex -23.9 0.1 12.9
    endloop
  endfacet
  facet normal 0 -1 0
    outer loop
      vertex -47.25 0 9.4
      vertex 0 0 12.9
      vertex -11.9 0 12.9
    endloop
  endfacet
  facet normal 0 -1 0
    outer loop
      vertex -47.25 0 9.4
      vertex 0.1 0 12.9
      vertex 0 0 12.9
    endloop
  endfacet
  facet normal 0 0 1
    outer loop
      vertex -23.9 0 12.9
      vertex -12 0 12.9
      vertex -12 0.1 12.9
    endloop
  endfacet
  facet normal 0 0 1
    outer loop
      vertex -47.25 0 12.9
      vertex 44.5 1.5 12.9
      vertex -44.5 1.5 12.9
    endloop
  endfacet
  facet normal 0 -1 0
    outer loop
      vertex -47.25 0 9.4
      vertex 12 0 12.9
      vertex 0.1 0 12.9
    endloop
  endfacet
  facet normal 0 0 1
    outer loop
      vertex -47.25 0 12.9
      vertex -36 0.1 12.9
      vertex 47.25 1.5 12.9
    endloop
  endfacet
  facet normal 0 -1 0
    outer loop
      vertex -47.25 0 9.4
      vertex 12.1 0 12.9
      vertex 12 0 12.9
    endloop
  endfacet
  facet normal 0 0 1
    outer loop
      vertex -11.9 0 12.9
      vertex 0 0.1 12.9
      vertex -11.9 0.1 12.9
    endloop
  endfacet
  facet normal 0 0 1
    outer loop
      vertex -36 0.1 12.9
      vertex -35.9 0.1 12.9
      vertex 47.25 1.5 12.9
    endloop
  endfacet
  facet normal 0 0 1
    outer loop
      vertex -11.9 0 12.9
      vertex 0 0 12.9
      vertex 0 0.1 12.9
    endloop
  endfacet
  facet normal 0 0 1
    outer loop
      vertex -35.9 0.1 12.9
      vertex -24 0.1 12.9
      vertex 47.25 1.5 12.9
    endloop
  endfacet
  facet normal 0 -1 0
    outer loop
      vertex -47.25 0 9.4
      vertex 24 0 12.9
      vertex 12.1 0 12.9
    endloop
  endfacet
  facet normal 0 -1 0
    outer loop
      vertex -47.25 0 9.4
      vertex 24.1 0 12.9
      vertex 24 0 12.9
    endloop
  endfacet
  facet normal 0 0 1
    outer loop
      vertex -24 0.1 12.9
      vertex -23.9 0.1 12.9
      vertex 47.25 1.5 12.9
    endloop
  endfacet
  facet normal 0 -1 0
    outer loop
      vertex -47.25 0 9.4
      vertex 36 0 12.9
      vertex 24.1 0 12.9
    endloop
  endfacet
  facet normal 0 0 1
    outer loop
      vertex -23.9 0.1 12.9
      vertex -12 0.1 12.9
      vertex 47.25 1.5 12.9
    endloop
  endfacet
  facet normal 0 0 1
    outer loop
      vertex 0.1 0 12.9
      vertex 12 0.1 12.9
      vertex 0.1 0.1 12.9
    endloop
  endfacet
  facet normal 0 -1 0
    outer loop
      vertex -47.25 0 9.4
      vertex 36.1 0 12.9
      vertex 36 0 12.9
    endloop
  endfacet
  facet normal 0 0 1
    outer loop
      vertex -12 0.1 12.9
      vertex -11.9 0.1 12.9
      vertex 47.25 1.5 12.9
    endloop
  endfacet
  facet normal 0 0 1
    outer loop
      vertex 0.1 0 12.9
      vertex 12 0 12.9
      vertex 12 0.1 12.9
    endloop
  endfacet
  facet normal 0 0 1
    outer loop
      vertex -11.9 0.1 12.9
      vertex 0 0.1 12.9
      vertex 47.25 1.5 12.9
    endloop
  endfacet
  facet normal 0 -1 0
    outer loop
      vertex -47.25 0 9.4
      vertex 47.25 0 12.9
      vertex 36.1 0 12.9
    endloop
  endfacet
  facet normal 0 0 1
    outer loop
      vertex -47.25 0 12.9
      vertex 47.25 1.5 12.9
      vertex 44.5 1.5 12.9
    endloop
  endfacet
  facet normal 0 0 1
    outer loop
      vertex 0 0.1 12.9
      vertex 0.1 0.1 12.9
      vertex 47.25 1.5 12.9
    endloop
  endfacet
  facet normal 0 0 1
    outer loop
      vertex 12.1 0 12.9
      vertex 24 0.1 12.9
      vertex 12.1 0.1 12.9
    endloop
  endfacet
  facet normal 0 0 1
    outer loop
      vertex 0.1 0.1 12.9
      vertex 12 0.1 12.9
      vertex 47.25 1.5 12.9
    endloop
  endfacet
  facet normal 0 0 1
    outer loop
      vertex 12.1 0 12.9
      vertex 24 0 12.9
      vertex 24 0.1 12.9
    endloop
  endfacet
  facet normal 0 -1 0
    outer loop
      vertex 12 0 9.4
      vertex 12.1 0 9.4
      vertex 47.25 0 12.9
    endloop
  endfacet
  facet normal 0 -1 0
    outer loop
      vertex 12.1 0 9.4
      vertex 24 0 9.4
      vertex 47.25 0 12.9
    endloop
  endfacet
  facet normal 0 0 -1
    outer loop
      vertex 24.1 0 9.4
      vertex 24.1 0.1 9.4
      vertex 36 0 9.4
    endloop
  endfacet
  facet normal 0 0 -1
    outer loop
      vertex 24.1 0.1 9.4
      vertex 36 0.1 9.4
      vertex 36 0 9.4
    endloop
  endfacet
  facet normal 0 -1 0
    outer loop
      vertex 24 0 9.4
      vertex 24.1 0 9.4
      vertex 47.25 0 12.9
    endloop
  endfacet
  facet normal 0 -1 0
    outer loop
      vertex 24.1 0 9.4
      vertex 36 0 9.4
      vertex 47.25 0 12.9
    endloop
  endfacet
  facet normal 0 0 -1
    outer loop
      vertex 36.1 0 9.4
      vertex 36.1 0.1 9.4
      vertex 47.25 0 9.4
    endloop
  endfacet
  facet normal 0 -1 0
    outer loop
      vertex 36 0 9.4
      vertex 36.1 0 9.4
      vertex 47.25 0 12.9
    endloop
  endfacet
  facet normal 0 -1 0
    outer loop
      vertex 36.1 0 9.4
      vertex 47.25 0 9.4
      vertex 47.25 0 12.9
    endloop
  endfacet
  facet normal 0 1 0
    outer loop
      vertex 44.5 1.5 9.4
      vertex 44.5 1.5 12.9
      vertex 47.25 1.5 9.4
    endloop
  endfacet
  facet normal 0 0 -1
    outer loop
      vertex 44.5 1.5 9.4
      vertex 47.25 1.5 9.4
      vertex 47.25 0 9.4
    endloop
  endfacet
  facet normal 1 0 0
    outer loop
      vertex 48 0.1 9.4
      vertex 48 1.5 9.4
      vertex 48 1.5 12.9
    endloop
  endfacet
  facet normal 0 0 1
    outer loop
      vertex 12 0.1 12.9
      vertex 12.1 0.1 12.9
      vertex 47.25 1.5 12.9
    endloop
  endfacet
  facet normal 0 0 1
    outer loop
      vertex 12.1 0.1 12.9
      vertex 24 0.1 12.9
      vertex 47.25 1.5 12.9
    endloop
  endfacet
  facet normal 0 0 1
    outer loop
      vertex 24.1 0 12.9
      vertex 36 0.1 12.9
      vertex 24.1 0.1 12.9
    endloop
  endfacet
  facet normal 0 0 1
    outer loop
      vertex 24 0.1 12.9
      vertex 24.1 0.1 12.9
      vertex 47.25 1.5 12.9
    endloop
  endfacet
  facet normal 0 0 1
    outer loop
      vertex 24.1 0 12.9
      vertex 36 0 12.9
      vertex 36 0.1 12.9
    endloop
  endfacet
  facet normal 0 0 1
    outer loop
      vertex 24.1 0.1 12.9
      vertex 36 0.1 12.9
      vertex 47.25 1.5 12.9
    endloop
  endfacet
  facet normal 0 0 1
    outer loop
      vertex 36.1 0 12.9
      vertex 47.25 1.5 12.9
      vertex 36.1 0.1 12.9
    endloop
  endfacet
  facet normal 0 0 1
    outer loop
      vertex 36 0.1 12.9
      vertex 36.1 0.1 12.9
      vertex 47.25 1.5 12.9
    endloop
  endfacet
  facet normal 0 0 1
    outer loop
      vertex 36.1 0 12.9
      vertex 47.25 0 12.9
      vertex 47.25 1.5 12.9
    endloop
  endfacet
  facet normal 0 1 0
    outer loop
      vertex 47.25 1.5 9.4
      vertex 44.5 1.5 12.9
      vertex 47.25 1.5 12.9
    endloop
  endfacet
  facet normal 1 0 0
    outer loop
      vertex 48 0.1 9.4
      vertex 48 1.5 12.9
      vertex 48 0.1 12.9
    endloop
  endfacet
  facet normal -1 0 0
    outer loop
      vertex -48 0 -12.9
      vertex -48 1.5 -9.4
      vertex -48 1.5 -12.9
    endloop
  endfacet
  facet normal 0 1 0
    outer loop
      vertex -47.25 1.5 -12.9
      vertex -47.25 1.5 -9.4
      vertex -44.5 1.5 -12.9
    endloop
  endfacet
  facet normal -1 0 0
    outer loop
      vertex -48 0 -12.9
      vertex -48 0 -9.4
      vertex -48 1.5 -9.4
    endloop
  endfacet
  facet normal 0 1 0
    outer loop
      vertex -47.25 1.5 -9.4
      vertex -44.5 1.5 -9.4
      vertex -44.5 1.5 -12.9
    endloop
  endfacet
  facet normal 0 0 1
    outer loop
      vertex -47.25 0 -9.4
      vertex -44.5 1.5 -9.4
      vertex -47.25 1.5 -9.4
    endloop
  endfacet
  facet normal 0 0 -1
    outer loop
      vertex -47.25 0 -12.9
      vertex -47.25 1.5 -12.9
      vertex 47.25 0 -12.9
    endloop
  endfacet
  facet normal 0 0 -1
    outer loop
      vertex -47.25 1.5 -12.9
      vertex -44.5 1.5 -12.9
      vertex 47.25 0 -12.9
    endloop
  endfacet
  facet normal 0 -1 0
    outer loop
      vertex -47.25 0 -12.9
      vertex 47.25 0 -9.4
      vertex -47.25 0 -9.4
    endloop
  endfacet
  facet normal 0 0 1
    outer loop
      vertex -47.25 0 -9.4
      vertex 44.5 1.5 -9.4
      vertex -44.5 1.5 -9.4
    endloop
  endfacet
  facet normal 0 0 -1
    outer loop
      vertex -44.5 1.5 -12.9
      vertex 44.5 1.5 -12.9
      vertex 47.25 0 -12.9
    endloop
  endfacet
  facet normal 0 -1 0
    outer loop
      vertex -47.25 0 -12.9
      vertex 47.25 0 -12.9
      vertex 47.25 0 -9.4
    endloop
  endfacet
  facet normal 0 0 1
    outer loop
      vertex -47.25 0 -9.4
      vertex 47.25 1.5 -9.4
      vertex 44.5 1.5 -9.4
    endloop
  endfacet
  facet normal 0 0 1
    outer loop
      vertex -47.25 0 -9.4
      vertex 47.25 0 -9.4
      vertex 47.25 1.5 -9.4
    endloop
  endfacet
  facet normal 0 1 0
    outer loop
      vertex 44.5 1.5 -12.9
      vertex 44.5 1.5 -9.4
      vertex 47.25 1.5 -12.9
    endloop
  endfacet
  facet normal 0 0 -1
    outer loop
      vertex 44.5 1.5 -12.9
      vertex 47.25 1.5 -12.9
      vertex 47.25 0 -12.9
    endloop
  endfacet
  facet normal 1 0 0
    outer loop
      vertex 48 0 -12.9
      vertex 48 1.5 -12.9
      vertex 48 0.1 -12
    endloop
  endfacet
  facet normal 1 0 0
    outer loop
      vertex 48 0 -12.9
      vertex 48 0.1 -12
      vertex 48 0 -12
    endloop
  endfacet
  facet normal 1 0 0
    outer loop
      vertex 48 0.1 -12
      vertex 48 1.5 -12.9
      vertex 48 0.1 -11.9
    endloop
  endfacet
  facet normal 1 0 0
    outer loop
      vertex 48 0 -11.9
      vertex 48 0.1 -11.9
      vertex 48 0 -9.4
    endloop
  endfacet
  facet normal 1 0 0
    outer loop
      vertex 48 0.1 -11.9
      vertex 48 1.5 -12.9
      vertex 48 0 -9.4
    endloop
  endfacet
  facet normal 0 1 0
    outer loop
      vertex 44.5 1.5 -9.4
      vertex 47.25 1.5 -9.4
      vertex 47.25 1.5 -12.9
    endloop
  endfacet
  facet normal 1 0 0
    outer loop
      vertex 48 0 -9.4
      vertex 48 1.5 -12.9
      vertex 48 1.5 -9.4
    endloop
  endfacet
  facet normal 0 -1 0
    outer loop
      vertex -44.5 1.5 -21.55
      vertex -39.15 1.5 -21.55
      vertex -39.15 1.5 -18.05
    endloop
  endfacet
  facet normal -1 0 0
    outer loop
      vertex -44.5 1.5 -21.55
      vertex -44.5 1.5 -15.616666666666667
      vertex -44.5 2 -16.8
    endloop
  endfacet
  facet normal 0 -1 0
    outer loop
      vertex -44.5 1.5 -21.55
      vertex -43.75 1.5 -15.616666666666667
      vertex -44.5 1.5 -15.616666666666667
    endloop
  endfacet
  facet normal -1 0 0
    outer loop
      vertex -44.5 1.5 -21.55
      vertex -44.5 2 -16.8
      vertex -44.5 2 -21.55
    endloop
  endfacet
  facet normal 0 -1 0
    outer loop
      vertex -44.5 1.5 -21.55
      vertex -39.15 1.5 -18.05
      vertex -43.75 1.5 -15.616666666666667
    endloop
  endfacet
  facet normal -1 0 0
    outer loop
      vertex -44.5 1.5 -15.616666666666667
      vertex -44.5 3.5 -16.8
      vertex -44.5 2 -16.8
    endloop
  endfacet
  facet normal 0 -1 0
    outer loop
      vertex -43.75 1.5 -15.616666666666667
      vertex -39.15 1.5 -18.05
      vertex -43.75 1.5 -14.116666666666667
    endloop
  endfacet
  facet normal -1 0 0
    outer loop
      vertex -44.5 15.25 -21.55
      vertex -44.5 3.5 -21.55
      vertex -44.5 3.5 -16.8
    endloop
  endfacet
  facet normal -1 0 0
    outer loop
      vertex -44.5 1.5 -15.616666666666667
      vertex -44.5 15.25 -21.55
      vertex -44.5 3.5 -16.8
    endloop
  endfacet
  facet normal -1 0 0
    outer loop
      vertex -44.5 1.5 -15.616666666666667
      vertex -44.5 15.25 -15.616666666666667
      vertex -44.5 15.25 -21.55
    endloop
  endfacet
  facet normal 0 -1 0
    outer loop
      vertex -37.65 1.5 -21.55
      vertex -19.95 1.5 -21.55
      vertex -37.65 1.5 -18.05
    endloop
  endfacet
  facet normal 0 -1 0
    outer loop
      vertex -43.75 1.5 -14.116666666666667
      vertex -39.15 1.5 -18.05
      vertex -37.65 1.5 -18.05
    endloop
  endfacet
  facet normal 0 -1 0
    outer loop
      vertex -43.75 1.5 -14.116666666666667
      vertex -37.65 1.5 -18.05
      vertex -19.95 1.5 -18.05
    endloop
  endfacet
  facet normal 0 -1 0
    outer loop
      vertex -43.75 1.5 -14.116666666666667
      vertex -18.45 1.5 -18.05
      vertex -44.5 1.5 -12.9
    endloop
  endfacet
  facet normal -1 0 0
    outer loop
      vertex -44.5 15.25 -21.55
      vertex -44.5 15.25 -15.616666666666667
      vertex -44.5 21.50221995788041 -6.891092783242845
    endloop
  endfacet
  facet normal -1 0 0
    outer loop
      vertex -44.5 15.25 -21.55
      vertex -44.5 21.50221995788041 -6.891092783242845
      vertex -44.5 27 -21.55
    endloop
  endfacet
  facet normal 0 1 0
    outer loop
      vertex -44.5 27 -21.55
      vertex -32.5 27 -12.301910878032981
      vertex -32.5 27 -14.742736391902518
    endloop
  endfacet
  facet normal 0 -1 0
    outer loop
      vertex -43.75 1.5 -14.116666666666667
      vertex -19.95 1.5 -18.05
      vertex -18.45 1.5 -18.05
    endloop
  endfacet
  facet normal 0 -1 0
    outer loop
      vertex -37.65 1.5 -18.05
      vertex -19.95 1.5 -21.55
      vertex -19.95 1.5 -18.05
    endloop
  endfacet
  facet normal 0 0 -1
    outer loop
      vertex -44.5 15.25 -21.55
      vertex -44.5 27 -21.55
      vertex 44.5 15.25 -21.55
    endloop
  endfacet
  facet normal 0 1 0
    outer loop
      vertex -44.5 27 -21.55
      vertex -32.5 27 -14.742736391902518
      vertex 32.5 27 -14.742736391902518
    endloop
  endfacet
  facet normal 0 -1 0
    outer loop
      vertex -44.5 1.5 -14.116666666666667
      vertex -43.75 1.5 -14.116666666666667
      vertex -44.5 1.5 -12.9
    endloop
  endfacet
  facet normal -1 0 0
    outer loop
      vertex -44.5 1.5 -14.116666666666667
      vertex -44.5 1.5 -12.9
      vertex -44.5 15.25 -14.116666666666667
    endloop
  endfacet
  facet normal -1 0 0
    outer loop
      vertex -44.5 1.5 -12.9
      vertex -44.5 1.5 -9.4
      vertex -44.5 15.25 -14.116666666666667
    endloop
  endfacet
  facet normal -1 0 0
    outer loop
      vertex -44.5 1.5 -9.4
      vertex -44.5 3.5 -2.75
      vertex -44.5 15.25 -14.116666666666667
    endloop
  endfacet
  facet normal -1 0 0
    outer loop
      vertex -44.5 1.5 -9.4
      vertex -44.5 2 -2.75
      vertex -44.5 3.5 -2.75
    endloop
  endfacet
  facet normal -1 0 0
    outer loop
      vertex -44.5 1.5 -9.4
      vertex -44.5 1.5 -0.75
      vertex -44.5 2 -2.75
    endloop
  endfacet
  facet normal 0 -1 0
    outer loop
      vertex -44.5 1.5 -9.4
      vertex -43.75 1.5 -0.75
      vertex -44.5 1.5 -0.75
    endloop
  endfacet
  facet normal -1 0 0
    outer loop
      vertex -44.5 15.25 -14.116666666666667
      vertex -44.5 3.5 -2.75
      vertex -44.5 3.5 -0.75
    endloop
  endfacet
  facet normal -1 0 0
    outer loop
      vertex -44.5 15.25 -14.116666666666667
      vertex -44.5 3.5 -0.75
      vertex -44.5 15.25 -0.75
    endloop
  endfacet
  facet normal -1 0 0
    outer loop
      vertex -44.5 15.25 -14.116666666666667
      vertex -44.5 15.25 -0.75
      vertex -44.5 18.347549557949655 -2.3857565396533893
    endloop
  endfacet
  facet normal -1 0 0
    outer loop
      vertex -44.5 1.5 -0.75
      vertex -44.5 2 -0.75
      vertex -44.5 2 -2.75
    endloop
  endfacet
  facet normal 0 -1 0
    outer loop
      vertex -44.5 1.5 0.75
      vertex -43.75 1.5 0.75
      vertex -44.5 1.5 9.4
    endloop
  endfacet
  facet normal -1 0 0
    outer loop
      vertex -44.5 1.5 0.75
      vertex -44.5 1.5 9.4
      vertex -44.5 2 2.75
    endloop
  endfacet
  facet normal -1 0 0
    outer loop
      vertex -44.5 1.5 0.75
      vertex -44.5 2 2.75
      vertex -44.5 2 0.75
    endloop
  endfacet
  facet normal -1 0 0
    outer loop
      vertex -44.5 15.25 0.75
      vertex -44.5 3.5 0.75
      vertex -44.5 3.5 2.75
    endloop
  endfacet
  facet normal -1 0 0
    outer loop
      vertex -44.5 1.5 9.4
      vertex -44.5 15.25 0.75
      vertex -44.5 3.5 2.75
    endloop
  endfacet
  facet normal -1 0 0
    outer loop
      vertex -44.5 1.5 9.4
      vertex -44.5 3.5 2.75
      vertex -44.5 2 2.75
    endloop
  endfacet
  facet normal -1 0 0
    outer loop
      vertex -44.5 1.5 9.4
      vertex -44.5 1.5 12.9
      vertex -44.5 15.25 0.75
    endloop
  endfacet
  facet normal -1 0 0
    outer loop
      vertex -44.5 15.25 0.75
      vertex -44.5 1.5 12.9
      vertex -44.5 1.5 14.116666666666664
    endloop
  endfacet
  facet normal -1 0 0
    outer loop
      vertex -44.5 15.25 0.75
      vertex -44.5 1.5 14.116666666666664
      vertex -44.5 15.25 14.116666666666664
    endloop
  endfacet
  facet normal -1 0 0
    outer loop
      vertex -44.5 15.25 -15.616666666666667
      vertex -44.5 15.25 -14.116666666666667
      vertex -44.5 21.50221995788041 -6.891092783242845
    endloop
  endfacet
  facet normal -1 0 0
    outer loop
      vertex -44.5 27 -21.55
      vertex -44.5 21.50221995788041 -6.891092783242845
      vertex -44.5 22.730948024313896 -6.030728128716277
    endloop
  endfacet
  facet normal -1 0 0
    outer loop
      vertex -44.5 15.25 -14.116666666666667
      vertex -44.5 18.347549557949655 -2.3857565396533893
      vertex -44.5 21.50221995788041 -6.891092783242845
    endloop
  endfacet
  facet normal -1 0 0
    outer loop
      vertex -44.5 27 -21.55
      vertex -44.5 22.730948024313896 -6.030728128716277
      vertex -44.5 27 21.55
    endloop
  endfacet
  facet normal 0 1 0
    outer loop
      vertex -44.5 27 -21.55
      vertex -44.5 27 21.55
      vertex -32.5 27 -12.301910878032981
    endloop
  endfacet
  facet normal -1 0 0
    outer loop
      vertex -44.5 15.25 -0.75
      vertex -44.5 15.25 0.75
      vertex -44.5 27 21.55
    endloop
  endfacet
  facet normal -1 0 0
    outer loop
      vertex -44.5 15.25 -0.75
      vertex -44.5 27 21.55
      vertex -44.5 18.347549557949655 -2.3857565396533893
    endloop
  endfacet
  facet normal -1 0 0
    outer loop
      vertex -44.5 27 21.55
      vertex -44.5 19.576277624383145 -1.5253918851268224
      vertex -44.5 18.347549557949655 -2.3857565396533893
    endloop
  endfacet
  facet normal -1 0 0
    outer loop
      vertex -44.5 27 21.55
      vertex -44.5 22.730948024313896 -6.030728128716277
      vertex -44.5 19.576277624383145 -1.5253918851268224
    endloop
  endfacet
  facet normal 0 -1 0
    outer loop
      vertex -44.5 1.5 -9.4
      vertex -3.44974746830583 1.5 1.75
      vertex -43.75 1.5 -0.75
    endloop
  endfacet
  facet normal 0 -1 0
    outer loop
      vertex -44.5 1.5 -9.4
      vertex -1.3284271247461845 1.5 -1.75
      vertex -3.44974746830583 1.5 -1.75
    endloop
  endfacet
  facet normal 0 -1 0
    outer loop
      vertex -44.5 1.5 -9.4
      vertex -3.44974746830583 1.5 -1.75
      vertex -3.44974746830583 1.5 1.75
    endloop
  endfacet
  facet normal 0 -1 0
    outer loop
      vertex -43.75 1.5 -0.75
      vertex 44.5 1.5 9.4
      vertex -43.75 1.5 0.75
    endloop
  endfacet
  facet normal 0 -1 0
    outer loop
      vertex -43.75 1.5 0.75
      vertex 44.5 1.5 9.4
      vertex -44.5 1.5 9.4
    endloop
  endfacet
  facet normal 0 -1 0
    outer loop
      vertex -18.45 1.5 -21.55
      vertex -0.75 1.5 -21.55
      vertex -18.45 1.5 -18.05
    endloop
  endfacet
  facet normal 0 -1 0
    outer loop
      vertex -18.45 1.5 -18.05
      vertex -0.75 1.5 -21.55
      vertex -0.75 1.5 -18.05
    endloop
  endfacet
  facet normal 0 -1 0
    outer loop
      vertex -18.45 1.5 -18.05
      vertex 44.5 1.5 -12.9
      vertex -44.5 1.5 -12.9
    endloop
  endfacet
  facet normal 0 -1 0
    outer loop
      vertex 0.75 1.5 -21.55
      vertex 18.450000000000003 1.5 -21.55
      vertex 0.75 1.5 -18.05
    endloop
  endfacet
  facet normal 0 -1 0
    outer loop
      vertex -18.45 1.5 -18.05
      vertex -0.75 1.5 -18.05
      vertex 44.5 1.5 -12.9
    endloop
  endfacet
  facet normal 0 -1 0
    outer loop
      vertex 0.75 1.5 -18.05
      vertex 18.450000000000003 1.5 -21.55
      vertex 18.450000000000003 1.5 -18.05
    endloop
  endfacet
  facet normal 0 -1 0
    outer loop
      vertex -0.75 1.5 -18.05
      vertex 0.75 1.5 -18.05
      vertex 44.5 1.5 -12.9
    endloop
  endfacet
  facet normal 0 -1 0
    outer loop
      vertex 0.75 1.5 -18.05
      vertex 18.450000000000003 1.5 -18.05
      vertex 44.5 1.5 -12.9
    endloop
  endfacet
  facet normal 0 1 0
    outer loop
      vertex -44.5 27 -21.55
      vertex 32.5 27 -14.742736391902518
      vertex 44.5 27 -21.55
    endloop
  endfacet
  facet normal 0 0 -1
    outer loop
      vertex -44.5 27 -21.55
      vertex 44.5 27 -21.55
      vertex 44.5 15.25 -21.55
    endloop
  endfacet
  facet normal 0 -1 0
    outer loop
      vertex -44.5 1.5 -9.4
      vertex 43.75 1.5 0.75
      vertex -1.3284271247461845 1.5 -1.75
    endloop
  endfacet
  facet normal 0 -1 0
    outer loop
      vertex -43.75 1.5 -0.75
      vertex -3.44974746830583 1.5 1.75
      vertex 44.5 1.5 9.4
    endloop
  endfacet
  facet normal 0 1 0
    outer loop
      vertex -32.5 27 -12.301910878032981
      vertex 22.05025253169417 27 1.75
      vertex 22.05025253169417 27 -1.75
    endloop
  endfacet
  facet normal 0 1 0
    outer loop
      vertex -32.5 27 -12.301910878032981
      vertex -44.5 27 21.55
      vertex 44.5 27 21.55
    endloop
  endfacet
  facet normal 0 -1 0
    outer loop
      vertex -44.5 1.5 -9.4
      vertex 44.5 1.5 -9.4
      vertex 43.75 1.5 -0.75
    endloop
  endfacet
  facet normal 0 -1 0
    outer loop
      vertex -44.5 1.5 -9.4
      vertex 43.75 1.5 -0.75
      vertex 43.75 1.5 0.75
    endloop
  endfacet
  facet normal 0 -1 0
    outer loop
      vertex 44.5 1.5 9.4
      vertex -1.3284271247461845 1.5 1.75
      vertex -1.3284271247461845 1.5 -1.75
    endloop
  endfacet
  facet normal 0 -1 0
    outer loop
      vertex 44.5 1.5 9.4
      vertex -3.44974746830583 1.5 1.75
      vertex -1.3284271247461845 1.5 1.75
    endloop
  endfacet
  facet normal 0 1 0
    outer loop
      vertex -32.5 27 -12.301910878032981
      vertex 22.05025253169417 27 -1.75
      vertex 32.5 27 -12.301910878032981
    endloop
  endfacet
  facet normal 0 1 0
    outer loop
      vertex -32.5 27 -12.301910878032981
      vertex 44.5 27 21.55
      vertex 22.05025253169417 27 1.75
    endloop
  endfacet
  facet normal 0 -1 0
    outer loop
      vertex -44.5 1.5 12.9
      vertex -43.75 1.5 14.116666666666664
      vertex -44.5 1.5 14.116666666666664
    endloop
  endfacet
  facet normal 0 -1 0
    outer loop
      vertex -43.75 1.5 14.116666666666664
      vertex -39.15 1.5 18.05
      vertex -43.75 1.5 15.616666666666664
    endloop
  endfacet
  facet normal 0 -1 0
    outer loop
      vertex -44.5 1.5 15.616666666666664
      vertex -43.75 1.5 15.616666666666664
      vertex -44.5 1.5 21.55
    endloop
  endfacet
  facet normal 0 -1 0
    outer loop
      vertex -43.75 1.5 15.616666666666664
      vertex -39.15 1.5 18.05
      vertex -44.5 1.5 21.55
    endloop
  endfacet
  facet normal 0 -1 0
    outer loop
      vertex -44.5 1.5 21.55
      vertex -39.15 1.5 18.05
      vertex -39.15 1.5 21.55
    endloop
  endfacet
  facet normal -1 0 0
    outer loop
      vertex -44.5 1.5 15.616666666666664
      vertex -44.5 1.5 21.55
      vertex -44.5 15.25 15.616666666666664
    endloop
  endfacet
  facet normal -1 0 0
    outer loop
      vertex -44.5 1.5 21.55
      vertex -44.5 15.25 21.55
      vertex -44.5 15.25 15.616666666666664
    endloop
  endfacet
  facet normal 0 -1 0
    outer loop
      vertex -43.75 1.5 14.116666666666664
      vertex -37.65 1.5 18.05
      vertex -39.15 1.5 18.05
    endloop
  endfacet
  facet normal 0 -1 0
    outer loop
      vertex -44.5 1.5 12.9
      vertex -19.95 1.5 18.05
      vertex -43.75 1.5 14.116666666666664
    endloop
  endfacet
  facet normal 0 -1 0
    outer loop
      vertex -43.75 1.5 14.116666666666664
      vertex -19.95 1.5 18.05
      vertex -37.65 1.5 18.05
    endloop
  endfacet
  facet normal 0 -1 0
    outer loop
      vertex -37.65 1.5 18.05
      vertex -19.95 1.5 18.05
      vertex -37.65 1.5 21.55
    endloop
  endfacet
  facet normal -1 0 0
    outer loop
      vertex -44.5 15.25 0.75
      vertex -44.5 15.25 14.116666666666664
      vertex -44.5 27 21.55
    endloop
  endfacet
  facet normal -1 0 0
    outer loop
      vertex -44.5 15.25 14.116666666666664
      vertex -44.5 15.25 15.616666666666664
      vertex -44.5 27 21.55
    endloop
  endfacet
  facet normal -1 0 0
    outer loop
      vertex -44.5 15.25 15.616666666666664
      vertex -44.5 15.25 21.55
      vertex -44.5 27 21.55
    endloop
  endfacet
  facet normal 0 -1 0
    outer loop
      vertex -44.5 1.5 12.9
      vertex -18.45 1.5 18.05
      vertex -19.95 1.5 18.05
    endloop
  endfacet
  facet normal 0 -1 0
    outer loop
      vertex -37.65 1.5 21.55
      vertex -19.95 1.5 18.05
      vertex -19.95 1.5 21.55
    endloop
  endfacet
  facet normal 0 -1 0
    outer loop
      vertex -44.5 1.5 12.9
      vertex -0.75 1.5 18.05
      vertex -18.45 1.5 18.05
    endloop
  endfacet
  facet normal 0 -1 0
    outer loop
      vertex -44.5 1.5 12.9
      vertex 0.75 1.5 18.05
      vertex -0.75 1.5 18.05
    endloop
  endfacet
  facet normal 0 0 1
    outer loop
      vertex -44.5 15.25 21.55
      vertex 44.5 27 21.55
      vertex -44.5 27 21.55
    endloop
  endfacet
  facet normal 0 -1 0
    outer loop
      vertex -44.5 1.5 12.9
      vertex 18.450000000000003 1.5 18.05
      vertex 0.75 1.5 18.05
    endloop
  endfacet
  facet normal 0 -1 0
    outer loop
      vertex -18.45 1.5 18.05
      vertex -0.75 1.5 18.05
      vertex -18.45 1.5 21.55
    endloop
  endfacet
  facet normal 0 -1 0
    outer loop
      vertex -18.45 1.5 21.55
      vertex -0.75 1.5 18.05
      vertex -0.75 1.5 21.55
    endloop
  endfacet
  facet normal 0 -1 0
    outer loop
      vertex -44.5 1.5 12.9
      vertex 44.5 1.5 12.9
      vertex 18.450000000000003 1.5 18.05
    endloop
  endfacet
  facet normal 0 -1 0
    outer loop
      vertex 0.75 1.5 18.05
      vertex 18.450000000000003 1.5 18.05
      vertex 0.75 1.5 21.55
    endloop
  endfacet
  facet normal 0 -1 0
    outer loop
      vertex 0.75 1.5 21.55
      vertex 18.450000000000003 1.5 18.05
      vertex 18.450000000000003 1.5 21.55
    endloop
  endfacet
  facet normal 0 0 1
    outer loop
      vertex -44.5 15.25 21.55
      vertex 44.5 15.25 21.55
      vertex 44.5 27 21.55
    endloop
  endfacet
  facet normal 0 -1 0
    outer loop
      vertex 19.950000000000003 1.5 -21.55
      vertex 37.650000000000006 1.5 -21.55
      vertex 19.950000000000003 1.5 -18.05
    endloop
  endfacet
  facet normal 0 -1 0
    outer loop
      vertex 18.450000000000003 1.5 -18.05
      vertex 19.950000000000003 1.5 -18.05
      vertex 44.5 1.5 -12.9
    endloop
  endfacet
  facet normal 0 -1 0
    outer loop
      vertex 19.950000000000003 1.5 -18.05
      vertex 37.650000000000006 1.5 -21.55
      vertex 37.650000000000006 1.5 -18.05
    endloop
  endfacet
  facet normal 0 -1 0
    outer loop
      vertex 39.150000000000006 1.5 -21.55
      vertex 44.5 1.5 -21.55
      vertex 39.150000000000006 1.5 -18.05
    endloop
  endfacet
  facet normal 0 -1 0
    outer loop
      vertex 19.950000000000003 1.5 -18.05
      vertex 37.650000000000006 1.5 -18.05
      vertex 43.75 1.5 -14.116666666666667
    endloop
  endfacet
  facet normal 0 -1 0
    outer loop
      vertex 19.950000000000003 1.5 -18.05
      vertex 43.75 1.5 -14.116666666666667
      vertex 44.5 1.5 -12.9
    endloop
  endfacet
  facet normal 0 -1 0
    outer loop
      vertex 37.650000000000006 1.5 -18.05
      vertex 39.150000000000006 1.5 -18.05
      vertex 43.75 1.5 -14.116666666666667
    endloop
  endfacet
  facet normal 0 -1 0
    outer loop
      vertex 39.150000000000006 1.5 -18.05
      vertex 44.5 1.5 -21.55
      vertex 43.75 1.5 -15.616666666666667
    endloop
  endfacet
  facet normal 1 0 0
    outer loop
      vertex 44.5 1.5 -21.55
      vertex 44.5 2 -16.8
      vertex 44.5 1.5 -15.616666666666667
    endloop
  endfacet
  facet normal 0 -1 0
    outer loop
      vertex 44.5 1.5 -21.55
      vertex 44.5 1.5 -15.616666666666667
      vertex 43.75 1.5 -15.616666666666667
    endloop
  endfacet
  facet normal 1 0 0
    outer loop
      vertex 44.5 1.5 -21.55
      vertex 44.5 2 -21.55
      vertex 44.5 2 -16.8
    endloop
  endfacet
  facet normal 0 -1 0
    outer loop
      vertex 39.150000000000006 1.5 -18.05
      vertex 43.75 1.5 -15.616666666666667
      vertex 43.75 1.5 -14.116666666666667
    endloop
  endfacet
  facet normal 1 0 0
    outer loop
      vertex 44.5 1.5 -15.616666666666667
      vertex 44.5 2 -16.8
      vertex 44.5 3.5 -16.8
    endloop
  endfacet
  facet normal 1 0 0
    outer loop
      vertex 44.5 15.25 -15.616666666666667
      vertex 44.5 3.5 -16.8
      vertex 44.5 3.5 -21.55
    endloop
  endfacet
  facet normal 1 0 0
    outer loop
      vertex 44.5 1.5 -15.616666666666667
      vertex 44.5 3.5 -16.8
      vertex 44.5 15.25 -15.616666666666667
    endloop
  endfacet
  facet normal 1 0 0
    outer loop
      vertex 44.5 15.25 -21.55
      vertex 44.5 15.25 -15.616666666666667
      vertex 44.5 3.5 -21.55
    endloop
  endfacet
  facet normal 1 0 0
    outer loop
      vertex 44.5 15.25 -21.55
      vertex 44.5 27 -21.55
      vertex 44.5 15.25 -15.616666666666667
    endloop
  endfacet
  facet normal 1 0 0
    outer loop
      vertex 44.5 15.25 -15.616666666666667
      vertex 44.5 27 -21.55
      vertex 44.5 15.25 -14.116666666666667
    endloop
  endfacet
  facet normal 0 -1 0
    outer loop
      vertex 43.75 1.5 0.75
      vertex 44.5 1.5 9.4
      vertex -1.3284271247461845 1.5 -1.75
    endloop
  endfacet
  facet normal 0 1 0
    outer loop
      vertex 32.5 27 -12.301910878032981
      vertex 22.05025253169417 27 -1.75
      vertex 24.171572875253815 27 -1.75
    endloop
  endfacet
  facet normal 0 1 0
    outer loop
      vertex 32.5 27 -14.742736391902518
      vertex 32.5 27 -12.301910878032981
      vertex 44.5 27 21.55
    endloop
  endfacet
  facet normal 0 1 0
    outer loop
      vertex 32.5 27 -14.742736391902518
      vertex 44.5 27 21.55
      vertex 44.5 27 -21.55
    endloop
  endfacet
  facet normal 0 1 0
    outer loop
      vertex 44.5 27 21.55
      vertex 24.171572875253815 27 -1.75
      vertex 24.171572875253815 27 1.75
    endloop
  endfacet
  facet normal 0 1 0
    outer loop
      vertex 44.5 27 21.55
      vertex 24.171572875253815 27 1.75
      vertex 22.05025253169417 27 1.75
    endloop
  endfacet
  facet normal 0 1 0
    outer loop
      vertex 32.5 27 -12.301910878032981
      vertex 24.171572875253815 27 -1.75
      vertex 44.5 27 21.55
    endloop
  endfacet
  facet normal 0 -1 0
    outer loop
      vertex 43.75 1.5 -14.116666666666667
      vertex 44.5 1.5 -14.116666666666667
      vertex 44.5 1.5 -12.9
    endloop
  endfacet
  facet normal 1 0 0
    outer loop
      vertex 44.5 1.5 -14.116666666666667
      vertex 44.5 15.25 -0.75
      vertex 44.5 1.5 -12.9
    endloop
  endfacet
  facet normal 1 0 0
    outer loop
      vertex 44.5 1.5 -9.4
      vertex 44.5 3.5 -2.75
      vertex 44.5 2 -2.75
    endloop
  endfacet
  facet normal 1 0 0
    outer loop
      vertex 44.5 1.5 -9.4
      vertex 44.5 2 -2.75
      vertex 44.5 1.5 -0.75
    endloop
  endfacet
  facet normal 0 -1 0
    outer loop
      vertex 44.5 1.5 -9.4
      vertex 44.5 1.5 -0.75
      vertex 43.75 1.5 -0.75
    endloop
  endfacet
  facet normal 1 0 0
    outer loop
      vertex 44.5 1.5 -12.9
      vertex 44.5 15.25 -0.75
      vertex 44.5 1.5 -9.4
    endloop
  endfacet
  facet normal 1 0 0
    outer loop
      vertex 44.5 1.5 -9.4
      vertex 44.5 15.25 -0.75
      vertex 44.5 3.5 -2.75
    endloop
  endfacet
  facet normal 1 0 0
    outer loop
      vertex 44.5 1.5 -14.116666666666667
      vertex 44.5 15.25 -14.116666666666667
      vertex 44.5 15.25 -0.75
    endloop
  endfacet
  facet normal 1 0 0
    outer loop
      vertex 44.5 1.5 -0.75
      vertex 44.5 2 -2.75
      vertex 44.5 2 -0.75
    endloop
  endfacet
  facet normal 0 -1 0
    outer loop
      vertex 43.75 1.5 0.75
      vertex 44.5 1.5 0.75
      vertex 44.5 1.5 9.4
    endloop
  endfacet
  facet normal 1 0 0
    outer loop
      vertex 44.5 1.5 0.75
      vertex 44.5 2 2.75
      vertex 44.5 1.5 9.4
    endloop
  endfacet
  facet normal 1 0 0
    outer loop
      vertex 44.5 1.5 0.75
      vertex 44.5 2 0.75
      vertex 44.5 2 2.75
    endloop
  endfacet
  facet normal 1 0 0
    outer loop
      vertex 44.5 15.25 -0.75
      vertex 44.5 3.5 -0.75
      vertex 44.5 3.5 -2.75
    endloop
  endfacet
  facet normal 1 0 0
    outer loop
      vertex 44.5 1.5 9.4
      vertex 44.5 2 2.75
      vertex 44.5 3.5 2.75
    endloop
  endfacet
  facet normal 1 0 0
    outer loop
      vertex 44.5 15.25 14.116666666666664
      vertex 44.5 3.5 2.75
      vertex 44.5 3.5 0.75
    endloop
  endfacet
  facet normal 1 0 0
    outer loop
      vertex 44.5 1.5 9.4
      vertex 44.5 3.5 2.75
      vertex 44.5 15.25 14.116666666666664
    endloop
  endfacet
  facet normal 1 0 0
    outer loop
      vertex 44.5 15.25 0.75
      vertex 44.5 15.25 14.116666666666664
      vertex 44.5 3.5 0.75
    endloop
  endfacet
  facet normal 1 0 0
    outer loop
      vertex 44.5 15.25 0.75
      vertex 44.5 19.576277624383145 -1.5253918851268224
      vertex 44.5 15.25 14.116666666666664
    endloop
  endfacet
  facet normal 1 0 0
    outer loop
      vertex 44.5 15.25 -14.116666666666667
      vertex 44.5 27 -21.55
      vertex 44.5 15.25 -0.75
    endloop
  endfacet
  facet normal 1 0 0
    outer loop
      vertex 44.5 27 -21.55
      vertex 44.5 22.730948024313896 -6.030728128716277
      vertex 44.5 21.50221995788041 -6.891092783242845
    endloop
  endfacet
  facet normal 1 0 0
    outer loop
      vertex 44.5 27 -21.55
      vertex 44.5 21.50221995788041 -6.891092783242845
      vertex 44.5 18.347549557949655 -2.3857565396533893
    endloop
  endfacet
  facet normal 1 0 0
    outer loop
      vertex 44.5 15.25 -0.75
      vertex 44.5 27 -21.55
      vertex 44.5 15.25 0.75
    endloop
  endfacet
  facet normal 1 0 0
    outer loop
      vertex 44.5 15.25 0.75
      vertex 44.5 27 -21.55
      vertex 44.5 18.347549557949655 -2.3857565396533893
    endloop
  endfacet
  facet normal 1 0 0
    outer loop
      vertex 44.5 15.25 21.55
      vertex 44.5 22.730948024313896 -6.030728128716277
      vertex 44.5 27 -21.55
    endloop
  endfacet
  facet normal 1 0 0
    outer loop
      vertex 44.5 15.25 0.75
      vertex 44.5 18.347549557949655 -2.3857565396533893
      vertex 44.5 19.576277624383145 -1.5253918851268224
    endloop
  endfacet
  facet normal 1 0 0
    outer loop
      vertex 44.5 15.25 14.116666666666664
      vertex 44.5 19.576277624383145 -1.5253918851268224
      vertex 44.5 22.730948024313896 -6.030728128716277
    endloop
  endfacet
  facet normal 1 0 0
    outer loop
      vertex 44.5 15.25 14.116666666666664
      vertex 44.5 22.730948024313896 -6.030728128716277
      vertex 44.5 15.25 15.616666666666664
    endloop
  endfacet
  facet normal 1 0 0
    outer loop
      vertex 44.5 15.25 15.616666666666664
      vertex 44.5 22.730948024313896 -6.030728128716277
      vertex 44.5 15.25 21.55
    endloop
  endfacet
  facet normal 1 0 0
    outer loop
      vertex 44.5 15.25 21.55
      vertex 44.5 27 -21.55
      vertex 44.5 27 21.55
    endloop
  endfacet
  facet normal 0 -1 0
    outer loop
      vertex 18.450000000000003 1.5 18.05
      vertex 43.75 1.5 14.116666666666664
      vertex 19.950000000000003 1.5 18.05
    endloop
  endfacet
  facet normal 0 -1 0
    outer loop
      vertex 19.950000000000003 1.5 18.05
      vertex 37.650000000000006 1.5 18.05
      vertex 19.950000000000003 1.5 21.55
    endloop
  endfacet
  facet normal 0 -1 0
    outer loop
      vertex 19.950000000000003 1.5 21.55
      vertex 37.650000000000006 1.5 18.05
      vertex 37.650000000000006 1.5 21.55
    endloop
  endfacet
  facet normal 0 -1 0
    outer loop
      vertex 19.950000000000003 1.5 18.05
      vertex 43.75 1.5 14.116666666666664
      vertex 37.650000000000006 1.5 18.05
    endloop
  endfacet
  facet normal 0 -1 0
    outer loop
      vertex 18.450000000000003 1.5 18.05
      vertex 44.5 1.5 12.9
      vertex 43.75 1.5 14.116666666666664
    endloop
  endfacet
  facet normal 0 -1 0
    outer loop
      vertex 37.650000000000006 1.5 18.05
      vertex 43.75 1.5 14.116666666666664
      vertex 39.150000000000006 1.5 18.05
    endloop
  endfacet
  facet normal 0 -1 0
    outer loop
      vertex 39.150000000000006 1.5 18.05
      vertex 44.5 1.5 21.55
      vertex 39.150000000000006 1.5 21.55
    endloop
  endfacet
  facet normal 0 -1 0
    outer loop
      vertex 39.150000000000006 1.5 18.05
      vertex 43.75 1.5 14.116666666666664
      vertex 43.75 1.5 15.616666666666664
    endloop
  endfacet
  facet normal 0 -1 0
    outer loop
      vertex 44.5 1.5 12.9
      vertex 44.5 1.5 14.116666666666664
      vertex 43.75 1.5 14.116666666666664
    endloop
  endfacet
  facet normal 1 0 0
    outer loop
      vertex 44.5 1.5 9.4
      vertex 44.5 15.25 14.116666666666664
      vertex 44.5 1.5 12.9
    endloop
  endfacet
  facet normal 1 0 0
    outer loop
      vertex 44.5 1.5 12.9
      vertex 44.5 15.25 14.116666666666664
      vertex 44.5 1.5 14.116666666666664
    endloop
  endfacet
  facet normal 0 -1 0
    outer loop
      vertex 39.150000000000006 1.5 18.05
      vertex 43.75 1.5 15.616666666666664
      vertex 44.5 1.5 21.55
    endloop
  endfacet
  facet normal 0 -1 0
    outer loop
      vertex 43.75 1.5 15.616666666666664
      vertex 44.5 1.5 15.616666666666664
      vertex 44.5 1.5 21.55
    endloop
  endfacet
  facet normal 1 0 0
    outer loop
      vertex 44.5 1.5 15.616666666666664
      vertex 44.5 15.25 21.55
      vertex 44.5 1.5 21.55
    endloop
  endfacet
  facet normal 1 0 0
    outer loop
      vertex 44.5 1.5 15.616666666666664
      vertex 44.5 15.25 15.616666666666664
      vertex 44.5 15.25 21.55
    endloop
  endfacet
  facet normal -1 0 0
    outer loop
      vertex 44.5 29 18.8
      vertex 44.5 29 20.175
      vertex 44.5 29.75 20.175
    endloop
  endfacet
  facet normal 0 0 -1
    outer loop
      vertex 44.5 29 18.8
      vertex 45.875 29.75 18.8
      vertex 45.875 29 18.8
    endloop
  endfacet
  facet normal 0 -1 0
    outer loop
      vertex 44.5 29 18.8
      vertex 45.875 29 18.8
      vertex 45.875 29 20.175
    endloop
  endfacet
  facet normal 0 -1 0
    outer loop
      vertex 44.5 29 18.8
      vertex 45.875 29 20.175
      vertex 44.5 29 20.175
    endloop
  endfacet
  facet normal -1 0 0
    outer loop
      vertex 44.5 29 18.8
      vertex 44.5 29.75 20.175
      vertex 44.5 101 22.3
    endloop
  endfacet
  facet normal -1 0 0
    outer loop
      vertex 44.5 101 22.3
      vertex 44.5 29.75 20.175
      vertex 44.5 29.75 22.3
    endloop
  endfacet
  facet normal 0 0 -1
    outer loop
      vertex 44.5 29 18.8
      vertex 48 101 18.8
      vertex 45.875 29.75 18.8
    endloop
  endfacet
  facet normal 0 0 -1
    outer loop
      vertex 48 101 18.8
      vertex 48 29.75 18.8
      vertex 45.875 29.75 18.8
    endloop
  endfacet
  facet normal 1 0 0
    outer loop
      vertex 48 101 18.8
      vertex 48 29.75 21.55
      vertex 48 29.75 18.8
    endloop
  endfacet
  facet normal 1 0 0
    outer loop
      vertex 48 101 18.8
      vertex 48 29.75 22.3
      vertex 48 29.75 21.55
    endloop
  endfacet
  facet normal 0 0 1
    outer loop
      vertex 48 101 22.3
      vertex 44.5 29.75 22.3
      vertex 48 29.75 22.3
    endloop
  endfacet
  facet normal 0 0 -1
    outer loop
      vertex 44.5 29 18.8
      vertex 44.5 101 18.8
      vertex 48 101 18.8
    endloop
  endfacet
  facet normal -1 0 0
    outer loop
      vertex 44.5 29 18.8
      vertex 44.5 101 22.3
      vertex 44.5 101 18.8
    endloop
  endfacet
  facet normal 0 0 1
    outer loop
      vertex 44.5 101 22.3
      vertex 44.5 29.75 22.3
      vertex 48 101 22.3
    endloop
  endfacet
  facet normal 1 0 0
    outer loop
      vertex 48 101 18.8
      vertex 48 101 22.3
      vertex 48 29.75 22.3
    endloop
  endfacet
  facet normal -1 0 0
    outer loop
      vertex 44.5 29 -18.8
      vertex 44.5 29.75 -20.175
      vertex 44.5 29 -20.175
    endloop
  endfacet
  facet normal 0 -1 0
    outer loop
      vertex 44.5 29 -18.8
      vertex 44.5 29 -20.175
      vertex 45.875 29 -20.175
    endloop
  endfacet
  facet normal 0 -1 0
    outer loop
      vertex 44.5 29 -18.8
      vertex 45.875 29 -20.175
      vertex 45.875 29 -18.8
    endloop
  endfacet
  facet normal 0 0 -1
    outer loop
      vertex 44.5 101 -22.3
      vertex 48 29.75 -22.3
      vertex 44.5 29.75 -22.3
    endloop
  endfacet
  facet normal -1 0 0
    outer loop
      vertex 44.5 101 -18.8
      vertex 44.5 29.75 -22.3
      vertex 44.5 29.75 -20.175
    endloop
  endfacet
  facet normal 1 0 0
    outer loop
      vertex 48 101 -22.3
      vertex 48 29.75 -21.8
      vertex 48 29.75 -22.3
    endloop
  endfacet
  facet normal 1 0 0
    outer loop
      vertex 48 101 -22.3
      vertex 48 29.75 -21.55
      vertex 48 29.75 -21.8
    endloop
  endfacet
  facet normal 1 0 0
    outer loop
      vertex 48 101 -22.3
      vertex 48 29.75 -18.8
      vertex 48 29.75 -21.55
    endloop
  endfacet
  facet normal 0 0 1
    outer loop
      vertex 44.5 29 -18.8
      vertex 45.875 29 -18.8
      vertex 44.5 101 -18.8
    endloop
  endfacet
  facet normal -1 0 0
    outer loop
      vertex 44.5 29 -18.8
      vertex 44.5 101 -18.8
      vertex 44.5 29.75 -20.175
    endloop
  endfacet
  facet normal 0 0 1
    outer loop
      vertex 44.5 101 -18.8
      vertex 45.875 29 -18.8
      vertex 45.875 29.75 -18.8
    endloop
  endfacet
  facet normal 0 0 1
    outer loop
      vertex 48 101 -18.8
      vertex 45.875 29.75 -18.8
      vertex 48 29.75 -18.8
    endloop
  endfacet
  facet normal -1 0 0
    outer loop
      vertex 44.5 101 -22.3
      vertex 44.5 29.75 -22.3
      vertex 44.5 101 -18.8
    endloop
  endfacet
  facet normal 0 0 -1
    outer loop
      vertex 44.5 101 -22.3
      vertex 48 101 -22.3
      vertex 48 29.75 -22.3
    endloop
  endfacet
  facet normal 0 0 1
    outer loop
      vertex 44.5 101 -18.8
      vertex 45.875 29.75 -18.8
      vertex 48 101 -18.8
    endloop
  endfacet
  facet normal 1 0 0
    outer loop
      vertex 48 101 -22.3
      vertex 48 101 -18.8
      vertex 48 29.75 -18.8
    endloop
  endfacet
  facet normal 0 -1 0
    outer loop
      vertex -44.5 29 18.8
      vertex -45.875 29 20.175
      vertex -45.875 29 18.8
    endloop
  endfacet
  facet normal 0 -1 0
    outer loop
      vertex -44.5 29 18.8
      vertex -44.5 29 20.175
      vertex -45.875 29 20.175
    endloop
  endfacet
  facet normal 1 0 0
    outer loop
      vertex -44.5 29 18.8
      vertex -44.5 29.75 20.175
      vertex -44.5 29 20.175
    endloop
  endfacet
  facet normal 0 0 -1
    outer loop
      vertex -48 101 18.8
      vertex -45.875 29.75 18.8
      vertex -48 29.75 18.8
    endloop
  endfacet
  facet normal 0 0 -1
    outer loop
      vertex -44.5 29 18.8
      vertex -45.875 29 18.8
      vertex -44.5 101 18.8
    endloop
  endfacet
  facet normal 0 0 -1
    outer loop
      vertex -44.5 101 18.8
      vertex -45.875 29 18.8
      vertex -45.875 29.75 18.8
    endloop
  endfacet
  facet normal -1 0 0
    outer loop
      vertex -48 101 22.3
      vertex -48 29.75 18.8
      vertex -48 29.75 21.55
    endloop
  endfacet
  facet normal -1 0 0
    outer loop
      vertex -48 101 22.3
      vertex -48 29.75 21.55
      vertex -48 29.75 22.3
    endloop
  endfacet
  facet normal 0 0 1
    outer loop
      vertex -44.5 101 22.3
      vertex -48 29.75 22.3
      vertex -44.5 29.75 22.3
    endloop
  endfacet
  facet normal 1 0 0
    outer loop
      vertex -44.5 29 18.8
      vertex -44.5 101 18.8
      vertex -44.5 29.75 20.175
    endloop
  endfacet
  facet normal 1 0 0
    outer loop
      vertex -44.5 101 18.8
      vertex -44.5 29.75 22.3
      vertex -44.5 29.75 20.175
    endloop
  endfacet
  facet normal 0 0 -1
    outer loop
      vertex -48 101 18.8
      vertex -44.5 101 18.8
      vertex -45.875 29.75 18.8
    endloop
  endfacet
  facet normal -1 0 0
    outer loop
      vertex -48 101 18.8
      vertex -48 29.75 18.8
      vertex -48 101 22.3
    endloop
  endfacet
  facet normal 0 0 1
    outer loop
      vertex -48 101 22.3
      vertex -48 29.75 22.3
      vertex -44.5 101 22.3
    endloop
  endfacet
  facet normal 1 0 0
    outer loop
      vertex -44.5 101 18.8
      vertex -44.5 101 22.3
      vertex -44.5 29.75 22.3
    endloop
  endfacet
  facet normal 0 -1 0
    outer loop
      vertex -44.5 29 -18.8
      vertex -45.875 29 -20.175
      vertex -44.5 29 -20.175
    endloop
  endfacet
  facet normal 0 -1 0
    outer loop
      vertex -44.5 29 -18.8
      vertex -45.875 29 -18.8
      vertex -45.875 29 -20.175
    endloop
  endfacet
  facet normal 0 0 1
    outer loop
      vertex -44.5 29 -18.8
      vertex -45.875 29.75 -18.8
      vertex -45.875 29 -18.8
    endloop
  endfacet
  facet normal 1 0 0
    outer loop
      vertex -44.5 29 -18.8
      vertex -44.5 29 -20.175
      vertex -44.5 29.75 -20.175
    endloop
  endfacet
  facet normal -1 0 0
    outer loop
      vertex -48 101 -18.8
      vertex -48 29.75 -22.3
      vertex -48 29.75 -21.8
    endloop
  endfacet
  facet normal -1 0 0
    outer loop
      vertex -48 101 -18.8
      vertex -48 29.75 -21.8
      vertex -48 29.75 -21.55
    endloop
  endfacet
  facet normal 0 0 -1
    outer loop
      vertex -48 101 -22.3
      vertex -44.5 29.75 -22.3
      vertex -48 29.75 -22.3
    endloop
  endfacet
  facet normal 1 0 0
    outer loop
      vertex -44.5 101 -22.3
      vertex -44.5 29.75 -20.175
      vertex -44.5 29.75 -22.3
    endloop
  endfacet
  facet normal 1 0 0
    outer loop
      vertex -44.5 29 -18.8
      vertex -44.5 29.75 -20.175
      vertex -44.5 101 -22.3
    endloop
  endfacet
  facet normal -1 0 0
    outer loop
      vertex -48 101 -18.8
      vertex -48 29.75 -21.55
      vertex -48 29.75 -18.8
    endloop
  endfacet
  facet normal 0 0 1
    outer loop
      vertex -48 101 -18.8
      vertex -48 29.75 -18.8
      vertex -45.875 29.75 -18.8
    endloop
  endfacet
  facet normal 0 0 1
    outer loop
      vertex -44.5 29 -18.8
      vertex -48 101 -18.8
      vertex -45.875 29.75 -18.8
    endloop
  endfacet
  facet normal -1 0 0
    outer loop
      vertex -48 101 -22.3
      vertex -48 29.75 -22.3
      vertex -48 101 -18.8
    endloop
  endfacet
  facet normal 0 0 -1
    outer loop
      vertex -48 101 -22.3
      vertex -44.5 101 -22.3
      vertex -44.5 29.75 -22.3
    endloop
  endfacet
  facet normal 0 0 1
    outer loop
      vertex -44.5 29 -18.8
      vertex -44.5 101 -18.8
      vertex -48 101 -18.8
    endloop
  endfacet
  facet normal 1 0 0
    outer loop
      vertex -44.5 29 -18.8
      vertex -44.5 101 -22.3
      vertex -44.5 101 -18.8
    endloop
  endfacet
  facet normal -1 0 0
    outer loop
      vertex -48 101 16.8
      vertex -48 102.5 22.3
      vertex -48 102.5 16.8
    endloop
  endfacet
  facet normal -1 0 0
    outer loop
      vertex -48 101 16.8
      vertex -48 101 18.8
      vertex -48 102.5 22.3
    endloop
  endfacet
  facet normal 0 -1 0
    outer loop
      vertex -48 101 16.8
      vertex -44.5 101 18.8
      vertex -48 101 18.8
    endloop
  endfacet
  facet normal -1 0 0
    outer loop
      vertex -48 101 18.8
      vertex -48 101 22.3
      vertex -48 102.5 22.3
    endloop
  endfacet
  facet normal 0 0 1
    outer loop
      vertex -48 101 22.3
      vertex -44.5 101 22.3
      vertex -48 102.5 22.3
    endloop
  endfacet
  facet normal 0 0 -1
    outer loop
      vertex -48 101 16.8
      vertex -48 102.5 16.8
      vertex 48 102.5 16.8
    endloop
  endfacet
  facet normal 0 -1 0
    outer loop
      vertex -48 101 16.8
      vertex 44.5 101 22.3
      vertex -44.5 101 18.8
    endloop
  endfacet
  facet normal 0 1 0
    outer loop
      vertex -48 102.5 16.8
      vertex -48 102.5 22.3
      vertex 48 102.5 16.8
    endloop
  endfacet
  facet normal 0 0 1
    outer loop
      vertex -48 102.5 22.3
      vertex -44.5 101 22.3
      vertex 44.5 101 22.3
    endloop
  endfacet
  facet normal 0 -1 0
    outer loop
      vertex -44.5 101 18.8
      vertex 44.5 101 22.3
      vertex -44.5 101 22.3
    endloop
  endfacet
  facet normal 0 -1 0
    outer loop
      vertex -48 101 16.8
      vertex 44.5 101 18.8
      vertex 44.5 101 22.3
    endloop
  endfacet
  facet normal 0 -1 0
    outer loop
      vertex -48 101 16.8
      vertex 48 101 16.8
      vertex 44.5 101 18.8
    endloop
  endfacet
  facet normal 0 0 -1
    outer loop
      vertex -48 101 16.8
      vertex 48 102.5 16.8
      vertex 48 101 16.8
    endloop
  endfacet
  facet normal 0 1 0
    outer loop
      vertex -48 102.5 22.3
      vertex 48 102.5 22.3
      vertex 48 102.5 16.8
    endloop
  endfacet
  facet normal 0 0 1
    outer loop
      vertex -48 102.5 22.3
      vertex 44.5 101 22.3
      vertex 48 101 22.3
    endloop
  endfacet
  facet normal 0 0 1
    outer loop
      vertex -48 102.5 22.3
      vertex 48 101 22.3
      vertex 48 102.5 22.3
    endloop
  endfacet
  facet normal 0 -1 0
    outer loop
      vertex 48 101 16.8
      vertex 48 101 18.8
      vertex 44.5 101 18.8
    endloop
  endfacet
  facet normal 1 0 0
    outer loop
      vertex 48 101 16.8
      vertex 48 102.5 16.8
      vertex 48 101 18.8
    endloop
  endfacet
  facet normal 1 0 0
    outer loop
      vertex 48 102.5 16.8
      vertex 48 101 22.3
      vertex 48 101 18.8
    endloop
  endfacet
  facet normal 1 0 0
    outer loop
      vertex 48 102.5 16.8
      vertex 48 102.5 22.3
      vertex 48 101 22.3
    endloop
  endfacet
  facet normal -1 0 0
    outer loop
      vertex -48 101 -22.3
      vertex -48 102.5 -16.8
      vertex -48 102.5 -22.3
    endloop
  endfacet
  facet normal -1 0 0
    outer loop
      vertex -48 101 -22.3
      vertex -48 101 -18.8
      vertex -48 102.5 -16.8
    endloop
  endfacet
  facet normal -1 0 0
    outer loop
      vertex -48 101 -18.8
      vertex -48 101 -16.8
      vertex -48 102.5 -16.8
    endloop
  endfacet
  facet normal 0 -1 0
    outer loop
      vertex -48 101 -18.8
      vertex -44.5 101 -18.8
      vertex -48 101 -16.8
    endloop
  endfacet
  facet normal 0 0 -1
    outer loop
      vertex -48 101 -22.3
      vertex -48 102.5 -22.3
      vertex 48 102.5 -22.3
    endloop
  endfacet
  facet normal 0 1 0
    outer loop
      vertex -48 102.5 -22.3
      vertex -48 102.5 -16.8
      vertex 48 102.5 -22.3
    endloop
  endfacet
  facet normal 0 0 -1
    outer loop
      vertex -48 101 -22.3
      vertex 48 102.5 -22.3
      vertex -44.5 101 -22.3
    endloop
  endfacet
  facet normal 0 -1 0
    outer loop
      vertex -44.5 101 -22.3
      vertex 48 101 -16.8
      vertex -44.5 101 -18.8
    endloop
  endfacet
  facet normal 0 -1 0
    outer loop
      vertex -48 101 -16.8
      vertex -44.5 101 -18.8
      vertex 48 101 -16.8
    endloop
  endfacet
  facet normal 0 0 1
    outer loop
      vertex -48 101 -16.8
      vertex 48 101 -16.8
      vertex -48 102.5 -16.8
    endloop
  endfacet
  facet normal 0 0 -1
    outer loop
      vertex -44.5 101 -22.3
      vertex 48 102.5 -22.3
      vertex 44.5 101 -22.3
    endloop
  endfacet
  facet normal 0 -1 0
    outer loop
      vertex -44.5 101 -22.3
      vertex 44.5 101 -22.3
      vertex 44.5 101 -18.8
    endloop
  endfacet
  facet normal 0 -1 0
    outer loop
      vertex -44.5 101 -22.3
      vertex 44.5 101 -18.8
      vertex 48 101 -16.8
    endloop
  endfacet
  facet normal 0 1 0
    outer loop
      vertex -48 102.5 -16.8
      vertex 48 102.5 -16.8
      vertex 48 102.5 -22.3
    endloop
  endfacet
  facet normal 0 0 1
    outer loop
      vertex -48 102.5 -16.8
      vertex 48 101 -16.8
      vertex 48 102.5 -16.8
    endloop
  endfacet
  facet normal 0 0 -1
    outer loop
      vertex 44.5 101 -22.3
      vertex 48 102.5 -22.3
      vertex 48 101 -22.3
    endloop
  endfacet
  facet normal 1 0 0
    outer loop
      vertex 48 101 -22.3
      vertex 48 102.5 -22.3
      vertex 48 101 -18.8
    endloop
  endfacet
  facet normal 1 0 0
    outer loop
      vertex 48 102.5 -22.3
      vertex 48 101 -16.8
      vertex 48 101 -18.8
    endloop
  endfacet
  facet normal 0 -1 0
    outer loop
      vertex 44.5 101 -18.8
      vertex 48 101 -18.8
      vertex 48 101 -16.8
    endloop
  endfacet
  facet normal 1 0 0
    outer loop
      vertex 48 102.5 -22.3
      vertex 48 102.5 -16.8
      vertex 48 101 -16.8
    endloop
  endfacet
  facet normal -1 0 0
    outer loop
      vertex -35 27.5 -22
      vertex -35 27.5 -21.6
      vertex -35 28.25 -22
    endloop
  endfacet
  facet normal 0 0 -1
    outer loop
      vertex -35 27.5 -22
      vertex -35 28.25 -22
      vertex -31 28.25 -22
    endloop
  endfacet
  facet normal -1 0 0
    outer loop
      vertex -35 28.25 -22
      vertex -35 27.5 -21.6
      vertex -35 28.25 -21.6
    endloop
  endfacet
  facet normal 0 -1 0
    outer loop
      vertex -35 27.5 -22
      vertex -31 27.5 -21.6
      vertex -35 27.5 -21.6
    endloop
  endfacet
  facet normal 0 0 1
    outer loop
      vertex -35 27.5 -21.6
      vertex -31 27.5 -21.6
      vertex -35 28.25 -21.6
    endloop
  endfacet
  facet normal 0 0 -1
    outer loop
      vertex -35 27.5 -22
      vertex -31 28.25 -22
      vertex -31 27.5 -22
    endloop
  endfacet
  facet normal 0 -1 0
    outer loop
      vertex -35 27.5 -22
      vertex -31 27.5 -22
      vertex -31 27.5 -21.6
    endloop
  endfacet
  facet normal 0 0 1
    outer loop
      vertex -35 28.25 -21.6
      vertex -31 27.5 -21.6
      vertex -31 28.25 -21.6
    endloop
  endfacet
  facet normal -1 0 0
    outer loop
      vertex -35 29.75 -22
      vertex -35 29.75 -21.6
      vertex -35 31.5 -22
    endloop
  endfacet
  facet normal 0 0 -1
    outer loop
      vertex -35 29.75 -22
      vertex -35 31.5 -22
      vertex -31 31.5 -22
    endloop
  endfacet
  facet normal 0 1 0
    outer loop
      vertex -35 31.5 -22
      vertex -35 31.5 -21.6
      vertex -31 31.5 -22
    endloop
  endfacet
  facet normal -1 0 0
    outer loop
      vertex -35 29.75 -21.6
      vertex -35 31.5 -21.6
      vertex -35 31.5 -22
    endloop
  endfacet
  facet normal 0 0 1
    outer loop
      vertex -35 29.75 -21.6
      vertex -31 29.75 -21.6
      vertex -35 31.5 -21.6
    endloop
  endfacet
  facet normal 0 0 -1
    outer loop
      vertex -35 29.75 -22
      vertex -31 31.5 -22
      vertex -31 29.75 -22
    endloop
  endfacet
  facet normal 0 0 1
    outer loop
      vertex -31 29.75 -21.6
      vertex -31 31.5 -21.6
      vertex -35 31.5 -21.6
    endloop
  endfacet
  facet normal 0 1 0
    outer loop
      vertex -35 31.5 -21.6
      vertex -31 31.5 -21.6
      vertex -31 31.5 -22
    endloop
  endfacet
  facet normal 1 0 0
    outer loop
      vertex -31 27.5 -22
      vertex -31 28.25 -22
      vertex -31 28.25 -21.6
    endloop
  endfacet
  facet normal 1 0 0
    outer loop
      vertex -31 27.5 -22
      vertex -31 28.25 -21.6
      vertex -31 27.5 -21.6
    endloop
  endfacet
  facet normal 1 0 0
    outer loop
      vertex -31 29.75 -22
      vertex -31 31.5 -22
      vertex -31 31.5 -21.6
    endloop
  endfacet
  facet normal 1 0 0
    outer loop
      vertex -31 29.75 -22
      vertex -31 31.5 -21.6
      vertex -31 29.75 -21.6
    endloop
  endfacet
  facet normal -1 0 0
    outer loop
      vertex -13 27.5 -22
      vertex -13 27.5 -21.6
      vertex -13 28.25 -22
    endloop
  endfacet
  facet normal 0 0 -1
    outer loop
      vertex -13 27.5 -22
      vertex -13 28.25 -22
      vertex -9 28.25 -22
    endloop
  endfacet
  facet normal -1 0 0
    outer loop
      vertex -13 28.25 -22
      vertex -13 27.5 -21.6
      vertex -13 28.25 -21.6
    endloop
  endfacet
  facet normal 0 -1 0
    outer loop
      vertex -13 27.5 -22
      vertex -9 27.5 -21.6
      vertex -13 27.5 -21.6
    endloop
  endfacet
  facet normal 0 0 1
    outer loop
      vertex -13 27.5 -21.6
      vertex -9 27.5 -21.6
      vertex -13 28.25 -21.6
    endloop
  endfacet
  facet normal 0 0 -1
    outer loop
      vertex -13 27.5 -22
      vertex -9 28.25 -22
      vertex -9 27.5 -22
    endloop
  endfacet
  facet normal 0 -1 0
    outer loop
      vertex -13 27.5 -22
      vertex -9 27.5 -22
      vertex -9 27.5 -21.6
    endloop
  endfacet
  facet normal 1 0 0
    outer loop
      vertex -9 27.5 -22
      vertex -9 28.25 -22
      vertex -9 28.25 -21.6
    endloop
  endfacet
  facet normal 0 0 1
    outer loop
      vertex -13 28.25 -21.6
      vertex -9 27.5 -21.6
      vertex -9 28.25 -21.6
    endloop
  endfacet
  facet normal 1 0 0
    outer loop
      vertex -9 27.5 -22
      vertex -9 28.25 -21.6
      vertex -9 27.5 -21.6
    endloop
  endfacet
  facet normal -1 0 0
    outer loop
      vertex -13 29.75 -22
      vertex -13 29.75 -21.6
      vertex -13 31.5 -22
    endloop
  endfacet
  facet normal 0 0 -1
    outer loop
      vertex -13 29.75 -22
      vertex -13 31.5 -22
      vertex -9 31.5 -22
    endloop
  endfacet
  facet normal 0 1 0
    outer loop
      vertex -13 31.5 -22
      vertex -13 31.5 -21.6
      vertex -9 31.5 -22
    endloop
  endfacet
  facet normal -1 0 0
    outer loop
      vertex -13 29.75 -21.6
      vertex -13 31.5 -21.6
      vertex -13 31.5 -22
    endloop
  endfacet
  facet normal 0 0 1
    outer loop
      vertex -13 29.75 -21.6
      vertex -9 29.75 -21.6
      vertex -13 31.5 -21.6
    endloop
  endfacet
  facet normal 0 0 -1
    outer loop
      vertex -13 29.75 -22
      vertex -9 31.5 -22
      vertex -9 29.75 -22
    endloop
  endfacet
  facet normal 1 0 0
    outer loop
      vertex -9 29.75 -22
      vertex -9 31.5 -21.6
      vertex -9 29.75 -21.8
    endloop
  endfacet
  facet normal 1 0 0
    outer loop
      vertex -9 29.75 -22
      vertex -9 31.5 -22
      vertex -9 31.5 -21.6
    endloop
  endfacet
  facet normal 0 0 1
    outer loop
      vertex -9 29.75 -21.6
      vertex -9 31.5 -21.6
      vertex -13 31.5 -21.6
    endloop
  endfacet
  facet normal 0 1 0
    outer loop
      vertex -13 31.5 -21.6
      vertex -9 31.5 -21.6
      vertex -9 31.5 -22
    endloop
  endfacet
  facet normal 1 0 0
    outer loop
      vertex -9 29.75 -21.8
      vertex -9 31.5 -21.6
      vertex -9 29.75 -21.6
    endloop
  endfacet
  facet normal -1 0 0
    outer loop
      vertex 9 27.5 -22
      vertex 9 27.5 -21.6
      vertex 9 28.25 -22
    endloop
  endfacet
  facet normal -1 0 0
    outer loop
      vertex 9 28.25 -22
      vertex 9 27.5 -21.6
      vertex 9 28.25 -21.6
    endloop
  endfacet
  facet normal -1 0 0
    outer loop
      vertex 9 29.75 -22
      vertex 9 29.75 -21.8
      vertex 9 31.5 -22
    endloop
  endfacet
  facet normal -1 0 0
    outer loop
      vertex 9 29.75 -21.8
      vertex 9 29.75 -21.6
      vertex 9 31.5 -22
    endloop
  endfacet
  facet normal -1 0 0
    outer loop
      vertex 9 29.75 -21.6
      vertex 9 31.5 -21.6
      vertex 9 31.5 -22
    endloop
  endfacet
  facet normal 0 0 -1
    outer loop
      vertex 9 27.5 -22
      vertex 9 28.25 -22
      vertex 13 28.25 -22
    endloop
  endfacet
  facet normal 0 0 -1
    outer loop
      vertex 9 27.5 -22
      vertex 13 28.25 -22
      vertex 13 27.5 -22
    endloop
  endfacet
  facet normal 0 -1 0
    outer loop
      vertex 9 27.5 -22
      vertex 13 27.5 -22
      vertex 13 27.5 -21.6
    endloop
  endfacet
  facet normal 0 -1 0
    outer loop
      vertex 9 27.5 -22
      vertex 13 27.5 -21.6
      vertex 9 27.5 -21.6
    endloop
  endfacet
  facet normal 0 0 1
    outer loop
      vertex 9 27.5 -21.6
      vertex 13 27.5 -21.6
      vertex 9 28.25 -21.6
    endloop
  endfacet
  facet normal 0 0 1
    outer loop
      vertex 9 28.25 -21.6
      vertex 13 27.5 -21.6
      vertex 13 28.25 -21.6
    endloop
  endfacet
  facet normal 1 0 0
    outer loop
      vertex 13 27.5 -22
      vertex 13 28.25 -22
      vertex 13 28.25 -21.6
    endloop
  endfacet
  facet normal 1 0 0
    outer loop
      vertex 13 27.5 -22
      vertex 13 28.25 -21.6
      vertex 13 27.5 -21.6
    endloop
  endfacet
  facet normal 0 0 -1
    outer loop
      vertex 9 29.75 -22
      vertex 9 31.5 -22
      vertex 13 31.5 -22
    endloop
  endfacet
  facet normal 0 1 0
    outer loop
      vertex 9 31.5 -22
      vertex 9 31.5 -21.6
      vertex 13 31.5 -22
    endloop
  endfacet
  facet normal 0 0 -1
    outer loop
      vertex 9 29.75 -22
      vertex 13 31.5 -22
      vertex 13 29.75 -22
    endloop
  endfacet
  facet normal 0 0 1
    outer loop
      vertex 9 29.75 -21.6
      vertex 13 29.75 -21.6
      vertex 9 31.5 -21.6
    endloop
  endfacet
  facet normal 0 0 1
    outer loop
      vertex 13 29.75 -21.6
      vertex 13 31.5 -21.6
      vertex 9 31.5 -21.6
    endloop
  endfacet
  facet normal 0 1 0
    outer loop
      vertex 9 31.5 -21.6
      vertex 13 31.5 -21.6
      vertex 13 31.5 -22
    endloop
  endfacet
  facet normal 1 0 0
    outer loop
      vertex 13 29.75 -22
      vertex 13 31.5 -22
      vertex 13 31.5 -21.6
    endloop
  endfacet
  facet normal 1 0 0
    outer loop
      vertex 13 29.75 -22
      vertex 13 31.5 -21.6
      vertex 13 29.75 -21.6
    endloop
  endfacet
  facet normal -1 0 0
    outer loop
      vertex 31 27.5 -22
      vertex 31 27.5 -21.6
      vertex 31 28.25 -22
    endloop
  endfacet
  facet normal 0 0 -1
    outer loop
      vertex 31 27.5 -22
      vertex 31 28.25 -22
      vertex 35 28.25 -22
    endloop
  endfacet
  facet normal -1 0 0
    outer loop
      vertex 31 28.25 -22
      vertex 31 27.5 -21.6
      vertex 31 28.25 -21.6
    endloop
  endfacet
  facet normal 0 -1 0
    outer loop
      vertex 31 27.5 -22
      vertex 35 27.5 -21.6
      vertex 31 27.5 -21.6
    endloop
  endfacet
  facet normal 0 0 1
    outer loop
      vertex 31 27.5 -21.6
      vertex 35 27.5 -21.6
      vertex 31 28.25 -21.6
    endloop
  endfacet
  facet normal -1 0 0
    outer loop
      vertex 31 29.75 -22
      vertex 31 29.75 -21.6
      vertex 31 31.5 -22
    endloop
  endfacet
  facet normal 0 0 -1
    outer loop
      vertex 31 29.75 -22
      vertex 31 31.5 -22
      vertex 35 31.5 -22
    endloop
  endfacet
  facet normal 0 1 0
    outer loop
      vertex 31 31.5 -22
      vertex 31 31.5 -21.6
      vertex 35 31.5 -22
    endloop
  endfacet
  facet normal -1 0 0
    outer loop
      vertex 31 29.75 -21.6
      vertex 31 31.5 -21.6
      vertex 31 31.5 -22
    endloop
  endfacet
  facet normal 0 0 1
    outer loop
      vertex 31 29.75 -21.6
      vertex 35 29.75 -21.6
      vertex 31 31.5 -21.6
    endloop
  endfacet
  facet normal 0 0 -1
    outer loop
      vertex 31 27.5 -22
      vertex 35 28.25 -22
      vertex 35 27.5 -22
    endloop
  endfacet
  facet normal 0 -1 0
    outer loop
      vertex 31 27.5 -22
      vertex 35 27.5 -22
      vertex 35 27.5 -21.6
    endloop
  endfacet
  facet normal 0 0 1
    outer loop
      vertex 31 28.25 -21.6
      vertex 35 27.5 -21.6
      vertex 35 28.25 -21.6
    endloop
  endfacet
  facet normal 1 0 0
    outer loop
      vertex 35 27.5 -22
      vertex 35 28.25 -22
      vertex 35 28.25 -21.6
    endloop
  endfacet
  facet normal 1 0 0
    outer loop
      vertex 35 27.5 -22
      vertex 35 28.25 -21.6
      vertex 35 27.5 -21.6
    endloop
  endfacet
  facet normal 0 0 -1
    outer loop
      vertex 31 29.75 -22
      vertex 35 31.5 -22
      vertex 35 29.75 -22
    endloop
  endfacet
  facet normal 0 0 1
    outer loop
      vertex 35 29.75 -21.6
      vertex 35 31.5 -21.6
      vertex 31 31.5 -21.6
    endloop
  endfacet
  facet normal 0 1 0
    outer loop
      vertex 31 31.5 -21.6
      vertex 35 31.5 -21.6
      vertex 35 31.5 -22
    endloop
  endfacet
  facet normal 1 0 0
    outer loop
      vertex 35 29.75 -22
      vertex 35 31.5 -22
      vertex 35 31.5 -21.6
    endloop
  endfacet
  facet normal 1 0 0
    outer loop
      vertex 35 29.75 -22
      vertex 35 31.5 -21.6
      vertex 35 29.75 -21.6
    endloop
  endfacet
  facet normal -1 0 0
    outer loop
      vertex -48 29.269030116872177 -21.895670858091272
      vertex -48 29.260764916066947 -21.872571169313616
      vertex -48 29.269030116872177 -21.70432914190873
    endloop
  endfacet
  facet normal -1 0 0
    outer loop
      vertex -48 29.260764916066947 -21.872571169313616
      vertex -48 29.254803679899194 -21.848772580504033
      vertex -48 29.260764916066947 -21.727428830686385
    endloop
  endfacet
  facet normal -1 0 0
    outer loop
      vertex -48 29.254803679899194 -21.848772580504033
      vertex -48 29.251203818331952 -21.82450428508239
      vertex -48 29.254803679899194 -21.75122741949597
    endloop
  endfacet
  facet normal -1 0 0
    outer loop
      vertex -48 29.251203818331952 -21.82450428508239
      vertex -48 29.25 -21.8
      vertex -48 29.251203818331952 -21.77549571491761
    endloop
  endfacet
  facet normal -1 0 0
    outer loop
      vertex -48 29.269030116872177 -21.895670858091272
      vertex -48 29.279519683912913 -21.682150815793502
      vertex -48 29.279519683912913 -21.9178491842065
    endloop
  endfacet
  facet normal -1 0 0
    outer loop
      vertex -48 29.306747386659314 -21.958598321040913
      vertex -48 29.32322330470336 -21.623223304703362
      vertex -48 29.32322330470336 -21.97677669529664
    endloop
  endfacet
  facet normal -1 0 0
    outer loop
      vertex -48 29.306747386659314 -21.958598321040913
      vertex -48 29.292132596924365 -21.938892558254903
      vertex -48 29.306747386659314 -21.641401678959088
    endloop
  endfacet
  facet normal -1 0 0
    outer loop
      vertex -48 29.292132596924365 -21.938892558254903
      vertex -48 29.279519683912913 -21.9178491842065
      vertex -48 29.292132596924365 -21.6611074417451
    endloop
  endfacet
  facet normal -1 0 0
    outer loop
      vertex -48 29.341401678959087 -21.993252613340687
      vertex -48 29.361107441745098 -21.592132596924365
      vertex -48 29.361107441745098 -22.007867403075636
    endloop
  endfacet
  facet normal -1 0 0
    outer loop
      vertex -48 29.341401678959087 -21.993252613340687
      vertex -48 29.32322330470336 -21.97677669529664
      vertex -48 29.341401678959087 -21.606747386659315
    endloop
  endfacet
  facet normal -1 0 0
    outer loop
      vertex -48 29.3821508157935 -22.020480316087088
      vertex -48 29.361107441745098 -22.007867403075636
      vertex -48 29.3821508157935 -21.579519683912913
    endloop
  endfacet
  facet normal -1 0 0
    outer loop
      vertex -48 29.3821508157935 -22.020480316087088
      vertex -48 29.40432914190873 -21.569030116872177
      vertex -48 29.40432914190873 -22.030969883127824
    endloop
  endfacet
  facet normal -1 0 0
    outer loop
      vertex -48 29.40432914190873 -22.030969883127824
      vertex -48 29.427428830686384 -21.560764916066947
      vertex -48 29.427428830686384 -22.039235083933054
    endloop
  endfacet
  facet normal -1 0 0
    outer loop
      vertex -48 29.427428830686384 -22.039235083933054
      vertex -48 29.451227419495968 -21.554803679899194
      vertex -48 29.451227419495968 -22.045196320100807
    endloop
  endfacet
  facet normal -1 0 0
    outer loop
      vertex -48 29.47549571491761 -22.04879618166805
      vertex -48 29.451227419495968 -22.045196320100807
      vertex -48 29.47549571491761 -21.551203818331953
    endloop
  endfacet
  facet normal -1 0 0
    outer loop
      vertex -48 29.47549571491761 -22.04879618166805
      vertex -48 29.5 -21.55
      vertex -48 29.5 -22.05
    endloop
  endfacet
  facet normal -1 0 0
    outer loop
      vertex -48 29.5 -22.05
      vertex -48 29.52450428508239 -21.551203818331953
      vertex -48 29.52450428508239 -22.04879618166805
    endloop
  endfacet
  facet normal -1 0 0
    outer loop
      vertex -48 29.52450428508239 -22.04879618166805
      vertex -48 29.548772580504032 -21.554803679899194
      vertex -48 29.548772580504032 -22.045196320100807
    endloop
  endfacet
  facet normal -1 0 0
    outer loop
      vertex -48 29.548772580504032 -22.045196320100807
      vertex -48 29.572571169313616 -21.560764916066947
      vertex -48 29.572571169313616 -22.039235083933054
    endloop
  endfacet
  facet normal -1 0 0
    outer loop
      vertex -48 29.572571169313616 -22.039235083933054
      vertex -48 29.59567085809127 -21.569030116872177
      vertex -48 29.59567085809127 -22.030969883127824
    endloop
  endfacet
  facet normal -1 0 0
    outer loop
      vertex -48 29.59567085809127 -22.030969883127824
      vertex -48 29.6178491842065 -21.579519683912913
      vertex -48 29.6178491842065 -22.020480316087088
    endloop
  endfacet
  facet normal -1 0 0
    outer loop
      vertex -48 29.6178491842065 -22.020480316087088
      vertex -48 29.638892558254902 -21.592132596924365
      vertex -48 29.638892558254902 -22.007867403075636
    endloop
  endfacet
  facet normal -1 0 0
    outer loop
      vertex -48 29.251203818331952 -21.82450428508239
      vertex -48 29.251203818331952 -21.77549571491761
      vertex -48 29.254803679899194 -21.75122741949597
    endloop
  endfacet
  facet normal -1 0 0
    outer loop
      vertex -48 29.254803679899194 -21.848772580504033
      vertex -48 29.254803679899194 -21.75122741949597
      vertex -48 29.260764916066947 -21.727428830686385
    endloop
  endfacet
  facet normal -1 0 0
    outer loop
      vertex -48 29.260764916066947 -21.872571169313616
      vertex -48 29.260764916066947 -21.727428830686385
      vertex -48 29.269030116872177 -21.70432914190873
    endloop
  endfacet
  facet normal -1 0 0
    outer loop
      vertex -48 29.269030116872177 -21.895670858091272
      vertex -48 29.269030116872177 -21.70432914190873
      vertex -48 29.279519683912913 -21.682150815793502
    endloop
  endfacet
  facet normal -1 0 0
    outer loop
      vertex -48 29.279519683912913 -21.9178491842065
      vertex -48 29.279519683912913 -21.682150815793502
      vertex -48 29.292132596924365 -21.6611074417451
    endloop
  endfacet
  facet normal -1 0 0
    outer loop
      vertex -48 29.292132596924365 -21.938892558254903
      vertex -48 29.292132596924365 -21.6611074417451
      vertex -48 29.306747386659314 -21.641401678959088
    endloop
  endfacet
  facet normal -1 0 0
    outer loop
      vertex -48 29.306747386659314 -21.958598321040913
      vertex -48 29.306747386659314 -21.641401678959088
      vertex -48 29.32322330470336 -21.623223304703362
    endloop
  endfacet
  facet normal -1 0 0
    outer loop
      vertex -48 29.32322330470336 -21.97677669529664
      vertex -48 29.32322330470336 -21.623223304703362
      vertex -48 29.341401678959087 -21.606747386659315
    endloop
  endfacet
  facet normal -1 0 0
    outer loop
      vertex -48 29.341401678959087 -21.993252613340687
      vertex -48 29.341401678959087 -21.606747386659315
      vertex -48 29.361107441745098 -21.592132596924365
    endloop
  endfacet
  facet normal -1 0 0
    outer loop
      vertex -48 29.361107441745098 -22.007867403075636
      vertex -48 29.361107441745098 -21.592132596924365
      vertex -48 29.3821508157935 -21.579519683912913
    endloop
  endfacet
  facet normal -1 0 0
    outer loop
      vertex -48 29.3821508157935 -22.020480316087088
      vertex -48 29.3821508157935 -21.579519683912913
      vertex -48 29.40432914190873 -21.569030116872177
    endloop
  endfacet
  facet normal -1 0 0
    outer loop
      vertex -48 29.40432914190873 -22.030969883127824
      vertex -48 29.40432914190873 -21.569030116872177
      vertex -48 29.427428830686384 -21.560764916066947
    endloop
  endfacet
  facet normal -1 0 0
    outer loop
      vertex -48 29.427428830686384 -22.039235083933054
      vertex -48 29.427428830686384 -21.560764916066947
      vertex -48 29.451227419495968 -21.554803679899194
    endloop
  endfacet
  facet normal -1 0 0
    outer loop
      vertex -48 29.451227419495968 -22.045196320100807
      vertex -48 29.451227419495968 -21.554803679899194
      vertex -48 29.47549571491761 -21.551203818331953
    endloop
  endfacet
  facet normal -1 0 0
    outer loop
      vertex -48 29.47549571491761 -22.04879618166805
      vertex -48 29.47549571491761 -21.551203818331953
      vertex -48 29.5 -21.55
    endloop
  endfacet
  facet normal -1 0 0
    outer loop
      vertex -48 29.5 -22.05
      vertex -48 29.5 -21.55
      vertex -48 29.52450428508239 -21.551203818331953
    endloop
  endfacet
  facet normal -1 0 0
    outer loop
      vertex -48 29.52450428508239 -22.04879618166805
      vertex -48 29.52450428508239 -21.551203818331953
      vertex -48 29.548772580504032 -21.554803679899194
    endloop
  endfacet
  facet normal -1 0 0
    outer loop
      vertex -48 29.548772580504032 -22.045196320100807
      vertex -48 29.548772580504032 -21.554803679899194
      vertex -48 29.572571169313616 -21.560764916066947
    endloop
  endfacet
  facet normal -1 0 0
    outer loop
      vertex -48 29.572571169313616 -22.039235083933054
      vertex -48 29.572571169313616 -21.560764916066947
      vertex -48 29.59567085809127 -21.569030116872177
    endloop
  endfacet
  facet normal -1 0 0
    outer loop
      vertex -48 29.59567085809127 -22.030969883127824
      vertex -48 29.59567085809127 -21.569030116872177
      vertex -48 29.6178491842065 -21.579519683912913
    endloop
  endfacet
  facet normal -1 0 0
    outer loop
      vertex -48 29.6178491842065 -22.020480316087088
      vertex -48 29.6178491842065 -21.579519683912913
      vertex -48 29.638892558254902 -21.592132596924365
    endloop
  endfacet
  facet normal -1 0 0
    outer loop
      vertex -48 29.638892558254902 -22.007867403075636
      vertex -48 29.658598321040913 -21.606747386659315
      vertex -48 29.658598321040913 -21.993252613340687
    endloop
  endfacet
  facet normal -1 0 0
    outer loop
      vertex -48 29.658598321040913 -21.993252613340687
      vertex -48 29.67677669529664 -21.623223304703362
      vertex -48 29.67677669529664 -21.97677669529664
    endloop
  endfacet
  facet normal -1 0 0
    outer loop
      vertex -48 29.67677669529664 -21.97677669529664
      vertex -48 29.693252613340686 -21.641401678959088
      vertex -48 29.693252613340686 -21.958598321040913
    endloop
  endfacet
  facet normal -1 0 0
    outer loop
      vertex -48 29.693252613340686 -21.958598321040913
      vertex -48 29.707867403075635 -21.6611074417451
      vertex -48 29.707867403075635 -21.938892558254903
    endloop
  endfacet
  facet normal -1 0 0
    outer loop
      vertex -48 29.707867403075635 -21.938892558254903
      vertex -48 29.720480316087087 -21.682150815793502
      vertex -48 29.720480316087087 -21.9178491842065
    endloop
  endfacet
  facet normal -1 0 0
    outer loop
      vertex -48 29.720480316087087 -21.9178491842065
      vertex -48 29.730969883127823 -21.70432914190873
      vertex -48 29.730969883127823 -21.895670858091272
    endloop
  endfacet
  facet normal -1 0 0
    outer loop
      vertex -48 29.730969883127823 -21.895670858091272
      vertex -48 29.739235083933053 -21.727428830686385
      vertex -48 29.739235083933053 -21.872571169313616
    endloop
  endfacet
  facet normal -1 0 0
    outer loop
      vertex -48 29.739235083933053 -21.872571169313616
      vertex -48 29.745196320100806 -21.75122741949597
      vertex -48 29.745196320100806 -21.848772580504033
    endloop
  endfacet
  facet normal -1 0 0
    outer loop
      vertex -48 29.745196320100806 -21.848772580504033
      vertex -48 29.748796181668048 -21.77549571491761
      vertex -48 29.748796181668048 -21.82450428508239
    endloop
  endfacet
  facet normal -1 0 0
    outer loop
      vertex -48 29.748796181668048 -21.82450428508239
      vertex -48 29.748796181668048 -21.77549571491761
      vertex -48 29.75 -21.8
    endloop
  endfacet
  facet normal -1 0 0
    outer loop
      vertex -48 29.638892558254902 -22.007867403075636
      vertex -48 29.638892558254902 -21.592132596924365
      vertex -48 29.658598321040913 -21.606747386659315
    endloop
  endfacet
  facet normal -1 0 0
    outer loop
      vertex -48 29.658598321040913 -21.993252613340687
      vertex -48 29.658598321040913 -21.606747386659315
      vertex -48 29.67677669529664 -21.623223304703362
    endloop
  endfacet
  facet normal -1 0 0
    outer loop
      vertex -48 29.693252613340686 -21.958598321040913
      vertex -48 29.693252613340686 -21.641401678959088
      vertex -48 29.707867403075635 -21.6611074417451
    endloop
  endfacet
  facet normal -1 0 0
    outer loop
      vertex -48 29.67677669529664 -21.97677669529664
      vertex -48 29.67677669529664 -21.623223304703362
      vertex -48 29.693252613340686 -21.641401678959088
    endloop
  endfacet
  facet normal -1 0 0
    outer loop
      vertex -48 29.707867403075635 -21.938892558254903
      vertex -48 29.707867403075635 -21.6611074417451
      vertex -48 29.720480316087087 -21.682150815793502
    endloop
  endfacet
  facet normal -1 0 0
    outer loop
      vertex -48 29.745196320100806 -21.848772580504033
      vertex -48 29.745196320100806 -21.75122741949597
      vertex -48 29.748796181668048 -21.77549571491761
    endloop
  endfacet
  facet normal -1 0 0
    outer loop
      vertex -48 29.739235083933053 -21.872571169313616
      vertex -48 29.739235083933053 -21.727428830686385
      vertex -48 29.745196320100806 -21.75122741949597
    endloop
  endfacet
  facet normal -1 0 0
    outer loop
      vertex -48 29.730969883127823 -21.895670858091272
      vertex -48 29.730969883127823 -21.70432914190873
      vertex -48 29.739235083933053 -21.727428830686385
    endloop
  endfacet
  facet normal -1 0 0
    outer loop
      vertex -48 29.720480316087087 -21.9178491842065
      vertex -48 29.720480316087087 -21.682150815793502
      vertex -48 29.730969883127823 -21.70432914190873
    endloop
  endfacet
  facet normal 1 0 0
    outer loop
      vertex 48 29.269030116872177 -21.895670858091272
      vertex 48 29.260764916066947 -21.727428830686385
      vertex 48 29.260764916066947 -21.872571169313616
    endloop
  endfacet
  facet normal 1 0 0
    outer loop
      vertex 48 29.260764916066947 -21.872571169313616
      vertex 48 29.254803679899194 -21.75122741949597
      vertex 48 29.254803679899194 -21.848772580504033
    endloop
  endfacet
  facet normal 1 0 0
    outer loop
      vertex 48 29.254803679899194 -21.848772580504033
      vertex 48 29.251203818331952 -21.77549571491761
      vertex 48 29.251203818331952 -21.82450428508239
    endloop
  endfacet
  facet normal 1 0 0
    outer loop
      vertex 48 29.25 -21.8
      vertex 48 29.251203818331952 -21.82450428508239
      vertex 48 29.251203818331952 -21.77549571491761
    endloop
  endfacet
  facet normal 1 0 0
    outer loop
      vertex 48 29.269030116872177 -21.895670858091272
      vertex 48 29.279519683912913 -21.9178491842065
      vertex 48 29.269030116872177 -21.70432914190873
    endloop
  endfacet
  facet normal 1 0 0
    outer loop
      vertex 48 29.306747386659314 -21.958598321040913
      vertex 48 29.32322330470336 -21.97677669529664
      vertex 48 29.306747386659314 -21.641401678959088
    endloop
  endfacet
  facet normal 1 0 0
    outer loop
      vertex 48 29.306747386659314 -21.958598321040913
      vertex 48 29.292132596924365 -21.6611074417451
      vertex 48 29.292132596924365 -21.938892558254903
    endloop
  endfacet
  facet normal 1 0 0
    outer loop
      vertex 48 29.292132596924365 -21.938892558254903
      vertex 48 29.279519683912913 -21.682150815793502
      vertex 48 29.279519683912913 -21.9178491842065
    endloop
  endfacet
  facet normal 1 0 0
    outer loop
      vertex 48 29.341401678959087 -21.993252613340687
      vertex 48 29.32322330470336 -21.623223304703362
      vertex 48 29.32322330470336 -21.97677669529664
    endloop
  endfacet
  facet normal 1 0 0
    outer loop
      vertex 48 29.341401678959087 -21.993252613340687
      vertex 48 29.361107441745098 -22.007867403075636
      vertex 48 29.341401678959087 -21.606747386659315
    endloop
  endfacet
  facet normal 1 0 0
    outer loop
      vertex 48 29.3821508157935 -22.020480316087088
      vertex 48 29.361107441745098 -21.592132596924365
      vertex 48 29.361107441745098 -22.007867403075636
    endloop
  endfacet
  facet normal 1 0 0
    outer loop
      vertex 48 29.3821508157935 -22.020480316087088
      vertex 48 29.40432914190873 -22.030969883127824
      vertex 48 29.3821508157935 -21.579519683912913
    endloop
  endfacet
  facet normal 1 0 0
    outer loop
      vertex 48 29.40432914190873 -22.030969883127824
      vertex 48 29.427428830686384 -22.039235083933054
      vertex 48 29.40432914190873 -21.569030116872177
    endloop
  endfacet
  facet normal 1 0 0
    outer loop
      vertex 48 29.427428830686384 -22.039235083933054
      vertex 48 29.451227419495968 -22.045196320100807
      vertex 48 29.427428830686384 -21.560764916066947
    endloop
  endfacet
  facet normal 1 0 0
    outer loop
      vertex 48 29.451227419495968 -22.045196320100807
      vertex 48 29.47549571491761 -22.04879618166805
      vertex 48 29.451227419495968 -21.554803679899194
    endloop
  endfacet
  facet normal 1 0 0
    outer loop
      vertex 48 29.47549571491761 -22.04879618166805
      vertex 48 29.5 -22.05
      vertex 48 29.47549571491761 -21.551203818331953
    endloop
  endfacet
  facet normal 1 0 0
    outer loop
      vertex 48 29.5 -22.05
      vertex 48 29.52450428508239 -22.04879618166805
      vertex 48 29.5 -21.55
    endloop
  endfacet
  facet normal 1 0 0
    outer loop
      vertex 48 29.52450428508239 -22.04879618166805
      vertex 48 29.548772580504032 -22.045196320100807
      vertex 48 29.52450428508239 -21.551203818331953
    endloop
  endfacet
  facet normal 1 0 0
    outer loop
      vertex 48 29.548772580504032 -22.045196320100807
      vertex 48 29.572571169313616 -22.039235083933054
      vertex 48 29.548772580504032 -21.554803679899194
    endloop
  endfacet
  facet normal 1 0 0
    outer loop
      vertex 48 29.572571169313616 -22.039235083933054
      vertex 48 29.59567085809127 -22.030969883127824
      vertex 48 29.572571169313616 -21.560764916066947
    endloop
  endfacet
  facet normal 1 0 0
    outer loop
      vertex 48 29.59567085809127 -22.030969883127824
      vertex 48 29.6178491842065 -22.020480316087088
      vertex 48 29.59567085809127 -21.569030116872177
    endloop
  endfacet
  facet normal 1 0 0
    outer loop
      vertex 48 29.6178491842065 -22.020480316087088
      vertex 48 29.638892558254902 -22.007867403075636
      vertex 48 29.6178491842065 -21.579519683912913
    endloop
  endfacet
  facet normal 1 0 0
    outer loop
      vertex 48 29.254803679899194 -21.848772580504033
      vertex 48 29.254803679899194 -21.75122741949597
      vertex 48 29.251203818331952 -21.77549571491761
    endloop
  endfacet
  facet normal 1 0 0
    outer loop
      vertex 48 29.260764916066947 -21.872571169313616
      vertex 48 29.260764916066947 -21.727428830686385
      vertex 48 29.254803679899194 -21.75122741949597
    endloop
  endfacet
  facet normal 1 0 0
    outer loop
      vertex 48 29.269030116872177 -21.895670858091272
      vertex 48 29.269030116872177 -21.70432914190873
      vertex 48 29.260764916066947 -21.727428830686385
    endloop
  endfacet
  facet normal 1 0 0
    outer loop
      vertex 48 29.279519683912913 -21.9178491842065
      vertex 48 29.279519683912913 -21.682150815793502
      vertex 48 29.269030116872177 -21.70432914190873
    endloop
  endfacet
  facet normal 1 0 0
    outer loop
      vertex 48 29.292132596924365 -21.938892558254903
      vertex 48 29.292132596924365 -21.6611074417451
      vertex 48 29.279519683912913 -21.682150815793502
    endloop
  endfacet
  facet normal 1 0 0
    outer loop
      vertex 48 29.306747386659314 -21.958598321040913
      vertex 48 29.306747386659314 -21.641401678959088
      vertex 48 29.292132596924365 -21.6611074417451
    endloop
  endfacet
  facet normal 1 0 0
    outer loop
      vertex 48 29.32322330470336 -21.97677669529664
      vertex 48 29.32322330470336 -21.623223304703362
      vertex 48 29.306747386659314 -21.641401678959088
    endloop
  endfacet
  facet normal 1 0 0
    outer loop
      vertex 48 29.341401678959087 -21.993252613340687
      vertex 48 29.341401678959087 -21.606747386659315
      vertex 48 29.32322330470336 -21.623223304703362
    endloop
  endfacet
  facet normal 1 0 0
    outer loop
      vertex 48 29.361107441745098 -22.007867403075636
      vertex 48 29.361107441745098 -21.592132596924365
      vertex 48 29.341401678959087 -21.606747386659315
    endloop
  endfacet
  facet normal 1 0 0
    outer loop
      vertex 48 29.3821508157935 -22.020480316087088
      vertex 48 29.3821508157935 -21.579519683912913
      vertex 48 29.361107441745098 -21.592132596924365
    endloop
  endfacet
  facet normal 1 0 0
    outer loop
      vertex 48 29.40432914190873 -22.030969883127824
      vertex 48 29.40432914190873 -21.569030116872177
      vertex 48 29.3821508157935 -21.579519683912913
    endloop
  endfacet
  facet normal 1 0 0
    outer loop
      vertex 48 29.427428830686384 -22.039235083933054
      vertex 48 29.427428830686384 -21.560764916066947
      vertex 48 29.40432914190873 -21.569030116872177
    endloop
  endfacet
  facet normal 1 0 0
    outer loop
      vertex 48 29.451227419495968 -22.045196320100807
      vertex 48 29.451227419495968 -21.554803679899194
      vertex 48 29.427428830686384 -21.560764916066947
    endloop
  endfacet
  facet normal 1 0 0
    outer loop
      vertex 48 29.47549571491761 -22.04879618166805
      vertex 48 29.47549571491761 -21.551203818331953
      vertex 48 29.451227419495968 -21.554803679899194
    endloop
  endfacet
  facet normal 1 0 0
    outer loop
      vertex 48 29.5 -22.05
      vertex 48 29.5 -21.55
      vertex 48 29.47549571491761 -21.551203818331953
    endloop
  endfacet
  facet normal 1 0 0
    outer loop
      vertex 48 29.52450428508239 -22.04879618166805
      vertex 48 29.52450428508239 -21.551203818331953
      vertex 48 29.5 -21.55
    endloop
  endfacet
  facet normal 1 0 0
    outer loop
      vertex 48 29.548772580504032 -22.045196320100807
      vertex 48 29.548772580504032 -21.554803679899194
      vertex 48 29.52450428508239 -21.551203818331953
    endloop
  endfacet
  facet normal 1 0 0
    outer loop
      vertex 48 29.572571169313616 -22.039235083933054
      vertex 48 29.572571169313616 -21.560764916066947
      vertex 48 29.548772580504032 -21.554803679899194
    endloop
  endfacet
  facet normal 1 0 0
    outer loop
      vertex 48 29.59567085809127 -22.030969883127824
      vertex 48 29.59567085809127 -21.569030116872177
      vertex 48 29.572571169313616 -21.560764916066947
    endloop
  endfacet
  facet normal 1 0 0
    outer loop
      vertex 48 29.6178491842065 -22.020480316087088
      vertex 48 29.6178491842065 -21.579519683912913
      vertex 48 29.59567085809127 -21.569030116872177
    endloop
  endfacet
  facet normal 1 0 0
    outer loop
      vertex 48 29.638892558254902 -22.007867403075636
      vertex 48 29.638892558254902 -21.592132596924365
      vertex 48 29.6178491842065 -21.579519683912913
    endloop
  endfacet
  facet normal 1 0 0
    outer loop
      vertex 48 29.638892558254902 -22.007867403075636
      vertex 48 29.658598321040913 -21.993252613340687
      vertex 48 29.638892558254902 -21.592132596924365
    endloop
  endfacet
  facet normal 1 0 0
    outer loop
      vertex 48 29.658598321040913 -21.993252613340687
      vertex 48 29.67677669529664 -21.97677669529664
      vertex 48 29.658598321040913 -21.606747386659315
    endloop
  endfacet
  facet normal 1 0 0
    outer loop
      vertex 48 29.67677669529664 -21.97677669529664
      vertex 48 29.693252613340686 -21.958598321040913
      vertex 48 29.67677669529664 -21.623223304703362
    endloop
  endfacet
  facet normal 1 0 0
    outer loop
      vertex 48 29.693252613340686 -21.958598321040913
      vertex 48 29.707867403075635 -21.938892558254903
      vertex 48 29.693252613340686 -21.641401678959088
    endloop
  endfacet
  facet normal 1 0 0
    outer loop
      vertex 48 29.707867403075635 -21.938892558254903
      vertex 48 29.720480316087087 -21.9178491842065
      vertex 48 29.707867403075635 -21.6611074417451
    endloop
  endfacet
  facet normal 1 0 0
    outer loop
      vertex 48 29.720480316087087 -21.9178491842065
      vertex 48 29.730969883127823 -21.895670858091272
      vertex 48 29.720480316087087 -21.682150815793502
    endloop
  endfacet
  facet normal 1 0 0
    outer loop
      vertex 48 29.730969883127823 -21.895670858091272
      vertex 48 29.739235083933053 -21.872571169313616
      vertex 48 29.730969883127823 -21.70432914190873
    endloop
  endfacet
  facet normal 1 0 0
    outer loop
      vertex 48 29.739235083933053 -21.872571169313616
      vertex 48 29.745196320100806 -21.848772580504033
      vertex 48 29.739235083933053 -21.727428830686385
    endloop
  endfacet
  facet normal 1 0 0
    outer loop
      vertex 48 29.745196320100806 -21.848772580504033
      vertex 48 29.748796181668048 -21.82450428508239
      vertex 48 29.745196320100806 -21.75122741949597
    endloop
  endfacet
  facet normal 1 0 0
    outer loop
      vertex 48 29.748796181668048 -21.82450428508239
      vertex 48 29.75 -21.8
      vertex 48 29.748796181668048 -21.77549571491761
    endloop
  endfacet
  facet normal 1 0 0
    outer loop
      vertex 48 29.658598321040913 -21.993252613340687
      vertex 48 29.658598321040913 -21.606747386659315
      vertex 48 29.638892558254902 -21.592132596924365
    endloop
  endfacet
  facet normal 1 0 0
    outer loop
      vertex 48 29.707867403075635 -21.938892558254903
      vertex 48 29.707867403075635 -21.6611074417451
      vertex 48 29.693252613340686 -21.641401678959088
    endloop
  endfacet
  facet normal 1 0 0
    outer loop
      vertex 48 29.693252613340686 -21.958598321040913
      vertex 48 29.693252613340686 -21.641401678959088
      vertex 48 29.67677669529664 -21.623223304703362
    endloop
  endfacet
  facet normal 1 0 0
    outer loop
      vertex 48 29.67677669529664 -21.97677669529664
      vertex 48 29.67677669529664 -21.623223304703362
      vertex 48 29.658598321040913 -21.606747386659315
    endloop
  endfacet
  facet normal 1 0 0
    outer loop
      vertex 48 29.720480316087087 -21.9178491842065
      vertex 48 29.720480316087087 -21.682150815793502
      vertex 48 29.707867403075635 -21.6611074417451
    endloop
  endfacet
  facet normal 1 0 0
    outer loop
      vertex 48 29.748796181668048 -21.82450428508239
      vertex 48 29.748796181668048 -21.77549571491761
      vertex 48 29.745196320100806 -21.75122741949597
    endloop
  endfacet
  facet normal 1 0 0
    outer loop
      vertex 48 29.745196320100806 -21.848772580504033
      vertex 48 29.745196320100806 -21.75122741949597
      vertex 48 29.739235083933053 -21.727428830686385
    endloop
  endfacet
  facet normal 1 0 0
    outer loop
      vertex 48 29.739235083933053 -21.872571169313616
      vertex 48 29.739235083933053 -21.727428830686385
      vertex 48 29.730969883127823 -21.70432914190873
    endloop
  endfacet
  facet normal 1 0 0
    outer loop
      vertex 48 29.730969883127823 -21.895670858091272
      vertex 48 29.730969883127823 -21.70432914190873
      vertex 48 29.720480316087087 -21.682150815793502
    endloop
  endfacet
  facet normal 0 0 -1
    outer loop
      vertex -3 29.25 16.05
      vertex -3 30.75 16.05
      vertex 3 30.75 16.05
    endloop
  endfacet
  facet normal 0 0 -1
    outer loop
      vertex -3 29.25 16.05
      vertex 3 30.75 16.05
      vertex 3 29.25 16.05
    endloop
  endfacet
  facet normal -1 0 0
    outer loop
      vertex -3 29.25 16.05
      vertex -3 29.25 20.175
      vertex -3 29.75 20.175
    endloop
  endfacet
  facet normal 0 -1 0
    outer loop
      vertex -3 29.25 16.05
      vertex 3 29.25 20.175
      vertex -3 29.25 20.175
    endloop
  endfacet
  facet normal -1 0 0
    outer loop
      vertex -3 29.25 16.05
      vertex -3 30.75 21.55
      vertex -3 30.75 16.05
    endloop
  endfacet
  facet normal -1 0 0
    outer loop
      vertex -3 29.25 16.05
      vertex -3 29.75 20.175
      vertex -3 30.75 21.55
    endloop
  endfacet
  facet normal 0 1 0
    outer loop
      vertex -3 30.75 16.05
      vertex -3 30.75 21.55
      vertex 3 30.75 16.05
    endloop
  endfacet
  facet normal -1 0 0
    outer loop
      vertex -3 29.75 20.175
      vertex -3 29.75 21.55
      vertex -3 30.75 21.55
    endloop
  endfacet
  facet normal 0 0 1
    outer loop
      vertex -3 29.75 21.55
      vertex 3 30.75 21.55
      vertex -3 30.75 21.55
    endloop
  endfacet
  facet normal 0 -1 0
    outer loop
      vertex -3 29.25 16.05
      vertex 3 29.25 16.05
      vertex 3 29.25 20.175
    endloop
  endfacet
  facet normal 1 0 0
    outer loop
      vertex 3 29.25 16.05
      vertex 3 29.75 20.175
      vertex 3 29.25 20.175
    endloop
  endfacet
  facet normal 0 1 0
    outer loop
      vertex 3 30.75 16.05
      vertex -3 30.75 21.55
      vertex 3 30.75 21.55
    endloop
  endfacet
  facet normal 1 0 0
    outer loop
      vertex 3 29.25 16.05
      vertex 3 30.75 16.05
      vertex 3 29.75 20.175
    endloop
  endfacet
  facet normal 1 0 0
    outer loop
      vertex 3 30.75 16.05
      vertex 3 29.75 21.55
      vertex 3 29.75 20.175
    endloop
  endfacet
  facet normal 1 0 0
    outer loop
      vertex 3 30.75 16.05
      vertex 3 30.75 21.55
      vertex 3 29.75 21.55
    endloop
  endfacet
  facet normal 0 0 1
    outer loop
      vertex -3 29.75 21.55
      vertex 3 29.75 21.55
      vertex 3 30.75 21.55
    endloop
  endfacet
  facet normal -1 0 0
    outer loop
      vertex -3 41.921201081280145 -33.611594460461504
      vertex -3 42.207904296781294 -33.41084270773864
      vertex -3 43.01099631034713 -35.16798334461059
    endloop
  endfacet
  facet normal 0 -0.5735764363510433 0.8191520442889938
    outer loop
      vertex -3 41.921201081280145 -33.611594460461504
      vertex 3 42.207904296781294 -33.41084270773864
      vertex -3 42.207904296781294 -33.41084270773864
    endloop
  endfacet
  facet normal 0 -0.5735764363510433 0.8191520442889938
    outer loop
      vertex -3 41.921201081280145 -33.611594460461504
      vertex 3 41.921201081280145 -33.611594460461504
      vertex 3 42.207904296781294 -33.41084270773864
    endloop
  endfacet
  facet normal -1 0 0
    outer loop
      vertex -3 42.06897145941479 -35.827596246414295
      vertex -3 45.362574696712045 -37.91617895132809
      vertex -3 44.133846630278555 -38.77654360585467
    endloop
  endfacet
  facet normal -1 0 0
    outer loop
      vertex -3 42.06897145941479 -35.827596246414295
      vertex -3 43.01099631034713 -35.16798334461059
      vertex -3 45.362574696712045 -37.91617895132809
    endloop
  endfacet
  facet normal 0 -0.8191520442889924 -0.5735764363510454
    outer loop
      vertex -3 42.06897145941479 -35.827596246414295
      vertex -3 44.133846630278555 -38.77654360585467
      vertex 3 42.06897145941479 -35.827596246414295
    endloop
  endfacet
  facet normal 0 0.819152044288992 0.5735764363510459
    outer loop
      vertex -3 42.207904296781294 -33.41084270773864
      vertex 3 45.362574696712045 -37.91617895132809
      vertex -3 45.362574696712045 -37.91617895132809
    endloop
  endfacet
  facet normal 0 0.573576436351049 -0.8191520442889897
    outer loop
      vertex -3 44.133846630278555 -38.77654360585467
      vertex -3 45.362574696712045 -37.91617895132809
      vertex 3 45.362574696712045 -37.91617895132809
    endloop
  endfacet
  facet normal -1 0 0
    outer loop
      vertex -3 42.207904296781294 -33.41084270773864
      vertex -3 45.362574696712045 -37.91617895132809
      vertex -3 43.01099631034713 -35.16798334461059
    endloop
  endfacet
  facet normal 0 -0.8191520442889924 -0.5735764363510454
    outer loop
      vertex -3 44.133846630278555 -38.77654360585467
      vertex 3 44.133846630278555 -38.77654360585467
      vertex 3 42.06897145941479 -35.827596246414295
    endloop
  endfacet
  facet normal 0 0.573576436351049 -0.8191520442889897
    outer loop
      vertex -3 44.133846630278555 -38.77654360585467
      vertex 3 45.362574696712045 -37.91617895132809
      vertex 3 44.133846630278555 -38.77654360585467
    endloop
  endfacet
  facet normal 1 0 0
    outer loop
      vertex 3 43.01099631034713 -35.16798334461059
      vertex 3 44.133846630278555 -38.77654360585467
      vertex 3 45.362574696712045 -37.91617895132809
    endloop
  endfacet
  facet normal 1 0 0
    outer loop
      vertex 3 42.06897145941479 -35.827596246414295
      vertex 3 44.133846630278555 -38.77654360585467
      vertex 3 43.01099631034713 -35.16798334461059
    endloop
  endfacet
  facet normal 0 0.819152044288992 0.5735764363510459
    outer loop
      vertex -3 42.207904296781294 -33.41084270773864
      vertex 3 42.207904296781294 -33.41084270773864
      vertex 3 45.362574696712045 -37.91617895132809
    endloop
  endfacet
  facet normal 1 0 0
    outer loop
      vertex 3 41.921201081280145 -33.611594460461504
      vertex 3 43.01099631034713 -35.16798334461059
      vertex 3 45.362574696712045 -37.91617895132809
    endloop
  endfacet
  facet normal 1 0 0
    outer loop
      vertex 3 41.921201081280145 -33.611594460461504
      vertex 3 45.362574696712045 -37.91617895132809
      vertex 3 42.207904296781294 -33.41084270773864
    endloop
  endfacet
  facet normal 0 0 -1
    outer loop
      vertex -0.3865052266813685 31.18280335791818 16.3
      vertex -0.4157348061512726 31.2222148834902 16.3
      vertex -0.3865052266813685 31.81719664208182 16.3
    endloop
  endfacet
  facet normal 0 0 -1
    outer loop
      vertex -0.46193976625564337 31.308658283817454 16.3
      vertex -0.4784701678661044 31.35485766137277 16.3
      vertex -0.46193976625564337 31.691341716182546 16.3
    endloop
  endfacet
  facet normal 0 0 -1
    outer loop
      vertex -0.4409606321741775 31.264301631587003 16.3
      vertex -0.46193976625564337 31.308658283817454 16.3
      vertex -0.4409606321741775 31.735698368412997 16.3
    endloop
  endfacet
  facet normal 0 0 -1
    outer loop
      vertex -0.4157348061512726 31.2222148834902 16.3
      vertex -0.4409606321741775 31.264301631587003 16.3
      vertex -0.4157348061512726 31.7777851165098 16.3
    endloop
  endfacet
  facet normal 0 0 -1
    outer loop
      vertex -0.4903926402016152 31.402454838991936 16.3
      vertex -0.49759236333609846 31.45099142983522 16.3
      vertex -0.4903926402016152 31.597545161008064 16.3
    endloop
  endfacet
  facet normal 0 0 -1
    outer loop
      vertex -0.4784701678661044 31.35485766137277 16.3
      vertex -0.4903926402016152 31.402454838991936 16.3
      vertex -0.4784701678661044 31.64514233862723 16.3
    endloop
  endfacet
  facet normal 0 0 -1
    outer loop
      vertex -0.49759236333609846 31.45099142983522 16.3
      vertex -0.5 31.5 16.3
      vertex -0.49759236333609846 31.54900857016478 16.3
    endloop
  endfacet
  facet normal 0 0 -1
    outer loop
      vertex -0.2777851165098011 31.084265193848726 16.3
      vertex -0.31719664208182274 31.11349477331863 16.3
      vertex -0.2777851165098011 31.915734806151274 16.3
    endloop
  endfacet
  facet normal 0 0 -1
    outer loop
      vertex -0.31719664208182274 31.11349477331863 16.3
      vertex -0.3535533905932738 31.146446609406727 16.3
      vertex -0.31719664208182274 31.88650522668137 16.3
    endloop
  endfacet
  facet normal 0 0 -1
    outer loop
      vertex -0.3865052266813685 31.18280335791818 16.3
      vertex -0.3535533905932738 31.853553390593273 16.3
      vertex -0.3535533905932738 31.146446609406727 16.3
    endloop
  endfacet
  facet normal 0 0 -1
    outer loop
      vertex -0.49759236333609846 31.45099142983522 16.3
      vertex -0.49759236333609846 31.54900857016478 16.3
      vertex -0.4903926402016152 31.597545161008064 16.3
    endloop
  endfacet
  facet normal 0 0 -1
    outer loop
      vertex -0.4903926402016152 31.402454838991936 16.3
      vertex -0.4903926402016152 31.597545161008064 16.3
      vertex -0.4784701678661044 31.64514233862723 16.3
    endloop
  endfacet
  facet normal 0 0 -1
    outer loop
      vertex -0.4784701678661044 31.35485766137277 16.3
      vertex -0.4784701678661044 31.64514233862723 16.3
      vertex -0.46193976625564337 31.691341716182546 16.3
    endloop
  endfacet
  facet normal 0 0 -1
    outer loop
      vertex -0.46193976625564337 31.308658283817454 16.3
      vertex -0.46193976625564337 31.691341716182546 16.3
      vertex -0.4409606321741775 31.735698368412997 16.3
    endloop
  endfacet
  facet normal 0 0 -1
    outer loop
      vertex -0.4409606321741775 31.264301631587003 16.3
      vertex -0.4409606321741775 31.735698368412997 16.3
      vertex -0.4157348061512726 31.7777851165098 16.3
    endloop
  endfacet
  facet normal 0 0 -1
    outer loop
      vertex -0.4157348061512726 31.2222148834902 16.3
      vertex -0.4157348061512726 31.7777851165098 16.3
      vertex -0.3865052266813685 31.81719664208182 16.3
    endloop
  endfacet
  facet normal 0 0 -1
    outer loop
      vertex -0.3865052266813685 31.18280335791818 16.3
      vertex -0.3865052266813685 31.81719664208182 16.3
      vertex -0.3535533905932738 31.853553390593273 16.3
    endloop
  endfacet
  facet normal 0 0 -1
    outer loop
      vertex -0.3535533905932738 31.146446609406727 16.3
      vertex -0.3535533905932738 31.853553390593273 16.3
      vertex -0.31719664208182274 31.88650522668137 16.3
    endloop
  endfacet
  facet normal 0 0 -1
    outer loop
      vertex -0.31719664208182274 31.11349477331863 16.3
      vertex -0.31719664208182274 31.88650522668137 16.3
      vertex -0.2777851165098011 31.915734806151274 16.3
    endloop
  endfacet
  facet normal 0 0 -1
    outer loop
      vertex -0.2777851165098011 31.084265193848726 16.3
      vertex -0.2777851165098011 31.915734806151274 16.3
      vertex -0.23569836841299882 31.94096063217418 16.3
    endloop
  endfacet
  facet normal 0 0 -1
    outer loop
      vertex -0.1913417161825449 31.038060233744357 16.3
      vertex -0.23569836841299882 31.05903936782582 16.3
      vertex -0.1913417161825449 31.961939766255643 16.3
    endloop
  endfacet
  facet normal 0 0 -1
    outer loop
      vertex -0.1913417161825449 31.038060233744357 16.3
      vertex -0.14514233862723117 31.978470167866103 16.3
      vertex -0.14514233862723117 31.021529832133897 16.3
    endloop
  endfacet
  facet normal 0 0 -1
    outer loop
      vertex -0.14514233862723117 31.021529832133897 16.3
      vertex -0.09754516100806412 31.990392640201616 16.3
      vertex -0.09754516100806412 31.009607359798384 16.3
    endloop
  endfacet
  facet normal 0 0 -1
    outer loop
      vertex -0.2777851165098011 31.084265193848726 16.3
      vertex -0.23569836841299882 31.94096063217418 16.3
      vertex -0.23569836841299882 31.05903936782582 16.3
    endloop
  endfacet
  facet normal 0 0 -1
    outer loop
      vertex -0.0490085701647803 31.0024076366639 16.3
      vertex -0.09754516100806412 31.009607359798384 16.3
      vertex -0.0490085701647803 31.9975923633361 16.3
    endloop
  endfacet
  facet normal 0 0 -1
    outer loop
      vertex -0.0490085701647803 31.0024076366639 16.3
      vertex 0 32 16.3
      vertex 0 31 16.3
    endloop
  endfacet
  facet normal 0 0 -1
    outer loop
      vertex -0.23569836841299882 31.05903936782582 16.3
      vertex -0.23569836841299882 31.94096063217418 16.3
      vertex -0.1913417161825449 31.961939766255643 16.3
    endloop
  endfacet
  facet normal 0 0 -1
    outer loop
      vertex -0.1913417161825449 31.038060233744357 16.3
      vertex -0.1913417161825449 31.961939766255643 16.3
      vertex -0.14514233862723117 31.978470167866103 16.3
    endloop
  endfacet
  facet normal 0 0 -1
    outer loop
      vertex -0.14514233862723117 31.021529832133897 16.3
      vertex -0.14514233862723117 31.978470167866103 16.3
      vertex -0.09754516100806412 31.990392640201616 16.3
    endloop
  endfacet
  facet normal 0 0 -1
    outer loop
      vertex -0.09754516100806412 31.009607359798384 16.3
      vertex -0.09754516100806412 31.990392640201616 16.3
      vertex -0.0490085701647803 31.9975923633361 16.3
    endloop
  endfacet
  facet normal 0 0 -1
    outer loop
      vertex -0.0490085701647803 31.0024076366639 16.3
      vertex -0.0490085701647803 31.9975923633361 16.3
      vertex 0 32 16.3
    endloop
  endfacet
  facet normal 0 0 -1
    outer loop
      vertex 0 31 16.3
      vertex 0 32 16.3
      vertex 0.0490085701647803 31.9975923633361 16.3
    endloop
  endfacet
  facet normal 0 0 -1
    outer loop
      vertex 0 31 16.3
      vertex 0.0490085701647803 31.9975923633361 16.3
      vertex 0.0490085701647803 31.0024076366639 16.3
    endloop
  endfacet
  facet normal 0 0 -1
    outer loop
      vertex 0.0490085701647803 31.0024076366639 16.3
      vertex 0.09754516100806412 31.990392640201616 16.3
      vertex 0.09754516100806412 31.009607359798384 16.3
    endloop
  endfacet
  facet normal 0 0 -1
    outer loop
      vertex 0.09754516100806412 31.009607359798384 16.3
      vertex 0.14514233862723117 31.978470167866103 16.3
      vertex 0.14514233862723117 31.021529832133897 16.3
    endloop
  endfacet
  facet normal 0 0 -1
    outer loop
      vertex 0.14514233862723117 31.021529832133897 16.3
      vertex 0.1913417161825449 31.961939766255643 16.3
      vertex 0.1913417161825449 31.038060233744357 16.3
    endloop
  endfacet
  facet normal 0 0 -1
    outer loop
      vertex 0.1913417161825449 31.038060233744357 16.3
      vertex 0.23569836841299882 31.94096063217418 16.3
      vertex 0.23569836841299882 31.05903936782582 16.3
    endloop
  endfacet
  facet normal 0 0 -1
    outer loop
      vertex 0.23569836841299882 31.05903936782582 16.3
      vertex 0.2777851165098011 31.915734806151274 16.3
      vertex 0.2777851165098011 31.084265193848726 16.3
    endloop
  endfacet
  facet normal 0 0 -1
    outer loop
      vertex 0.2777851165098011 31.084265193848726 16.3
      vertex 0.31719664208182274 31.88650522668137 16.3
      vertex 0.31719664208182274 31.11349477331863 16.3
    endloop
  endfacet
  facet normal 0 0 -1
    outer loop
      vertex 0.0490085701647803 31.0024076366639 16.3
      vertex 0.0490085701647803 31.9975923633361 16.3
      vertex 0.09754516100806412 31.990392640201616 16.3
    endloop
  endfacet
  facet normal 0 0 -1
    outer loop
      vertex 0.09754516100806412 31.009607359798384 16.3
      vertex 0.09754516100806412 31.990392640201616 16.3
      vertex 0.14514233862723117 31.978470167866103 16.3
    endloop
  endfacet
  facet normal 0 0 -1
    outer loop
      vertex 0.14514233862723117 31.021529832133897 16.3
      vertex 0.14514233862723117 31.978470167866103 16.3
      vertex 0.1913417161825449 31.961939766255643 16.3
    endloop
  endfacet
  facet normal 0 0 -1
    outer loop
      vertex 0.2777851165098011 31.084265193848726 16.3
      vertex 0.2777851165098011 31.915734806151274 16.3
      vertex 0.31719664208182274 31.88650522668137 16.3
    endloop
  endfacet
  facet normal 0 0 -1
    outer loop
      vertex 0.1913417161825449 31.038060233744357 16.3
      vertex 0.1913417161825449 31.961939766255643 16.3
      vertex 0.23569836841299882 31.94096063217418 16.3
    endloop
  endfacet
  facet normal 0 0 -1
    outer loop
      vertex 0.23569836841299882 31.05903936782582 16.3
      vertex 0.23569836841299882 31.94096063217418 16.3
      vertex 0.2777851165098011 31.915734806151274 16.3
    endloop
  endfacet
  facet normal 0 0 -1
    outer loop
      vertex 0.31719664208182274 31.11349477331863 16.3
      vertex 0.3535533905932738 31.853553390593273 16.3
      vertex 0.3535533905932738 31.146446609406727 16.3
    endloop
  endfacet
  facet normal 0 0 -1
    outer loop
      vertex 0.3535533905932738 31.146446609406727 16.3
      vertex 0.3865052266813685 31.81719664208182 16.3
      vertex 0.3865052266813685 31.18280335791818 16.3
    endloop
  endfacet
  facet normal 0 0 -1
    outer loop
      vertex 0.3865052266813685 31.18280335791818 16.3
      vertex 0.4157348061512726 31.7777851165098 16.3
      vertex 0.4157348061512726 31.2222148834902 16.3
    endloop
  endfacet
  facet normal 0 0 -1
    outer loop
      vertex 0.4157348061512726 31.2222148834902 16.3
      vertex 0.4409606321741775 31.735698368412997 16.3
      vertex 0.4409606321741775 31.264301631587003 16.3
    endloop
  endfacet
  facet normal 0 0 -1
    outer loop
      vertex 0.4409606321741775 31.264301631587003 16.3
      vertex 0.46193976625564337 31.691341716182546 16.3
      vertex 0.46193976625564337 31.308658283817454 16.3
    endloop
  endfacet
  facet normal 0 0 -1
    outer loop
      vertex 0.46193976625564337 31.308658283817454 16.3
      vertex 0.4784701678661044 31.64514233862723 16.3
      vertex 0.4784701678661044 31.35485766137277 16.3
    endloop
  endfacet
  facet normal 0 0 -1
    outer loop
      vertex 0.4784701678661044 31.35485766137277 16.3
      vertex 0.4903926402016152 31.597545161008064 16.3
      vertex 0.4903926402016152 31.402454838991936 16.3
    endloop
  endfacet
  facet normal 0 0 -1
    outer loop
      vertex 0.4903926402016152 31.402454838991936 16.3
      vertex 0.49759236333609846 31.54900857016478 16.3
      vertex 0.49759236333609846 31.45099142983522 16.3
    endloop
  endfacet
  facet normal 0 0 -1
    outer loop
      vertex 0.49759236333609846 31.45099142983522 16.3
      vertex 0.49759236333609846 31.54900857016478 16.3
      vertex 0.5 31.5 16.3
    endloop
  endfacet
  facet normal 0 0 -1
    outer loop
      vertex 0.4409606321741775 31.264301631587003 16.3
      vertex 0.4409606321741775 31.735698368412997 16.3
      vertex 0.46193976625564337 31.691341716182546 16.3
    endloop
  endfacet
  facet normal 0 0 -1
    outer loop
      vertex 0.31719664208182274 31.11349477331863 16.3
      vertex 0.31719664208182274 31.88650522668137 16.3
      vertex 0.3535533905932738 31.853553390593273 16.3
    endloop
  endfacet
  facet normal 0 0 -1
    outer loop
      vertex 0.3535533905932738 31.146446609406727 16.3
      vertex 0.3535533905932738 31.853553390593273 16.3
      vertex 0.3865052266813685 31.81719664208182 16.3
    endloop
  endfacet
  facet normal 0 0 -1
    outer loop
      vertex 0.4157348061512726 31.2222148834902 16.3
      vertex 0.4157348061512726 31.7777851165098 16.3
      vertex 0.4409606321741775 31.735698368412997 16.3
    endloop
  endfacet
  facet normal 0 0 -1
    outer loop
      vertex 0.3865052266813685 31.18280335791818 16.3
      vertex 0.3865052266813685 31.81719664208182 16.3
      vertex 0.4157348061512726 31.7777851165098 16.3
    endloop
  endfacet
  facet normal 0 0 -1
    outer loop
      vertex 0.4903926402016152 31.402454838991936 16.3
      vertex 0.4903926402016152 31.597545161008064 16.3
      vertex 0.49759236333609846 31.54900857016478 16.3
    endloop
  endfacet
  facet normal 0 0 -1
    outer loop
      vertex 0.4784701678661044 31.35485766137277 16.3
      vertex 0.4784701678661044 31.64514233862723 16.3
      vertex 0.4903926402016152 31.597545161008064 16.3
    endloop
  endfacet
  facet normal 0 0 -1
    outer loop
      vertex 0.46193976625564337 31.308658283817454 16.3
      vertex 0.46193976625564337 31.691341716182546 16.3
      vertex 0.4784701678661044 31.64514233862723 16.3
    endloop
  endfacet
  facet normal -0.8032075314806395 -0.5956993044924405 0
    outer loop
      vertex -0.3865052266813685 31.18280335791818 16.3
      vertex -0.4157348061512726 31.2222148834902 20.3
      vertex -0.4157348061512726 31.2222148834902 16.3
    endloop
  endfacet
  facet normal -0.5956993044924549 -0.8032075314806291 0
    outer loop
      vertex -0.2777851165098011 31.084265193848726 16.3
      vertex -0.2777851165098011 31.084265193848726 20.3
      vertex -0.31719664208182274 31.11349477331863 16.3
    endloop
  endfacet
  facet normal -0.6715589548470254 -0.7409511253549527 0
    outer loop
      vertex -0.31719664208182274 31.11349477331863 16.3
      vertex -0.31719664208182274 31.11349477331863 20.3
      vertex -0.3535533905932738 31.146446609406727 16.3
    endloop
  endfacet
  facet normal -0.7409511253549641 -0.671558954847013 0
    outer loop
      vertex -0.3865052266813685 31.18280335791818 16.3
      vertex -0.3535533905932738 31.146446609406727 16.3
      vertex -0.3865052266813685 31.18280335791818 20.3
    endloop
  endfacet
  facet normal -0.24298017990330883 -0.9700312531945326 0
    outer loop
      vertex -0.14514233862723117 31.021529832133897 16.3
      vertex -0.09754516100806412 31.009607359798384 16.3
      vertex -0.09754516100806412 31.009607359798384 20.3
    endloop
  endfacet
  facet normal -0.4275550934302625 -0.9039892931234528 0
    outer loop
      vertex -0.1913417161825449 31.038060233744357 16.3
      vertex -0.1913417161825449 31.038060233744357 20.3
      vertex -0.23569836841299882 31.05903936782582 16.3
    endloop
  endfacet
  facet normal -0.5141027441932103 -0.8577286100002788 0
    outer loop
      vertex -0.2777851165098011 31.084265193848726 16.3
      vertex -0.23569836841299882 31.05903936782582 16.3
      vertex -0.23569836841299882 31.05903936782582 20.3
    endloop
  endfacet
  facet normal -0.3368898533921997 -0.9415440651830281 0
    outer loop
      vertex -0.1913417161825449 31.038060233744357 16.3
      vertex -0.14514233862723117 31.021529832133897 16.3
      vertex -0.14514233862723117 31.021529832133897 20.3
    endloop
  endfacet
  facet normal -0.14673047445537346 -0.9891765099647792 0
    outer loop
      vertex -0.0490085701647803 31.0024076366639 16.3
      vertex -0.0490085701647803 31.0024076366639 20.3
      vertex -0.09754516100806412 31.009607359798384 16.3
    endloop
  endfacet
  facet normal -0.04906767432738823 -0.9987954562051738 0
    outer loop
      vertex -0.0490085701647803 31.0024076366639 16.3
      vertex 0 31 16.3
      vertex 0 31 20.3
    endloop
  endfacet
  facet normal -0.8577286100002782 -0.5141027441932113 0
    outer loop
      vertex -0.4157348061512726 31.2222148834902 16.3
      vertex -0.4409606321741775 31.264301631587003 20.3
      vertex -0.4409606321741775 31.264301631587003 16.3
    endloop
  endfacet
  facet normal -0.9039892931234342 -0.42755509343030107 0
    outer loop
      vertex -0.4409606321741775 31.264301631587003 16.3
      vertex -0.46193976625564337 31.308658283817454 20.3
      vertex -0.46193976625564337 31.308658283817454 16.3
    endloop
  endfacet
  facet normal -0.9415440651830231 -0.3368898533922136 0
    outer loop
      vertex -0.46193976625564337 31.308658283817454 16.3
      vertex -0.4784701678661044 31.35485766137277 20.3
      vertex -0.4784701678661044 31.35485766137277 16.3
    endloop
  endfacet
  facet normal -0.970031253194544 -0.24298017990326415 0
    outer loop
      vertex -0.4784701678661044 31.35485766137277 16.3
      vertex -0.4903926402016152 31.402454838991936 20.3
      vertex -0.4903926402016152 31.402454838991936 16.3
    endloop
  endfacet
  facet normal -0.9891765099647809 -0.1467304744553619 0
    outer loop
      vertex -0.4903926402016152 31.402454838991936 16.3
      vertex -0.49759236333609846 31.45099142983522 20.3
      vertex -0.49759236333609846 31.45099142983522 16.3
    endloop
  endfacet
  facet normal -0.9987954562051724 -0.04906767432741788 0
    outer loop
      vertex -0.49759236333609846 31.45099142983522 16.3
      vertex -0.5 31.5 20.3
      vertex -0.5 31.5 16.3
    endloop
  endfacet
  facet normal -0.9987954562051724 0.04906767432741788 0
    outer loop
      vertex -0.5 31.5 16.3
      vertex -0.49759236333609846 31.54900857016478 20.3
      vertex -0.49759236333609846 31.54900857016478 16.3
    endloop
  endfacet
  facet normal -0.9891765099647809 0.1467304744553619 0
    outer loop
      vertex -0.49759236333609846 31.54900857016478 16.3
      vertex -0.4903926402016152 31.597545161008064 20.3
      vertex -0.4903926402016152 31.597545161008064 16.3
    endloop
  endfacet
  facet normal -0.970031253194544 0.24298017990326415 0
    outer loop
      vertex -0.4903926402016152 31.597545161008064 16.3
      vertex -0.4784701678661044 31.64514233862723 20.3
      vertex -0.4784701678661044 31.64514233862723 16.3
    endloop
  endfacet
  facet normal -0.9415440651830231 0.3368898533922136 0
    outer loop
      vertex -0.4784701678661044 31.64514233862723 16.3
      vertex -0.46193976625564337 31.691341716182546 20.3
      vertex -0.46193976625564337 31.691341716182546 16.3
    endloop
  endfacet
  facet normal -0.9039892931234342 0.42755509343030107 0
    outer loop
      vertex -0.46193976625564337 31.691341716182546 16.3
      vertex -0.4409606321741775 31.735698368412997 20.3
      vertex -0.4409606321741775 31.735698368412997 16.3
    endloop
  endfacet
  facet normal -0.8577286100002782 0.5141027441932113 0
    outer loop
      vertex -0.4409606321741775 31.735698368412997 16.3
      vertex -0.4157348061512726 31.7777851165098 20.3
      vertex -0.4157348061512726 31.7777851165098 16.3
    endloop
  endfacet
  facet normal 0.04906767432738823 -0.9987954562051738 0
    outer loop
      vertex 0 31 16.3
      vertex 0.0490085701647803 31.0024076366639 16.3
      vertex 0.0490085701647803 31.0024076366639 20.3
    endloop
  endfacet
  facet normal 0.14673047445537346 -0.9891765099647792 0
    outer loop
      vertex 0.0490085701647803 31.0024076366639 16.3
      vertex 0.09754516100806412 31.009607359798384 16.3
      vertex 0.09754516100806412 31.009607359798384 20.3
    endloop
  endfacet
  facet normal 0.24298017990330883 -0.9700312531945326 0
    outer loop
      vertex 0.09754516100806412 31.009607359798384 16.3
      vertex 0.14514233862723117 31.021529832133897 16.3
      vertex 0.14514233862723117 31.021529832133897 20.3
    endloop
  endfacet
  facet normal 0.3368898533921997 -0.9415440651830281 0
    outer loop
      vertex 0.14514233862723117 31.021529832133897 16.3
      vertex 0.1913417161825449 31.038060233744357 16.3
      vertex 0.1913417161825449 31.038060233744357 20.3
    endloop
  endfacet
  facet normal 0.4275550934302625 -0.9039892931234528 0
    outer loop
      vertex 0.1913417161825449 31.038060233744357 16.3
      vertex 0.23569836841299882 31.05903936782582 16.3
      vertex 0.23569836841299882 31.05903936782582 20.3
    endloop
  endfacet
  facet normal 0.5141027441932103 -0.8577286100002788 0
    outer loop
      vertex 0.23569836841299882 31.05903936782582 16.3
      vertex 0.2777851165098011 31.084265193848726 16.3
      vertex 0.2777851165098011 31.084265193848726 20.3
    endloop
  endfacet
  facet normal 0.5956993044924549 -0.8032075314806291 0
    outer loop
      vertex 0.2777851165098011 31.084265193848726 16.3
      vertex 0.31719664208182274 31.11349477331863 16.3
      vertex 0.31719664208182274 31.11349477331863 20.3
    endloop
  endfacet
  facet normal 0.6715589548470254 -0.7409511253549527 0
    outer loop
      vertex 0.31719664208182274 31.11349477331863 16.3
      vertex 0.3535533905932738 31.146446609406727 16.3
      vertex 0.3535533905932738 31.146446609406727 20.3
    endloop
  endfacet
  facet normal 0.7409511253549641 -0.671558954847013 0
    outer loop
      vertex 0.3535533905932738 31.146446609406727 16.3
      vertex 0.3865052266813685 31.18280335791818 16.3
      vertex 0.3535533905932738 31.146446609406727 20.3
    endloop
  endfacet
  facet normal 0.8032075314806395 -0.5956993044924405 0
    outer loop
      vertex 0.3865052266813685 31.18280335791818 16.3
      vertex 0.4157348061512726 31.2222148834902 16.3
      vertex 0.3865052266813685 31.18280335791818 20.3
    endloop
  endfacet
  facet normal 0.8577286100002782 -0.5141027441932113 0
    outer loop
      vertex 0.4157348061512726 31.2222148834902 16.3
      vertex 0.4409606321741775 31.264301631587003 16.3
      vertex 0.4157348061512726 31.2222148834902 20.3
    endloop
  endfacet
  facet normal 0.9039892931234342 -0.42755509343030107 0
    outer loop
      vertex 0.4409606321741775 31.264301631587003 16.3
      vertex 0.46193976625564337 31.308658283817454 16.3
      vertex 0.4409606321741775 31.264301631587003 20.3
    endloop
  endfacet
  facet normal 0.9415440651830231 -0.3368898533922136 0
    outer loop
      vertex 0.46193976625564337 31.308658283817454 16.3
      vertex 0.4784701678661044 31.35485766137277 16.3
      vertex 0.46193976625564337 31.308658283817454 20.3
    endloop
  endfacet
  facet normal 0.970031253194544 -0.24298017990326415 0
    outer loop
      vertex 0.4784701678661044 31.35485766137277 16.3
      vertex 0.4903926402016152 31.402454838991936 16.3
      vertex 0.4784701678661044 31.35485766137277 20.3
    endloop
  endfacet
  facet normal 0.9891765099647809 -0.1467304744553619 0
    outer loop
      vertex 0.4903926402016152 31.402454838991936 16.3
      vertex 0.49759236333609846 31.45099142983522 16.3
      vertex 0.4903926402016152 31.402454838991936 20.3
    endloop
  endfacet
  facet normal 0.9987954562051724 -0.04906767432741788 0
    outer loop
      vertex 0.49759236333609846 31.45099142983522 16.3
      vertex 0.5 31.5 16.3
      vertex 0.49759236333609846 31.45099142983522 20.3
    endloop
  endfacet
  facet normal 0.9039892931234342 0.42755509343030107 0
    outer loop
      vertex 0.4409606321741775 31.735698368412997 16.3
      vertex 0.46193976625564337 31.691341716182546 20.3
      vertex 0.46193976625564337 31.691341716182546 16.3
    endloop
  endfacet
  facet normal 0.8577286100002782 0.5141027441932113 0
    outer loop
      vertex 0.4409606321741775 31.735698368412997 16.3
      vertex 0.4157348061512726 31.7777851165098 16.3
      vertex 0.4409606321741775 31.735698368412997 20.3
    endloop
  endfacet
  facet normal 0.9987954562051724 0.04906767432741788 0
    outer loop
      vertex 0.5 31.5 16.3
      vertex 0.49759236333609846 31.54900857016478 16.3
      vertex 0.5 31.5 20.3
    endloop
  endfacet
  facet normal 0.9891765099647809 0.1467304744553619 0
    outer loop
      vertex 0.49759236333609846 31.54900857016478 16.3
      vertex 0.4903926402016152 31.597545161008064 16.3
      vertex 0.49759236333609846 31.54900857016478 20.3
    endloop
  endfacet
  facet normal 0.970031253194544 0.24298017990326415 0
    outer loop
      vertex 0.4903926402016152 31.597545161008064 16.3
      vertex 0.4784701678661044 31.64514233862723 16.3
      vertex 0.4903926402016152 31.597545161008064 20.3
    endloop
  endfacet
  facet normal 0.9415440651830231 0.3368898533922136 0
    outer loop
      vertex 0.4784701678661044 31.64514233862723 16.3
      vertex 0.46193976625564337 31.691341716182546 16.3
      vertex 0.4784701678661044 31.64514233862723 20.3
    endloop
  endfacet
  facet normal -0.8032075314806395 -0.5956993044924405 0
    outer loop
      vertex -0.3865052266813685 31.18280335791818 16.3
      vertex -0.3865052266813685 31.18280335791818 20.3
      vertex -0.4157348061512726 31.2222148834902 20.3
    endloop
  endfacet
  facet normal -0.8577286100002782 -0.5141027441932113 0
    outer loop
      vertex -0.4157348061512726 31.2222148834902 16.3
      vertex -0.4157348061512726 31.2222148834902 20.3
      vertex -0.4409606321741775 31.264301631587003 20.3
    endloop
  endfacet
  facet normal -0.5141027441932103 -0.8577286100002788 0
    outer loop
      vertex -0.2777851165098011 31.084265193848726 16.3
      vertex -0.23569836841299882 31.05903936782582 20.3
      vertex -0.2777851165098011 31.084265193848726 20.3
    endloop
  endfacet
  facet normal -0.5956993044924549 -0.8032075314806291 0
    outer loop
      vertex -0.31719664208182274 31.11349477331863 16.3
      vertex -0.2777851165098011 31.084265193848726 20.3
      vertex -0.31719664208182274 31.11349477331863 20.3
    endloop
  endfacet
  facet normal -0.6715589548470254 -0.7409511253549527 0
    outer loop
      vertex -0.3535533905932738 31.146446609406727 16.3
      vertex -0.31719664208182274 31.11349477331863 20.3
      vertex -0.3535533905932738 31.146446609406727 20.3
    endloop
  endfacet
  facet normal -0.7409511253549641 -0.671558954847013 0
    outer loop
      vertex -0.3535533905932738 31.146446609406727 16.3
      vertex -0.3535533905932738 31.146446609406727 20.3
      vertex -0.3865052266813685 31.18280335791818 20.3
    endloop
  endfacet
  facet normal -0.4275550934302625 -0.9039892931234528 0
    outer loop
      vertex -0.23569836841299882 31.05903936782582 16.3
      vertex -0.1913417161825449 31.038060233744357 20.3
      vertex -0.23569836841299882 31.05903936782582 20.3
    endloop
  endfacet
  facet normal -0.3368898533921997 -0.9415440651830281 0
    outer loop
      vertex -0.1913417161825449 31.038060233744357 16.3
      vertex -0.14514233862723117 31.021529832133897 20.3
      vertex -0.1913417161825449 31.038060233744357 20.3
    endloop
  endfacet
  facet normal -0.24298017990330883 -0.9700312531945326 0
    outer loop
      vertex -0.14514233862723117 31.021529832133897 16.3
      vertex -0.09754516100806412 31.009607359798384 20.3
      vertex -0.14514233862723117 31.021529832133897 20.3
    endloop
  endfacet
  facet normal -0.14673047445537346 -0.9891765099647792 0
    outer loop
      vertex -0.09754516100806412 31.009607359798384 16.3
      vertex -0.0490085701647803 31.0024076366639 20.3
      vertex -0.09754516100806412 31.009607359798384 20.3
    endloop
  endfacet
  facet normal -0.04906767432738823 -0.9987954562051738 0
    outer loop
      vertex -0.0490085701647803 31.0024076366639 16.3
      vertex 0 31 20.3
      vertex -0.0490085701647803 31.0024076366639 20.3
    endloop
  endfacet
  facet normal 0.04906767432738823 -0.9987954562051738 0
    outer loop
      vertex 0 31 16.3
      vertex 0.0490085701647803 31.0024076366639 20.3
      vertex 0 31 20.3
    endloop
  endfacet
  facet normal -0.9039892931234342 -0.42755509343030107 0
    outer loop
      vertex -0.4409606321741775 31.264301631587003 16.3
      vertex -0.4409606321741775 31.264301631587003 20.3
      vertex -0.46193976625564337 31.308658283817454 20.3
    endloop
  endfacet
  facet normal -0.9415440651830231 -0.3368898533922136 0
    outer loop
      vertex -0.46193976625564337 31.308658283817454 16.3
      vertex -0.46193976625564337 31.308658283817454 20.3
      vertex -0.4784701678661044 31.35485766137277 20.3
    endloop
  endfacet
  facet normal -0.970031253194544 -0.24298017990326415 0
    outer loop
      vertex -0.4784701678661044 31.35485766137277 16.3
      vertex -0.4784701678661044 31.35485766137277 20.3
      vertex -0.4903926402016152 31.402454838991936 20.3
    endloop
  endfacet
  facet normal -0.9891765099647809 -0.1467304744553619 0
    outer loop
      vertex -0.4903926402016152 31.402454838991936 16.3
      vertex -0.4903926402016152 31.402454838991936 20.3
      vertex -0.49759236333609846 31.45099142983522 20.3
    endloop
  endfacet
  facet normal -0.9987954562051724 -0.04906767432741788 0
    outer loop
      vertex -0.49759236333609846 31.45099142983522 16.3
      vertex -0.49759236333609846 31.45099142983522 20.3
      vertex -0.5 31.5 20.3
    endloop
  endfacet
  facet normal -0.9987954562051724 0.04906767432741788 0
    outer loop
      vertex -0.5 31.5 16.3
      vertex -0.5 31.5 20.3
      vertex -0.49759236333609846 31.54900857016478 20.3
    endloop
  endfacet
  facet normal -0.9891765099647809 0.1467304744553619 0
    outer loop
      vertex -0.49759236333609846 31.54900857016478 16.3
      vertex -0.49759236333609846 31.54900857016478 20.3
      vertex -0.4903926402016152 31.597545161008064 20.3
    endloop
  endfacet
  facet normal -0.970031253194544 0.24298017990326415 0
    outer loop
      vertex -0.4903926402016152 31.597545161008064 16.3
      vertex -0.4903926402016152 31.597545161008064 20.3
      vertex -0.4784701678661044 31.64514233862723 20.3
    endloop
  endfacet
  facet normal -0.9415440651830231 0.3368898533922136 0
    outer loop
      vertex -0.4784701678661044 31.64514233862723 16.3
      vertex -0.4784701678661044 31.64514233862723 20.3
      vertex -0.46193976625564337 31.691341716182546 20.3
    endloop
  endfacet
  facet normal -0.9039892931234342 0.42755509343030107 0
    outer loop
      vertex -0.46193976625564337 31.691341716182546 16.3
      vertex -0.46193976625564337 31.691341716182546 20.3
      vertex -0.4409606321741775 31.735698368412997 20.3
    endloop
  endfacet
  facet normal -0.8577286100002782 0.5141027441932113 0
    outer loop
      vertex -0.4409606321741775 31.735698368412997 16.3
      vertex -0.4409606321741775 31.735698368412997 20.3
      vertex -0.4157348061512726 31.7777851165098 20.3
    endloop
  endfacet
  facet normal 0.14673047445537346 -0.9891765099647792 0
    outer loop
      vertex 0.0490085701647803 31.0024076366639 16.3
      vertex 0.09754516100806412 31.009607359798384 20.3
      vertex 0.0490085701647803 31.0024076366639 20.3
    endloop
  endfacet
  facet normal 0.24298017990330883 -0.9700312531945326 0
    outer loop
      vertex 0.09754516100806412 31.009607359798384 16.3
      vertex 0.14514233862723117 31.021529832133897 20.3
      vertex 0.09754516100806412 31.009607359798384 20.3
    endloop
  endfacet
  facet normal 0.3368898533921997 -0.9415440651830281 0
    outer loop
      vertex 0.14514233862723117 31.021529832133897 16.3
      vertex 0.1913417161825449 31.038060233744357 20.3
      vertex 0.14514233862723117 31.021529832133897 20.3
    endloop
  endfacet
  facet normal 0.4275550934302625 -0.9039892931234528 0
    outer loop
      vertex 0.1913417161825449 31.038060233744357 16.3
      vertex 0.23569836841299882 31.05903936782582 20.3
      vertex 0.1913417161825449 31.038060233744357 20.3
    endloop
  endfacet
  facet normal 0.5141027441932103 -0.8577286100002788 0
    outer loop
      vertex 0.23569836841299882 31.05903936782582 16.3
      vertex 0.2777851165098011 31.084265193848726 20.3
      vertex 0.23569836841299882 31.05903936782582 20.3
    endloop
  endfacet
  facet normal 0.5956993044924549 -0.8032075314806291 0
    outer loop
      vertex 0.2777851165098011 31.084265193848726 16.3
      vertex 0.31719664208182274 31.11349477331863 20.3
      vertex 0.2777851165098011 31.084265193848726 20.3
    endloop
  endfacet
  facet normal 0.6715589548470254 -0.7409511253549527 0
    outer loop
      vertex 0.31719664208182274 31.11349477331863 16.3
      vertex 0.3535533905932738 31.146446609406727 20.3
      vertex 0.31719664208182274 31.11349477331863 20.3
    endloop
  endfacet
  facet normal 0.7409511253549641 -0.671558954847013 0
    outer loop
      vertex 0.3865052266813685 31.18280335791818 16.3
      vertex 0.3865052266813685 31.18280335791818 20.3
      vertex 0.3535533905932738 31.146446609406727 20.3
    endloop
  endfacet
  facet normal 0.8032075314806395 -0.5956993044924405 0
    outer loop
      vertex 0.4157348061512726 31.2222148834902 16.3
      vertex 0.4157348061512726 31.2222148834902 20.3
      vertex 0.3865052266813685 31.18280335791818 20.3
    endloop
  endfacet
  facet normal 0.8577286100002782 -0.5141027441932113 0
    outer loop
      vertex 0.4409606321741775 31.264301631587003 16.3
      vertex 0.4409606321741775 31.264301631587003 20.3
      vertex 0.4157348061512726 31.2222148834902 20.3
    endloop
  endfacet
  facet normal 0.9039892931234342 -0.42755509343030107 0
    outer loop
      vertex 0.46193976625564337 31.308658283817454 16.3
      vertex 0.46193976625564337 31.308658283817454 20.3
      vertex 0.4409606321741775 31.264301631587003 20.3
    endloop
  endfacet
  facet normal 0.9415440651830231 -0.3368898533922136 0
    outer loop
      vertex 0.4784701678661044 31.35485766137277 16.3
      vertex 0.4784701678661044 31.35485766137277 20.3
      vertex 0.46193976625564337 31.308658283817454 20.3
    endloop
  endfacet
  facet normal 0.970031253194544 -0.24298017990326415 0
    outer loop
      vertex 0.4903926402016152 31.402454838991936 16.3
      vertex 0.4903926402016152 31.402454838991936 20.3
      vertex 0.4784701678661044 31.35485766137277 20.3
    endloop
  endfacet
  facet normal 0.9891765099647809 -0.1467304744553619 0
    outer loop
      vertex 0.49759236333609846 31.45099142983522 16.3
      vertex 0.49759236333609846 31.45099142983522 20.3
      vertex 0.4903926402016152 31.402454838991936 20.3
    endloop
  endfacet
  facet normal 0.9987954562051724 -0.04906767432741788 0
    outer loop
      vertex 0.5 31.5 16.3
      vertex 0.5 31.5 20.3
      vertex 0.49759236333609846 31.45099142983522 20.3
    endloop
  endfacet
  facet normal 0.9039892931234342 0.42755509343030107 0
    outer loop
      vertex 0.4409606321741775 31.735698368412997 16.3
      vertex 0.4409606321741775 31.735698368412997 20.3
      vertex 0.46193976625564337 31.691341716182546 20.3
    endloop
  endfacet
  facet normal 0.8577286100002782 0.5141027441932113 0
    outer loop
      vertex 0.4157348061512726 31.7777851165098 16.3
      vertex 0.4157348061512726 31.7777851165098 20.3
      vertex 0.4409606321741775 31.735698368412997 20.3
    endloop
  endfacet
  facet normal 0.9987954562051724 0.04906767432741788 0
    outer loop
      vertex 0.49759236333609846 31.54900857016478 16.3
      vertex 0.49759236333609846 31.54900857016478 20.3
      vertex 0.5 31.5 20.3
    endloop
  endfacet
  facet normal 0.9891765099647809 0.1467304744553619 0
    outer loop
      vertex 0.4903926402016152 31.597545161008064 16.3
      vertex 0.4903926402016152 31.597545161008064 20.3
      vertex 0.49759236333609846 31.54900857016478 20.3
    endloop
  endfacet
  facet normal 0.970031253194544 0.24298017990326415 0
    outer loop
      vertex 0.4784701678661044 31.64514233862723 16.3
      vertex 0.4784701678661044 31.64514233862723 20.3
      vertex 0.4903926402016152 31.597545161008064 20.3
    endloop
  endfacet
  facet normal 0.9415440651830231 0.3368898533922136 0
    outer loop
      vertex 0.46193976625564337 31.691341716182546 16.3
      vertex 0.46193976625564337 31.691341716182546 20.3
      vertex 0.4784701678661044 31.64514233862723 20.3
    endloop
  endfacet
  facet normal -0.8032075314806395 0.5956993044924405 0
    outer loop
      vertex -0.4157348061512726 31.7777851165098 16.3
      vertex -0.3865052266813685 31.81719664208182 20.3
      vertex -0.3865052266813685 31.81719664208182 16.3
    endloop
  endfacet
  facet normal -0.7409511253549641 0.671558954847013 0
    outer loop
      vertex -0.3865052266813685 31.81719664208182 16.3
      vertex -0.3535533905932738 31.853553390593273 20.3
      vertex -0.3535533905932738 31.853553390593273 16.3
    endloop
  endfacet
  facet normal -0.6715589548470254 0.7409511253549527 0
    outer loop
      vertex -0.3535533905932738 31.853553390593273 16.3
      vertex -0.3535533905932738 31.853553390593273 20.3
      vertex -0.31719664208182274 31.88650522668137 16.3
    endloop
  endfacet
  facet normal -0.5956993044924549 0.8032075314806291 0
    outer loop
      vertex -0.31719664208182274 31.88650522668137 16.3
      vertex -0.31719664208182274 31.88650522668137 20.3
      vertex -0.2777851165098011 31.915734806151274 16.3
    endloop
  endfacet
  facet normal -0.5141027441932103 0.8577286100002788 0
    outer loop
      vertex -0.2777851165098011 31.915734806151274 16.3
      vertex -0.2777851165098011 31.915734806151274 20.3
      vertex -0.23569836841299882 31.94096063217418 16.3
    endloop
  endfacet
  facet normal -0.4275550934302625 0.9039892931234528 0
    outer loop
      vertex -0.23569836841299882 31.94096063217418 16.3
      vertex -0.23569836841299882 31.94096063217418 20.3
      vertex -0.1913417161825449 31.961939766255643 16.3
    endloop
  endfacet
  facet normal -0.3368898533921997 0.9415440651830281 0
    outer loop
      vertex -0.1913417161825449 31.961939766255643 16.3
      vertex -0.1913417161825449 31.961939766255643 20.3
      vertex -0.14514233862723117 31.978470167866103 16.3
    endloop
  endfacet
  facet normal -0.24298017990330883 0.9700312531945326 0
    outer loop
      vertex -0.14514233862723117 31.978470167866103 16.3
      vertex -0.14514233862723117 31.978470167866103 20.3
      vertex -0.09754516100806412 31.990392640201616 16.3
    endloop
  endfacet
  facet normal -0.14673047445537346 0.9891765099647792 0
    outer loop
      vertex -0.09754516100806412 31.990392640201616 16.3
      vertex -0.09754516100806412 31.990392640201616 20.3
      vertex -0.0490085701647803 31.9975923633361 16.3
    endloop
  endfacet
  facet normal -0.04906767432738823 0.9987954562051738 0
    outer loop
      vertex -0.0490085701647803 31.9975923633361 16.3
      vertex -0.0490085701647803 31.9975923633361 20.3
      vertex 0 32 16.3
    endloop
  endfacet
  facet normal 0.04906767432738823 0.9987954562051738 0
    outer loop
      vertex 0 32 16.3
      vertex 0 32 20.3
      vertex 0.0490085701647803 31.9975923633361 16.3
    endloop
  endfacet
  facet normal 0.14673047445537346 0.9891765099647792 0
    outer loop
      vertex 0.0490085701647803 31.9975923633361 16.3
      vertex 0.0490085701647803 31.9975923633361 20.3
      vertex 0.09754516100806412 31.990392640201616 16.3
    endloop
  endfacet
  facet normal 0.3368898533921997 0.9415440651830281 0
    outer loop
      vertex 0.1913417161825449 31.961939766255643 16.3
      vertex 0.14514233862723117 31.978470167866103 16.3
      vertex 0.14514233862723117 31.978470167866103 20.3
    endloop
  endfacet
  facet normal 0.24298017990330883 0.9700312531945326 0
    outer loop
      vertex 0.14514233862723117 31.978470167866103 16.3
      vertex 0.09754516100806412 31.990392640201616 16.3
      vertex 0.09754516100806412 31.990392640201616 20.3
    endloop
  endfacet
  facet normal 0.5956993044924549 0.8032075314806291 0
    outer loop
      vertex 0.2777851165098011 31.915734806151274 16.3
      vertex 0.2777851165098011 31.915734806151274 20.3
      vertex 0.31719664208182274 31.88650522668137 16.3
    endloop
  endfacet
  facet normal 0.4275550934302625 0.9039892931234528 0
    outer loop
      vertex 0.1913417161825449 31.961939766255643 16.3
      vertex 0.1913417161825449 31.961939766255643 20.3
      vertex 0.23569836841299882 31.94096063217418 16.3
    endloop
  endfacet
  facet normal 0.5141027441932103 0.8577286100002788 0
    outer loop
      vertex 0.2777851165098011 31.915734806151274 16.3
      vertex 0.23569836841299882 31.94096063217418 16.3
      vertex 0.23569836841299882 31.94096063217418 20.3
    endloop
  endfacet
  facet normal 0.8032075314806395 0.5956993044924405 0
    outer loop
      vertex 0.4157348061512726 31.7777851165098 16.3
      vertex 0.3865052266813685 31.81719664208182 16.3
      vertex 0.4157348061512726 31.7777851165098 20.3
    endloop
  endfacet
  facet normal 0.7409511253549641 0.671558954847013 0
    outer loop
      vertex 0.3535533905932738 31.853553390593273 16.3
      vertex 0.3865052266813685 31.81719664208182 20.3
      vertex 0.3865052266813685 31.81719664208182 16.3
    endloop
  endfacet
  facet normal 0.6715589548470254 0.7409511253549527 0
    outer loop
      vertex 0.3535533905932738 31.853553390593273 16.3
      vertex 0.31719664208182274 31.88650522668137 16.3
      vertex 0.31719664208182274 31.88650522668137 20.3
    endloop
  endfacet
  facet normal -0.8032075314806395 0.5956993044924405 0
    outer loop
      vertex -0.4157348061512726 31.7777851165098 16.3
      vertex -0.4157348061512726 31.7777851165098 20.3
      vertex -0.3865052266813685 31.81719664208182 20.3
    endloop
  endfacet
  facet normal -0.7409511253549641 0.671558954847013 0
    outer loop
      vertex -0.3865052266813685 31.81719664208182 16.3
      vertex -0.3865052266813685 31.81719664208182 20.3
      vertex -0.3535533905932738 31.853553390593273 20.3
    endloop
  endfacet
  facet normal -0.6715589548470254 0.7409511253549527 0
    outer loop
      vertex -0.31719664208182274 31.88650522668137 16.3
      vertex -0.3535533905932738 31.853553390593273 20.3
      vertex -0.31719664208182274 31.88650522668137 20.3
    endloop
  endfacet
  facet normal -0.5956993044924549 0.8032075314806291 0
    outer loop
      vertex -0.2777851165098011 31.915734806151274 16.3
      vertex -0.31719664208182274 31.88650522668137 20.3
      vertex -0.2777851165098011 31.915734806151274 20.3
    endloop
  endfacet
  facet normal -0.5141027441932103 0.8577286100002788 0
    outer loop
      vertex -0.23569836841299882 31.94096063217418 16.3
      vertex -0.2777851165098011 31.915734806151274 20.3
      vertex -0.23569836841299882 31.94096063217418 20.3
    endloop
  endfacet
  facet normal -0.4275550934302625 0.9039892931234528 0
    outer loop
      vertex -0.1913417161825449 31.961939766255643 16.3
      vertex -0.23569836841299882 31.94096063217418 20.3
      vertex -0.1913417161825449 31.961939766255643 20.3
    endloop
  endfacet
  facet normal -0.3368898533921997 0.9415440651830281 0
    outer loop
      vertex -0.14514233862723117 31.978470167866103 16.3
      vertex -0.1913417161825449 31.961939766255643 20.3
      vertex -0.14514233862723117 31.978470167866103 20.3
    endloop
  endfacet
  facet normal -0.24298017990330883 0.9700312531945326 0
    outer loop
      vertex -0.09754516100806412 31.990392640201616 16.3
      vertex -0.14514233862723117 31.978470167866103 20.3
      vertex -0.09754516100806412 31.990392640201616 20.3
    endloop
  endfacet
  facet normal -0.14673047445537346 0.9891765099647792 0
    outer loop
      vertex -0.0490085701647803 31.9975923633361 16.3
      vertex -0.09754516100806412 31.990392640201616 20.3
      vertex -0.0490085701647803 31.9975923633361 20.3
    endloop
  endfacet
  facet normal -0.04906767432738823 0.9987954562051738 0
    outer loop
      vertex 0 32 16.3
      vertex -0.0490085701647803 31.9975923633361 20.3
      vertex 0 32 20.3
    endloop
  endfacet
  facet normal 0.04906767432738823 0.9987954562051738 0
    outer loop
      vertex 0.0490085701647803 31.9975923633361 16.3
      vertex 0 32 20.3
      vertex 0.0490085701647803 31.9975923633361 20.3
    endloop
  endfacet
  facet normal 0.14673047445537346 0.9891765099647792 0
    outer loop
      vertex 0.09754516100806412 31.990392640201616 16.3
      vertex 0.0490085701647803 31.9975923633361 20.3
      vertex 0.09754516100806412 31.990392640201616 20.3
    endloop
  endfacet
  facet normal 0.24298017990330883 0.9700312531945326 0
    outer loop
      vertex 0.14514233862723117 31.978470167866103 16.3
      vertex 0.09754516100806412 31.990392640201616 20.3
      vertex 0.14514233862723117 31.978470167866103 20.3
    endloop
  endfacet
  facet normal 0.5956993044924549 0.8032075314806291 0
    outer loop
      vertex 0.31719664208182274 31.88650522668137 16.3
      vertex 0.2777851165098011 31.915734806151274 20.3
      vertex 0.31719664208182274 31.88650522668137 20.3
    endloop
  endfacet
  facet normal 0.3368898533921997 0.9415440651830281 0
    outer loop
      vertex 0.1913417161825449 31.961939766255643 16.3
      vertex 0.14514233862723117 31.978470167866103 20.3
      vertex 0.1913417161825449 31.961939766255643 20.3
    endloop
  endfacet
  facet normal 0.4275550934302625 0.9039892931234528 0
    outer loop
      vertex 0.23569836841299882 31.94096063217418 16.3
      vertex 0.1913417161825449 31.961939766255643 20.3
      vertex 0.23569836841299882 31.94096063217418 20.3
    endloop
  endfacet
  facet normal 0.5141027441932103 0.8577286100002788 0
    outer loop
      vertex 0.2777851165098011 31.915734806151274 16.3
      vertex 0.23569836841299882 31.94096063217418 20.3
      vertex 0.2777851165098011 31.915734806151274 20.3
    endloop
  endfacet
  facet normal 0.7409511253549641 0.671558954847013 0
    outer loop
      vertex 0.3535533905932738 31.853553390593273 16.3
      vertex 0.3535533905932738 31.853553390593273 20.3
      vertex 0.3865052266813685 31.81719664208182 20.3
    endloop
  endfacet
  facet normal 0.8032075314806395 0.5956993044924405 0
    outer loop
      vertex 0.3865052266813685 31.81719664208182 16.3
      vertex 0.3865052266813685 31.81719664208182 20.3
      vertex 0.4157348061512726 31.7777851165098 20.3
    endloop
  endfacet
  facet normal 0.6715589548470254 0.7409511253549527 0
    outer loop
      vertex 0.3535533905932738 31.853553390593273 16.3
      vertex 0.31719664208182274 31.88650522668137 20.3
      vertex 0.3535533905932738 31.853553390593273 20.3
    endloop
  endfacet
  facet normal 0 0 1
    outer loop
      vertex -0.4157348061512726 31.2222148834902 20.3
      vertex -0.4409606321741775 31.735698368412997 20.3
      vertex -0.4409606321741775 31.264301631587003 20.3
    endloop
  endfacet
  facet normal 0 0 1
    outer loop
      vertex -0.3865052266813685 31.18280335791818 20.3
      vertex -0.4157348061512726 31.7777851165098 20.3
      vertex -0.4157348061512726 31.2222148834902 20.3
    endloop
  endfacet
  facet normal 0 0 1
    outer loop
      vertex -0.4784701678661044 31.35485766137277 20.3
      vertex -0.4903926402016152 31.597545161008064 20.3
      vertex -0.4903926402016152 31.402454838991936 20.3
    endloop
  endfacet
  facet normal 0 0 1
    outer loop
      vertex -0.46193976625564337 31.308658283817454 20.3
      vertex -0.4784701678661044 31.64514233862723 20.3
      vertex -0.4784701678661044 31.35485766137277 20.3
    endloop
  endfacet
  facet normal 0 0 1
    outer loop
      vertex -0.4409606321741775 31.264301631587003 20.3
      vertex -0.46193976625564337 31.691341716182546 20.3
      vertex -0.46193976625564337 31.308658283817454 20.3
    endloop
  endfacet
  facet normal 0 0 1
    outer loop
      vertex -0.4903926402016152 31.402454838991936 20.3
      vertex -0.49759236333609846 31.54900857016478 20.3
      vertex -0.49759236333609846 31.45099142983522 20.3
    endloop
  endfacet
  facet normal 0 0 1
    outer loop
      vertex -0.49759236333609846 31.45099142983522 20.3
      vertex -0.49759236333609846 31.54900857016478 20.3
      vertex -0.5 31.5 20.3
    endloop
  endfacet
  facet normal 0 0 1
    outer loop
      vertex -0.2777851165098011 31.084265193848726 20.3
      vertex -0.23569836841299882 31.05903936782582 20.3
      vertex -0.2777851165098011 31.915734806151274 20.3
    endloop
  endfacet
  facet normal 0 0 1
    outer loop
      vertex -0.2777851165098011 31.084265193848726 20.3
      vertex -0.31719664208182274 31.88650522668137 20.3
      vertex -0.31719664208182274 31.11349477331863 20.3
    endloop
  endfacet
  facet normal 0 0 1
    outer loop
      vertex -0.31719664208182274 31.11349477331863 20.3
      vertex -0.3535533905932738 31.853553390593273 20.3
      vertex -0.3535533905932738 31.146446609406727 20.3
    endloop
  endfacet
  facet normal 0 0 1
    outer loop
      vertex -0.3865052266813685 31.18280335791818 20.3
      vertex -0.3535533905932738 31.146446609406727 20.3
      vertex -0.3865052266813685 31.81719664208182 20.3
    endloop
  endfacet
  facet normal 0 0 1
    outer loop
      vertex -0.4903926402016152 31.402454838991936 20.3
      vertex -0.4903926402016152 31.597545161008064 20.3
      vertex -0.49759236333609846 31.54900857016478 20.3
    endloop
  endfacet
  facet normal 0 0 1
    outer loop
      vertex -0.4784701678661044 31.35485766137277 20.3
      vertex -0.4784701678661044 31.64514233862723 20.3
      vertex -0.4903926402016152 31.597545161008064 20.3
    endloop
  endfacet
  facet normal 0 0 1
    outer loop
      vertex -0.46193976625564337 31.308658283817454 20.3
      vertex -0.46193976625564337 31.691341716182546 20.3
      vertex -0.4784701678661044 31.64514233862723 20.3
    endloop
  endfacet
  facet normal 0 0 1
    outer loop
      vertex -0.4409606321741775 31.264301631587003 20.3
      vertex -0.4409606321741775 31.735698368412997 20.3
      vertex -0.46193976625564337 31.691341716182546 20.3
    endloop
  endfacet
  facet normal 0 0 1
    outer loop
      vertex -0.4157348061512726 31.2222148834902 20.3
      vertex -0.4157348061512726 31.7777851165098 20.3
      vertex -0.4409606321741775 31.735698368412997 20.3
    endloop
  endfacet
  facet normal 0 0 1
    outer loop
      vertex -0.3865052266813685 31.18280335791818 20.3
      vertex -0.3865052266813685 31.81719664208182 20.3
      vertex -0.4157348061512726 31.7777851165098 20.3
    endloop
  endfacet
  facet normal 0 0 1
    outer loop
      vertex -0.3535533905932738 31.146446609406727 20.3
      vertex -0.3535533905932738 31.853553390593273 20.3
      vertex -0.3865052266813685 31.81719664208182 20.3
    endloop
  endfacet
  facet normal 0 0 1
    outer loop
      vertex -0.31719664208182274 31.11349477331863 20.3
      vertex -0.31719664208182274 31.88650522668137 20.3
      vertex -0.3535533905932738 31.853553390593273 20.3
    endloop
  endfacet
  facet normal 0 0 1
    outer loop
      vertex -0.2777851165098011 31.084265193848726 20.3
      vertex -0.2777851165098011 31.915734806151274 20.3
      vertex -0.31719664208182274 31.88650522668137 20.3
    endloop
  endfacet
  facet normal 0 0 1
    outer loop
      vertex -0.1913417161825449 31.038060233744357 20.3
      vertex -0.23569836841299882 31.94096063217418 20.3
      vertex -0.23569836841299882 31.05903936782582 20.3
    endloop
  endfacet
  facet normal 0 0 1
    outer loop
      vertex -0.1913417161825449 31.038060233744357 20.3
      vertex -0.14514233862723117 31.021529832133897 20.3
      vertex -0.1913417161825449 31.961939766255643 20.3
    endloop
  endfacet
  facet normal 0 0 1
    outer loop
      vertex -0.14514233862723117 31.021529832133897 20.3
      vertex -0.09754516100806412 31.009607359798384 20.3
      vertex -0.14514233862723117 31.978470167866103 20.3
    endloop
  endfacet
  facet normal 0 0 1
    outer loop
      vertex -0.0490085701647803 31.0024076366639 20.3
      vertex -0.09754516100806412 31.990392640201616 20.3
      vertex -0.09754516100806412 31.009607359798384 20.3
    endloop
  endfacet
  facet normal 0 0 1
    outer loop
      vertex -0.0490085701647803 31.0024076366639 20.3
      vertex 0 31 20.3
      vertex -0.0490085701647803 31.9975923633361 20.3
    endloop
  endfacet
  facet normal 0 0 1
    outer loop
      vertex 0 31 20.3
      vertex 0.0490085701647803 31.0024076366639 20.3
      vertex 0 32 20.3
    endloop
  endfacet
  facet normal 0 0 1
    outer loop
      vertex -0.23569836841299882 31.05903936782582 20.3
      vertex -0.23569836841299882 31.94096063217418 20.3
      vertex -0.2777851165098011 31.915734806151274 20.3
    endloop
  endfacet
  facet normal 0 0 1
    outer loop
      vertex -0.1913417161825449 31.038060233744357 20.3
      vertex -0.1913417161825449 31.961939766255643 20.3
      vertex -0.23569836841299882 31.94096063217418 20.3
    endloop
  endfacet
  facet normal 0 0 1
    outer loop
      vertex -0.14514233862723117 31.021529832133897 20.3
      vertex -0.14514233862723117 31.978470167866103 20.3
      vertex -0.1913417161825449 31.961939766255643 20.3
    endloop
  endfacet
  facet normal 0 0 1
    outer loop
      vertex -0.09754516100806412 31.009607359798384 20.3
      vertex -0.09754516100806412 31.990392640201616 20.3
      vertex -0.14514233862723117 31.978470167866103 20.3
    endloop
  endfacet
  facet normal 0 0 1
    outer loop
      vertex -0.0490085701647803 31.0024076366639 20.3
      vertex -0.0490085701647803 31.9975923633361 20.3
      vertex -0.09754516100806412 31.990392640201616 20.3
    endloop
  endfacet
  facet normal 0 0 1
    outer loop
      vertex 0 31 20.3
      vertex 0 32 20.3
      vertex -0.0490085701647803 31.9975923633361 20.3
    endloop
  endfacet
  facet normal 0 0 1
    outer loop
      vertex 0.0490085701647803 31.0024076366639 20.3
      vertex 0.09754516100806412 31.009607359798384 20.3
      vertex 0.0490085701647803 31.9975923633361 20.3
    endloop
  endfacet
  facet normal 0 0 1
    outer loop
      vertex 0.09754516100806412 31.009607359798384 20.3
      vertex 0.14514233862723117 31.021529832133897 20.3
      vertex 0.09754516100806412 31.990392640201616 20.3
    endloop
  endfacet
  facet normal 0 0 1
    outer loop
      vertex 0.14514233862723117 31.021529832133897 20.3
      vertex 0.1913417161825449 31.038060233744357 20.3
      vertex 0.14514233862723117 31.978470167866103 20.3
    endloop
  endfacet
  facet normal 0 0 1
    outer loop
      vertex 0.1913417161825449 31.038060233744357 20.3
      vertex 0.23569836841299882 31.05903936782582 20.3
      vertex 0.1913417161825449 31.961939766255643 20.3
    endloop
  endfacet
  facet normal 0 0 1
    outer loop
      vertex 0.23569836841299882 31.05903936782582 20.3
      vertex 0.2777851165098011 31.084265193848726 20.3
      vertex 0.23569836841299882 31.94096063217418 20.3
    endloop
  endfacet
  facet normal 0 0 1
    outer loop
      vertex 0.2777851165098011 31.084265193848726 20.3
      vertex 0.31719664208182274 31.11349477331863 20.3
      vertex 0.2777851165098011 31.915734806151274 20.3
    endloop
  endfacet
  facet normal 0 0 1
    outer loop
      vertex 0.0490085701647803 31.0024076366639 20.3
      vertex 0.0490085701647803 31.9975923633361 20.3
      vertex 0 32 20.3
    endloop
  endfacet
  facet normal 0 0 1
    outer loop
      vertex 0.09754516100806412 31.009607359798384 20.3
      vertex 0.09754516100806412 31.990392640201616 20.3
      vertex 0.0490085701647803 31.9975923633361 20.3
    endloop
  endfacet
  facet normal 0 0 1
    outer loop
      vertex 0.14514233862723117 31.021529832133897 20.3
      vertex 0.14514233862723117 31.978470167866103 20.3
      vertex 0.09754516100806412 31.990392640201616 20.3
    endloop
  endfacet
  facet normal 0 0 1
    outer loop
      vertex 0.2777851165098011 31.084265193848726 20.3
      vertex 0.2777851165098011 31.915734806151274 20.3
      vertex 0.23569836841299882 31.94096063217418 20.3
    endloop
  endfacet
  facet normal 0 0 1
    outer loop
      vertex 0.31719664208182274 31.11349477331863 20.3
      vertex 0.31719664208182274 31.88650522668137 20.3
      vertex 0.2777851165098011 31.915734806151274 20.3
    endloop
  endfacet
  facet normal 0 0 1
    outer loop
      vertex 0.1913417161825449 31.038060233744357 20.3
      vertex 0.1913417161825449 31.961939766255643 20.3
      vertex 0.14514233862723117 31.978470167866103 20.3
    endloop
  endfacet
  facet normal 0 0 1
    outer loop
      vertex 0.23569836841299882 31.05903936782582 20.3
      vertex 0.23569836841299882 31.94096063217418 20.3
      vertex 0.1913417161825449 31.961939766255643 20.3
    endloop
  endfacet
  facet normal 0 0 1
    outer loop
      vertex 0.31719664208182274 31.11349477331863 20.3
      vertex 0.3535533905932738 31.146446609406727 20.3
      vertex 0.31719664208182274 31.88650522668137 20.3
    endloop
  endfacet
  facet normal 0 0 1
    outer loop
      vertex 0.3535533905932738 31.146446609406727 20.3
      vertex 0.3865052266813685 31.18280335791818 20.3
      vertex 0.3535533905932738 31.853553390593273 20.3
    endloop
  endfacet
  facet normal 0 0 1
    outer loop
      vertex 0.3865052266813685 31.18280335791818 20.3
      vertex 0.4157348061512726 31.2222148834902 20.3
      vertex 0.3865052266813685 31.81719664208182 20.3
    endloop
  endfacet
  facet normal 0 0 1
    outer loop
      vertex 0.4157348061512726 31.2222148834902 20.3
      vertex 0.4409606321741775 31.264301631587003 20.3
      vertex 0.4157348061512726 31.7777851165098 20.3
    endloop
  endfacet
  facet normal 0 0 1
    outer loop
      vertex 0.4409606321741775 31.264301631587003 20.3
      vertex 0.46193976625564337 31.308658283817454 20.3
      vertex 0.4409606321741775 31.735698368412997 20.3
    endloop
  endfacet
  facet normal 0 0 1
    outer loop
      vertex 0.46193976625564337 31.308658283817454 20.3
      vertex 0.4784701678661044 31.35485766137277 20.3
      vertex 0.46193976625564337 31.691341716182546 20.3
    endloop
  endfacet
  facet normal 0 0 1
    outer loop
      vertex 0.4784701678661044 31.35485766137277 20.3
      vertex 0.4903926402016152 31.402454838991936 20.3
      vertex 0.4784701678661044 31.64514233862723 20.3
    endloop
  endfacet
  facet normal 0 0 1
    outer loop
      vertex 0.4903926402016152 31.402454838991936 20.3
      vertex 0.49759236333609846 31.45099142983522 20.3
      vertex 0.4903926402016152 31.597545161008064 20.3
    endloop
  endfacet
  facet normal 0 0 1
    outer loop
      vertex 0.49759236333609846 31.45099142983522 20.3
      vertex 0.5 31.5 20.3
      vertex 0.49759236333609846 31.54900857016478 20.3
    endloop
  endfacet
  facet normal 0 0 1
    outer loop
      vertex 0.3535533905932738 31.146446609406727 20.3
      vertex 0.3535533905932738 31.853553390593273 20.3
      vertex 0.31719664208182274 31.88650522668137 20.3
    endloop
  endfacet
  facet normal 0 0 1
    outer loop
      vertex 0.46193976625564337 31.308658283817454 20.3
      vertex 0.46193976625564337 31.691341716182546 20.3
      vertex 0.4409606321741775 31.735698368412997 20.3
    endloop
  endfacet
  facet normal 0 0 1
    outer loop
      vertex 0.3865052266813685 31.18280335791818 20.3
      vertex 0.3865052266813685 31.81719664208182 20.3
      vertex 0.3535533905932738 31.853553390593273 20.3
    endloop
  endfacet
  facet normal 0 0 1
    outer loop
      vertex 0.4157348061512726 31.2222148834902 20.3
      vertex 0.4157348061512726 31.7777851165098 20.3
      vertex 0.3865052266813685 31.81719664208182 20.3
    endloop
  endfacet
  facet normal 0 0 1
    outer loop
      vertex 0.4409606321741775 31.264301631587003 20.3
      vertex 0.4409606321741775 31.735698368412997 20.3
      vertex 0.4157348061512726 31.7777851165098 20.3
    endloop
  endfacet
  facet normal 0 0 1
    outer loop
      vertex 0.49759236333609846 31.45099142983522 20.3
      vertex 0.49759236333609846 31.54900857016478 20.3
      vertex 0.4903926402016152 31.597545161008064 20.3
    endloop
  endfacet
  facet normal 0 0 1
    outer loop
      vertex 0.4784701678661044 31.35485766137277 20.3
      vertex 0.4784701678661044 31.64514233862723 20.3
      vertex 0.46193976625564337 31.691341716182546 20.3
    endloop
  endfacet
  facet normal 0 0 1
    outer loop
      vertex 0.4903926402016152 31.402454838991936 20.3
      vertex 0.4903926402016152 31.597545161008064 20.3
      vertex 0.4784701678661044 31.64514233862723 20.3
    endloop
  endfacet
  facet normal -1 0 0
    outer loop
      vertex -25 45.075871481210896 -38.11693070405096
      vertex -25 44.84644090667048 -37.78926988633536
      vertex -25 46.48474499524846 -36.642117013633275
    endloop
  endfacet
  facet normal -1 0 0
    outer loop
      vertex -25 45.075871481210896 -38.11693070405096
      vertex -25 46.48474499524846 -36.642117013633275
      vertex -25 46.71417556978888 -36.96977783134887
    endloop
  endfacet
  facet normal 0 -0.8191520442889945 -0.5735764363510423
    outer loop
      vertex -25 45.075871481210896 -38.11693070405096
      vertex -23 45.075871481210896 -38.11693070405096
      vertex -23 44.84644090667048 -37.78926988633536
    endloop
  endfacet
  facet normal 0 -0.8191520442889945 -0.5735764363510423
    outer loop
      vertex -25 45.075871481210896 -38.11693070405096
      vertex -23 44.84644090667048 -37.78926988633536
      vertex -25 44.84644090667048 -37.78926988633536
    endloop
  endfacet
  facet normal 0 -0.5735764363510446 0.8191520442889928
    outer loop
      vertex -25 44.84644090667048 -37.78926988633536
      vertex -23 44.84644090667048 -37.78926988633536
      vertex -25 46.48474499524846 -36.642117013633275
    endloop
  endfacet
  facet normal 0 0.5735764363510446 -0.8191520442889928
    outer loop
      vertex -25 45.075871481210896 -38.11693070405096
      vertex -23 46.71417556978888 -36.96977783134887
      vertex -23 45.075871481210896 -38.11693070405096
    endloop
  endfacet
  facet normal 0 0.5735764363510446 -0.8191520442889928
    outer loop
      vertex -25 45.075871481210896 -38.11693070405096
      vertex -25 46.71417556978888 -36.96977783134887
      vertex -23 46.71417556978888 -36.96977783134887
    endloop
  endfacet
  facet normal 1 0 0
    outer loop
      vertex -23 45.075871481210896 -38.11693070405096
      vertex -23 46.71417556978888 -36.96977783134887
      vertex -23 44.84644090667048 -37.78926988633536
    endloop
  endfacet
  facet normal 0 0.8191520442889945 0.5735764363510423
    outer loop
      vertex -25 46.71417556978888 -36.96977783134887
      vertex -25 46.48474499524846 -36.642117013633275
      vertex -23 46.71417556978888 -36.96977783134887
    endloop
  endfacet
  facet normal 0 -0.5735764363510446 0.8191520442889928
    outer loop
      vertex -25 46.48474499524846 -36.642117013633275
      vertex -23 44.84644090667048 -37.78926988633536
      vertex -23 46.48474499524846 -36.642117013633275
    endloop
  endfacet
  facet normal 0 0.8191520442889945 0.5735764363510423
    outer loop
      vertex -25 46.48474499524846 -36.642117013633275
      vertex -23 46.48474499524846 -36.642117013633275
      vertex -23 46.71417556978888 -36.96977783134887
    endloop
  endfacet
  facet normal 1 0 0
    outer loop
      vertex -23 44.84644090667048 -37.78926988633536
      vertex -23 46.71417556978888 -36.96977783134887
      vertex -23 46.48474499524846 -36.642117013633275
    endloop
  endfacet
  facet normal -1 0 0
    outer loop
      vertex 23 45.075871481210896 -38.11693070405096
      vertex 23 44.84644090667048 -37.78926988633536
      vertex 23 46.48474499524846 -36.642117013633275
    endloop
  endfacet
  facet normal -1 0 0
    outer loop
      vertex 23 45.075871481210896 -38.11693070405096
      vertex 23 46.48474499524846 -36.642117013633275
      vertex 23 46.71417556978888 -36.96977783134887
    endloop
  endfacet
  facet normal 0 -0.8191520442889945 -0.5735764363510423
    outer loop
      vertex 23 45.075871481210896 -38.11693070405096
      vertex 25 45.075871481210896 -38.11693070405096
      vertex 25 44.84644090667048 -37.78926988633536
    endloop
  endfacet
  facet normal 0 -0.8191520442889945 -0.5735764363510423
    outer loop
      vertex 23 45.075871481210896 -38.11693070405096
      vertex 25 44.84644090667048 -37.78926988633536
      vertex 23 44.84644090667048 -37.78926988633536
    endloop
  endfacet
  facet normal 0 -0.5735764363510446 0.8191520442889928
    outer loop
      vertex 23 44.84644090667048 -37.78926988633536
      vertex 25 44.84644090667048 -37.78926988633536
      vertex 23 46.48474499524846 -36.642117013633275
    endloop
  endfacet
  facet normal 0 0.5735764363510446 -0.8191520442889928
    outer loop
      vertex 23 45.075871481210896 -38.11693070405096
      vertex 25 46.71417556978888 -36.96977783134887
      vertex 25 45.075871481210896 -38.11693070405096
    endloop
  endfacet
  facet normal 0 0.5735764363510446 -0.8191520442889928
    outer loop
      vertex 23 45.075871481210896 -38.11693070405096
      vertex 23 46.71417556978888 -36.96977783134887
      vertex 25 46.71417556978888 -36.96977783134887
    endloop
  endfacet
  facet normal 1 0 0
    outer loop
      vertex 25 45.075871481210896 -38.11693070405096
      vertex 25 46.71417556978888 -36.96977783134887
      vertex 25 44.84644090667048 -37.78926988633536
    endloop
  endfacet
  facet normal 0 0.8191520442889945 0.5735764363510423
    outer loop
      vertex 23 46.71417556978888 -36.96977783134887
      vertex 23 46.48474499524846 -36.642117013633275
      vertex 25 46.71417556978888 -36.96977783134887
    endloop
  endfacet
  facet normal 0 -0.5735764363510446 0.8191520442889928
    outer loop
      vertex 23 46.48474499524846 -36.642117013633275
      vertex 25 44.84644090667048 -37.78926988633536
      vertex 25 46.48474499524846 -36.642117013633275
    endloop
  endfacet
  facet normal 0 0.8191520442889945 0.5735764363510423
    outer loop
      vertex 23 46.48474499524846 -36.642117013633275
      vertex 25 46.48474499524846 -36.642117013633275
      vertex 25 46.71417556978888 -36.96977783134887
    endloop
  endfacet
  facet normal 1 0 0
    outer loop
      vertex 25 44.84644090667048 -37.78926988633536
      vertex 25 46.71417556978888 -36.96977783134887
      vertex 25 46.48474499524846 -36.642117013633275
    endloop
  endfacet
  facet normal 0 -0.8191520442889917 -0.573576436351046
    outer loop
      vertex -48 21.50221995788041 -6.891092783242845
      vertex -44.5 21.50221995788041 -6.891092783242845
      vertex -48 18.347549557949655 -2.3857565396533893
    endloop
  endfacet
  facet normal -1 0 0
    outer loop
      vertex -48 21.50221995788041 -6.891092783242845
      vertex -48 18.347549557949655 -2.3857565396533893
      vertex -48 19.576277624383145 -1.5253918851268224
    endloop
  endfacet
  facet normal 0 -0.5735764363510443 0.819152044288993
    outer loop
      vertex -48 18.347549557949655 -2.3857565396533893
      vertex -44.5 18.347549557949655 -2.3857565396533893
      vertex -48 19.576277624383145 -1.5253918851268224
    endloop
  endfacet
  facet normal 0 -0.8191520442889917 -0.573576436351046
    outer loop
      vertex -48 18.347549557949655 -2.3857565396533893
      vertex -44.5 21.50221995788041 -6.891092783242845
      vertex -44.5 18.347549557949655 -2.3857565396533893
    endloop
  endfacet
  facet normal 0 0.819152044288992 0.5735764363510458
    outer loop
      vertex -48 22.730948024313896 -6.030728128716277
      vertex -48 19.576277624383145 -1.5253918851268224
      vertex -44.5 19.576277624383145 -1.5253918851268224
    endloop
  endfacet
  facet normal 0 -0.5735764363510443 0.819152044288993
    outer loop
      vertex -48 19.576277624383145 -1.5253918851268224
      vertex -44.5 18.347549557949655 -2.3857565396533893
      vertex -44.5 19.576277624383145 -1.5253918851268224
    endloop
  endfacet
  facet normal 0 0.5735764363510463 -0.8191520442889917
    outer loop
      vertex -48 21.50221995788041 -6.891092783242845
      vertex -44.5 22.730948024313896 -6.030728128716277
      vertex -44.5 21.50221995788041 -6.891092783242845
    endloop
  endfacet
  facet normal 0 0.5735764363510463 -0.8191520442889917
    outer loop
      vertex -48 21.50221995788041 -6.891092783242845
      vertex -48 22.730948024313896 -6.030728128716277
      vertex -44.5 22.730948024313896 -6.030728128716277
    endloop
  endfacet
  facet normal -1 0 0
    outer loop
      vertex -48 21.50221995788041 -6.891092783242845
      vertex -48 19.576277624383145 -1.5253918851268224
      vertex -48 22.730948024313896 -6.030728128716277
    endloop
  endfacet
  facet normal 0 0.819152044288992 0.5735764363510458
    outer loop
      vertex -48 22.730948024313896 -6.030728128716277
      vertex -44.5 19.576277624383145 -1.5253918851268224
      vertex -44.5 22.730948024313896 -6.030728128716277
    endloop
  endfacet
  facet normal 0 -0.8191520442889917 -0.573576436351046
    outer loop
      vertex 48 21.50221995788041 -6.891092783242845
      vertex 44.5 18.347549557949655 -2.3857565396533893
      vertex 44.5 21.50221995788041 -6.891092783242845
    endloop
  endfacet
  facet normal 0 -0.5735764363510443 0.819152044288993
    outer loop
      vertex 48 18.347549557949655 -2.3857565396533893
      vertex 44.5 19.576277624383145 -1.5253918851268224
      vertex 44.5 18.347549557949655 -2.3857565396533893
    endloop
  endfacet
  facet normal 0 0.819152044288992 0.5735764363510458
    outer loop
      vertex 48 19.576277624383145 -1.5253918851268224
      vertex 44.5 22.730948024313896 -6.030728128716277
      vertex 44.5 19.576277624383145 -1.5253918851268224
    endloop
  endfacet
  facet normal 0 0.5735764363510463 -0.8191520442889917
    outer loop
      vertex 48 22.730948024313896 -6.030728128716277
      vertex 44.5 21.50221995788041 -6.891092783242845
      vertex 44.5 22.730948024313896 -6.030728128716277
    endloop
  endfacet
  facet normal 0 -0.8191520442889917 -0.573576436351046
    outer loop
      vertex 48 21.50221995788041 -6.891092783242845
      vertex 48 18.347549557949655 -2.3857565396533893
      vertex 44.5 18.347549557949655 -2.3857565396533893
    endloop
  endfacet
  facet normal 1 0 0
    outer loop
      vertex 48 21.50221995788041 -6.891092783242845
      vertex 48 19.576277624383145 -1.5253918851268224
      vertex 48 18.347549557949655 -2.3857565396533893
    endloop
  endfacet
  facet normal 0 -0.5735764363510443 0.819152044288993
    outer loop
      vertex 48 18.347549557949655 -2.3857565396533893
      vertex 48 19.576277624383145 -1.5253918851268224
      vertex 44.5 19.576277624383145 -1.5253918851268224
    endloop
  endfacet
  facet normal 0 0.5735764363510463 -0.8191520442889917
    outer loop
      vertex 48 21.50221995788041 -6.891092783242845
      vertex 44.5 21.50221995788041 -6.891092783242845
      vertex 48 22.730948024313896 -6.030728128716277
    endloop
  endfacet
  facet normal 0 0.819152044288992 0.5735764363510458
    outer loop
      vertex 48 22.730948024313896 -6.030728128716277
      vertex 44.5 22.730948024313896 -6.030728128716277
      vertex 48 19.576277624383145 -1.5253918851268224
    endloop
  endfacet
  facet normal 1 0 0
    outer loop
      vertex 48 21.50221995788041 -6.891092783242845
      vertex 48 22.730948024313896 -6.030728128716277
      vertex 48 19.576277624383145 -1.5253918851268224
    endloop
  endfacet
  facet normal 0 -1 0
    outer loop
      vertex -44.5 2 -21.55
      vertex -44.5 2 -16.8
      vertex -47.25 2 -21.55
    endloop
  endfacet
  facet normal 0 1 0
    outer loop
      vertex -47.25 3.5 -21.55
      vertex -44.5 3.5 -16.8
      vertex -44.5 3.5 -21.55
    endloop
  endfacet
  facet normal 0 -1 0
    outer loop
      vertex -47.25 2 -16.8
      vertex -47.25 2 -21.55
      vertex -44.5 2 -16.8
    endloop
  endfacet
  facet normal 0 1 0
    outer loop
      vertex -47.25 3.5 -21.55
      vertex -47.25 3.5 -16.8
      vertex -44.5 3.5 -16.8
    endloop
  endfacet
  facet normal 0 0 1
    outer loop
      vertex -47.25 2 -16.8
      vertex -44.5 2 -16.8
      vertex -47.25 3.5 -16.8
    endloop
  endfacet
  facet normal 0 0 1
    outer loop
      vertex -44.5 3.5 -16.8
      vertex -47.25 3.5 -16.8
      vertex -44.5 2 -16.8
    endloop
  endfacet
  facet normal 0 -1 0
    outer loop
      vertex 47.25 2 -21.55
      vertex 44.5 2 -16.8
      vertex 44.5 2 -21.55
    endloop
  endfacet
  facet normal 0 1 0
    outer loop
      vertex 47.25 3.5 -16.8
      vertex 44.5 3.5 -21.55
      vertex 44.5 3.5 -16.8
    endloop
  endfacet
  facet normal 0 0 1
    outer loop
      vertex 44.5 2 -16.8
      vertex 47.25 2 -16.8
      vertex 44.5 3.5 -16.8
    endloop
  endfacet
  facet normal 0 1 0
    outer loop
      vertex 47.25 3.5 -16.8
      vertex 47.25 3.5 -21.55
      vertex 44.5 3.5 -21.55
    endloop
  endfacet
  facet normal 0 -1 0
    outer loop
      vertex 47.25 2 -21.55
      vertex 47.25 2 -16.8
      vertex 44.5 2 -16.8
    endloop
  endfacet
  facet normal 0 0 1
    outer loop
      vertex 47.25 3.5 -16.8
      vertex 44.5 3.5 -16.8
      vertex 47.25 2 -16.8
    endloop
  endfacet
  facet normal 0 0 -1
    outer loop
      vertex 44.5 3.5 -2.75
      vertex 47.25 3.5 -2.75
      vertex 44.5 2 -2.75
    endloop
  endfacet
  facet normal 0 0 -1
    outer loop
      vertex 47.25 3.5 -2.75
      vertex 47.25 2 -2.75
      vertex 44.5 2 -2.75
    endloop
  endfacet
  facet normal 0 -1 0
    outer loop
      vertex 47.25 2 -0.75
      vertex 44.5 2 -2.75
      vertex 47.25 2 -2.75
    endloop
  endfacet
  facet normal 0 1 0
    outer loop
      vertex 47.25 3.5 -2.75
      vertex 44.5 3.5 -2.75
      vertex 47.25 3.5 -0.75
    endloop
  endfacet
  facet normal 0 -1 0
    outer loop
      vertex 47.25 2 -0.75
      vertex 44.5 2 -0.75
      vertex 44.5 2 -2.75
    endloop
  endfacet
  facet normal 0 1 0
    outer loop
      vertex 47.25 3.5 -0.75
      vertex 44.5 3.5 -2.75
      vertex 44.5 3.5 -0.75
    endloop
  endfacet
  facet normal 0 -1 0
    outer loop
      vertex 47.25 2 0.75
      vertex 44.5 2 2.75
      vertex 44.5 2 0.75
    endloop
  endfacet
  facet normal 0 0 1
    outer loop
      vertex 44.5 2 2.75
      vertex 47.25 2 2.75
      vertex 44.5 3.5 2.75
    endloop
  endfacet
  facet normal 0 1 0
    outer loop
      vertex 44.5 3.5 0.75
      vertex 44.5 3.5 2.75
      vertex 47.25 3.5 2.75
    endloop
  endfacet
  facet normal 0 -1 0
    outer loop
      vertex 47.25 2 0.75
      vertex 47.25 2 2.75
      vertex 44.5 2 2.75
    endloop
  endfacet
  facet normal 0 1 0
    outer loop
      vertex 47.25 3.5 0.75
      vertex 44.5 3.5 0.75
      vertex 47.25 3.5 2.75
    endloop
  endfacet
  facet normal 0 0 1
    outer loop
      vertex 47.25 3.5 2.75
      vertex 44.5 3.5 2.75
      vertex 47.25 2 2.75
    endloop
  endfacet
  facet normal 0 -1 0
    outer loop
      vertex -47.25 2 -0.75
      vertex -47.25 2 -2.75
      vertex -44.5 2 -2.75
    endloop
  endfacet
  facet normal 0 0 -1
    outer loop
      vertex -47.25 3.5 -2.75
      vertex -44.5 3.5 -2.75
      vertex -47.25 2 -2.75
    endloop
  endfacet
  facet normal 0 0 -1
    outer loop
      vertex -47.25 2 -2.75
      vertex -44.5 3.5 -2.75
      vertex -44.5 2 -2.75
    endloop
  endfacet
  facet normal 0 1 0
    outer loop
      vertex -44.5 3.5 -0.75
      vertex -44.5 3.5 -2.75
      vertex -47.25 3.5 -2.75
    endloop
  endfacet
  facet normal 0 1 0
    outer loop
      vertex -47.25 3.5 -0.75
      vertex -44.5 3.5 -0.75
      vertex -47.25 3.5 -2.75
    endloop
  endfacet
  facet normal 0 -1 0
    outer loop
      vertex -47.25 2 -0.75
      vertex -44.5 2 -2.75
      vertex -44.5 2 -0.75
    endloop
  endfacet
  facet normal 0 -1 0
    outer loop
      vertex -47.25 2 0.75
      vertex -44.5 2 2.75
      vertex -47.25 2 2.75
    endloop
  endfacet
  facet normal 0 0 1
    outer loop
      vertex -47.25 2 2.75
      vertex -44.5 2 2.75
      vertex -47.25 3.5 2.75
    endloop
  endfacet
  facet normal 0 1 0
    outer loop
      vertex -47.25 3.5 0.75
      vertex -47.25 3.5 2.75
      vertex -44.5 3.5 2.75
    endloop
  endfacet
  facet normal 0 -1 0
    outer loop
      vertex -47.25 2 0.75
      vertex -44.5 2 0.75
      vertex -44.5 2 2.75
    endloop
  endfacet
  facet normal 0 1 0
    outer loop
      vertex -44.5 3.5 0.75
      vertex -47.25 3.5 0.75
      vertex -44.5 3.5 2.75
    endloop
  endfacet
  facet normal 0 0 1
    outer loop
      vertex -44.5 3.5 2.75
      vertex -47.25 3.5 2.75
      vertex -44.5 2 2.75
    endloop
  endfacet
  facet normal -0.7071067811865476 -0.7071067811865476 0
    outer loop
      vertex -38.53731957466684 -33.58757210636101 -1.75
      vertex -37.476659402887016 -34.64823227814083 1.75
      vertex -38.53731957466684 -33.58757210636101 1.75
    endloop
  endfacet
  facet normal -0.7071067811865476 -0.7071067811865476 0
    outer loop
      vertex -38.53731957466684 -33.58757210636101 -1.75
      vertex -37.476659402887016 -34.64823227814083 -1.75
      vertex -37.476659402887016 -34.64823227814083 1.75
    endloop
  endfacet
  facet normal 0 0 -1
    outer loop
      vertex -38.53731957466684 -33.58757210636101 -1.75
      vertex -3.44974746830583 1.5 -1.75
      vertex -37.476659402887016 -34.64823227814083 -1.75
    endloop
  endfacet
  facet normal -0.7071067811865476 0.7071067811865476 0
    outer loop
      vertex -38.53731957466684 -33.58757210636101 -1.75
      vertex -38.53731957466684 -33.58757210636101 1.75
      vertex -3.44974746830583 1.5 1.75
    endloop
  endfacet
  facet normal 0.7071067811865476 -0.7071067811865476 0
    outer loop
      vertex -37.476659402887016 -34.64823227814083 -1.75
      vertex -1.3284271247461845 1.5 -1.75
      vertex -37.476659402887016 -34.64823227814083 1.75
    endloop
  endfacet
  facet normal 0 0 1
    outer loop
      vertex -38.53731957466684 -33.58757210636101 1.75
      vertex -37.476659402887016 -34.64823227814083 1.75
      vertex -3.44974746830583 1.5 1.75
    endloop
  endfacet
  facet normal 0 0 -1
    outer loop
      vertex -37.476659402887016 -34.64823227814083 -1.75
      vertex -3.44974746830583 1.5 -1.75
      vertex -1.3284271247461845 1.5 -1.75
    endloop
  endfacet
  facet normal -0.7071067811865476 0.7071067811865476 0
    outer loop
      vertex -38.53731957466684 -33.58757210636101 -1.75
      vertex -3.44974746830583 1.5 1.75
      vertex -3.44974746830583 1.5 -1.75
    endloop
  endfacet
  facet normal 0.7071067811865476 -0.7071067811865476 0
    outer loop
      vertex -37.476659402887016 -34.64823227814083 1.75
      vertex -1.3284271247461845 1.5 -1.75
      vertex -1.3284271247461845 1.5 1.75
    endloop
  endfacet
  facet normal 0 0 1
    outer loop
      vertex -37.476659402887016 -34.64823227814083 1.75
      vertex -1.3284271247461845 1.5 1.75
      vertex -3.44974746830583 1.5 1.75
    endloop
  endfacet
  facet normal 0 0 -1
    outer loop
      vertex 33.58757210636101 38.53731957466684 -1.75
      vertex 24.171572875253815 27 -1.75
      vertex 22.05025253169417 27 -1.75
    endloop
  endfacet
  facet normal 0.7071067811865476 -0.7071067811865476 0
    outer loop
      vertex 34.64823227814083 37.476659402887016 -1.75
      vertex 24.171572875253815 27 1.75
      vertex 24.171572875253815 27 -1.75
    endloop
  endfacet
  facet normal -0.7071067811865475 0.7071067811865475 0
    outer loop
      vertex 33.58757210636101 38.53731957466684 1.75
      vertex 22.05025253169417 27 -1.75
      vertex 22.05025253169417 27 1.75
    endloop
  endfacet
  facet normal 0 0 1
    outer loop
      vertex 33.58757210636101 38.53731957466684 1.75
      vertex 22.05025253169417 27 1.75
      vertex 24.171572875253815 27 1.75
    endloop
  endfacet
  facet normal 0 0 -1
    outer loop
      vertex 34.64823227814083 37.476659402887016 -1.75
      vertex 24.171572875253815 27 -1.75
      vertex 33.58757210636101 38.53731957466684 -1.75
    endloop
  endfacet
  facet normal -0.7071067811865475 0.7071067811865475 0
    outer loop
      vertex 33.58757210636101 38.53731957466684 -1.75
      vertex 22.05025253169417 27 -1.75
      vertex 33.58757210636101 38.53731957466684 1.75
    endloop
  endfacet
  facet normal 0.7071067811865476 -0.7071067811865476 0
    outer loop
      vertex 34.64823227814083 37.476659402887016 -1.75
      vertex 34.64823227814083 37.476659402887016 1.75
      vertex 24.171572875253815 27 1.75
    endloop
  endfacet
  facet normal 0 0 1
    outer loop
      vertex 34.64823227814083 37.476659402887016 1.75
      vertex 33.58757210636101 38.53731957466684 1.75
      vertex 24.171572875253815 27 1.75
    endloop
  endfacet
  facet normal 0.7071067811865476 0.7071067811865476 0
    outer loop
      vertex 34.64823227814083 37.476659402887016 -1.75
      vertex 33.58757210636101 38.53731957466684 -1.75
      vertex 34.64823227814083 37.476659402887016 1.75
    endloop
  endfacet
  facet normal 0.7071067811865476 0.7071067811865476 0
    outer loop
      vertex 33.58757210636101 38.53731957466684 -1.75
      vertex 33.58757210636101 38.53731957466684 1.75
      vertex 34.64823227814083 37.476659402887016 1.75
    endloop
  endfacet
  facet normal -1 0 0
    outer loop
      vertex -32.5 27 -14.742736391902518
      vertex -32.5 27 -12.301910878032981
      vertex -32.5 43.01099631034713 -35.16798334461059
    endloop
  endfacet
  facet normal 0 -0.8191520442889918 -0.5735764363510462
    outer loop
      vertex -32.5 27 -14.742736391902518
      vertex -32.5 41.864183448342544 -35.97099035550205
      vertex 32.5 27 -14.742736391902518
    endloop
  endfacet
  facet normal 0 0.8191520442889918 0.5735764363510459
    outer loop
      vertex -32.5 27 -12.301910878032981
      vertex 32.5 27 -12.301910878032981
      vertex 32.5 43.01099631034713 -35.16798334461059
    endloop
  endfacet
  facet normal -1 0 0
    outer loop
      vertex -32.5 27 -14.742736391902518
      vertex -32.5 43.01099631034713 -35.16798334461059
      vertex -32.5 41.864183448342544 -35.97099035550205
    endloop
  endfacet
  facet normal -4.973153984398408e-17 0.5735764363510457 -0.8191520442889921
    outer loop
      vertex -32.5 41.864183448342544 -35.97099035550205
      vertex -32.5 43.01099631034713 -35.16798334461059
      vertex -3 42.06897145941479 -35.827596246414295
    endloop
  endfacet
  facet normal -6.902892637080862e-17 0.8191520442889919 0.573576436351046
    outer loop
      vertex -32.5 27 -12.301910878032981
      vertex -3 41.921201081280145 -33.611594460461504
      vertex -32.5 43.01099631034713 -35.16798334461059
    endloop
  endfacet
  facet normal 0 0.8191520442889917 0.5735764363510462
    outer loop
      vertex -32.5 27 -12.301910878032981
      vertex 3 41.921201081280145 -33.611594460461504
      vertex -3 41.921201081280145 -33.611594460461504
    endloop
  endfacet
  facet normal 0 0.5735764363510467 -0.8191520442889915
    outer loop
      vertex -32.5 43.01099631034713 -35.16798334461059
      vertex -3 43.01099631034713 -35.16798334461059
      vertex -3 42.06897145941479 -35.827596246414295
    endloop
  endfacet
  facet normal 0 0.8191520442889925 0.5735764363510452
    outer loop
      vertex -32.5 43.01099631034713 -35.16798334461059
      vertex -3 41.921201081280145 -33.611594460461504
      vertex -3 43.01099631034713 -35.16798334461059
    endloop
  endfacet
  facet normal 0 0.5735764363510407 -0.8191520442889954
    outer loop
      vertex -32.5 41.864183448342544 -35.97099035550205
      vertex -3 42.06897145941479 -35.827596246414295
      vertex 32.5 41.864183448342544 -35.97099035550205
    endloop
  endfacet
  facet normal 8.12080806395611e-17 0.8191520442889918 0.5735764363510462
    outer loop
      vertex -32.5 27 -12.301910878032981
      vertex 32.5 43.01099631034713 -35.16798334461059
      vertex 3 41.921201081280145 -33.611594460461504
    endloop
  endfacet
  facet normal 0 0.5735764363510408 -0.8191520442889955
    outer loop
      vertex -3 42.06897145941479 -35.827596246414295
      vertex 3 42.06897145941479 -35.827596246414295
      vertex 32.5 41.864183448342544 -35.97099035550205
    endloop
  endfacet
  facet normal 6.136088934921638e-17 0.5735764363510467 -0.8191520442889915
    outer loop
      vertex 3 42.06897145941479 -35.827596246414295
      vertex 3 43.01099631034713 -35.16798334461059
      vertex 32.5 41.864183448342544 -35.97099035550205
    endloop
  endfacet
  facet normal 0 -0.8191520442889918 -0.5735764363510462
    outer loop
      vertex -32.5 41.864183448342544 -35.97099035550205
      vertex 32.5 41.864183448342544 -35.97099035550205
      vertex 32.5 27 -14.742736391902518
    endloop
  endfacet
  facet normal 0 0.8191520442889925 0.5735764363510452
    outer loop
      vertex 3 41.921201081280145 -33.611594460461504
      vertex 32.5 43.01099631034713 -35.16798334461059
      vertex 3 43.01099631034713 -35.16798334461059
    endloop
  endfacet
  facet normal 0 0.5735764363510457 -0.8191520442889921
    outer loop
      vertex 3 43.01099631034713 -35.16798334461059
      vertex 32.5 43.01099631034713 -35.16798334461059
      vertex 32.5 41.864183448342544 -35.97099035550205
    endloop
  endfacet
  facet normal 1 0 0
    outer loop
      vertex 32.5 27 -14.742736391902518
      vertex 32.5 41.864183448342544 -35.97099035550205
      vertex 32.5 27 -12.301910878032981
    endloop
  endfacet
  facet normal 1 0 0
    outer loop
      vertex 32.5 27 -12.301910878032981
      vertex 32.5 41.864183448342544 -35.97099035550205
      vertex 32.5 43.01099631034713 -35.16798334461059
    endloop
  endfacet
endsolid OpenSCAD_Model
