solid OpenSCAD_Model
  facet normal -1 0 0
    outer loop
      vertex -48 0 0
      vertex -48 0.1 21.55
      vertex -48 0.1 0
    endloop
  endfacet
  facet normal -1 0 0
    outer loop
      vertex -48 0 0
      vertex -48 0.1 22.3
      vertex -48 0.1 21.55
    endloop
  endfacet
  facet normal -1 0 0
    outer loop
      vertex -48 0 0
      vertex -48 0 21.55
      vertex -48 0.1 60
    endloop
  endfacet
  facet normal -1 0 0
    outer loop
      vertex -48 0 0
      vertex -48 0.1 60
      vertex -48 0.1 22.3
    endloop
  endfacet
  facet normal -1 0 0
    outer loop
      vertex -48 0 21.55
      vertex -48 0 22.3
      vertex -48 0.1 60
    endloop
  endfacet
  facet normal 0 -1 0
    outer loop
      vertex -48 0 22.3
      vertex -47.9 0 22.3
      vertex -48 0 60
    endloop
  endfacet
  facet normal 1 0 0
    outer loop
      vertex -47.9 0 22.3
      vertex -47.9 0.1 22.3
      vertex -47.9 0 60
    endloop
  endfacet
  facet normal 0 1 0
    outer loop
      vertex -48 0.1 22.3
      vertex -47.9 0.1 60
      vertex -47.9 0.1 22.3
    endloop
  endfacet
  facet normal -1 0 0
    outer loop
      vertex -48 0 22.3
      vertex -48 0 60
      vertex -48 0.1 60
    endloop
  endfacet
  facet normal 0 1 0
    outer loop
      vertex -48 0.1 22.3
      vertex -48 0.1 60
      vertex -47.9 0.1 60
    endloop
  endfacet
  facet normal 0 -1 0
    outer loop
      vertex -47.9 0 22.3
      vertex -47.9 0 60
      vertex -48 0 60
    endloop
  endfacet
  facet normal 1 0 0
    outer loop
      vertex -47.9 0.1 22.3
      vertex -47.9 0.1 60
      vertex -47.9 0 60
    endloop
  endfacet
  facet normal 0 0 1
    outer loop
      vertex -48 0 60
      vertex -47.9 0 60
      vertex -48 0.1 60
    endloop
  endfacet
  facet normal 0 0 1
    outer loop
      vertex -48 0.1 60
      vertex -47.9 0 60
      vertex -47.9 0.1 60
    endloop
  endfacet
  facet normal 0 0 -1
    outer loop
      vertex -36 0 0
      vertex -35.9 0.1 0
      vertex -35.9 0 0
    endloop
  endfacet
  facet normal 0 0 -1
    outer loop
      vertex -36 0 0
      vertex -36 0.1 0
      vertex -35.9 0.1 0
    endloop
  endfacet
  facet normal 0 -1 0
    outer loop
      vertex -36 0 0
      vertex -35.9 0 0
      vertex -36 0 9.4
    endloop
  endfacet
  facet normal 1 0 0
    outer loop
      vertex -35.9 0 0
      vertex -35.9 0.1 0
      vertex -35.9 0 9.4
    endloop
  endfacet
  facet normal -1 0 0
    outer loop
      vertex -36 0 0
      vertex -36 0.1 9.4
      vertex -36 0.1 0
    endloop
  endfacet
  facet normal 0 1 0
    outer loop
      vertex -36 0.1 0
      vertex -35.9 0.1 9.4
      vertex -35.9 0.1 0
    endloop
  endfacet
  facet normal -1 0 0
    outer loop
      vertex -36 0 0
      vertex -36 0 9.4
      vertex -36 0.1 9.4
    endloop
  endfacet
  facet normal 1 0 0
    outer loop
      vertex -35.9 0.1 0
      vertex -35.9 0.1 9.4
      vertex -35.9 0 9.4
    endloop
  endfacet
  facet normal 0 1 0
    outer loop
      vertex -36 0.1 0
      vertex -36 0.1 9.4
      vertex -35.9 0.1 9.4
    endloop
  endfacet
  facet normal 0 -1 0
    outer loop
      vertex -35.9 0 0
      vertex -36 0 12.9
      vertex -36 0 9.4
    endloop
  endfacet
  facet normal 0 -1 0
    outer loop
      vertex -35.9 0 0
      vertex -35.9 0 9.4
      vertex -36 0 21.55
    endloop
  endfacet
  facet normal 0 -1 0
    outer loop
      vertex -35.9 0 0
      vertex -36 0 21.55
      vertex -36 0 12.9
    endloop
  endfacet
  facet normal 0 -1 0
    outer loop
      vertex -35.9 0 9.4
      vertex -35.9 0 12.9
      vertex -36 0 21.55
    endloop
  endfacet
  facet normal 1 0 0
    outer loop
      vertex -35.9 0 12.9
      vertex -35.9 0.1 12.9
      vertex -35.9 0 21.55
    endloop
  endfacet
  facet normal -1 0 0
    outer loop
      vertex -36 0 12.9
      vertex -36 0.1 21.55
      vertex -36 0.1 12.9
    endloop
  endfacet
  facet normal 0 1 0
    outer loop
      vertex -36 0.1 12.9
      vertex -35.9 0.1 21.55
      vertex -35.9 0.1 12.9
    endloop
  endfacet
  facet normal 0 -1 0
    outer loop
      vertex -35.9 0 12.9
      vertex -35.9 0 21.55
      vertex -36 0 21.55
    endloop
  endfacet
  facet normal -1 0 0
    outer loop
      vertex -36 0 12.9
      vertex -36 0 21.55
      vertex -36 0.1 21.55
    endloop
  endfacet
  facet normal 1 0 0
    outer loop
      vertex -35.9 0.1 12.9
      vertex -35.9 0.1 21.55
      vertex -35.9 0 21.55
    endloop
  endfacet
  facet normal 0 1 0
    outer loop
      vertex -36 0.1 12.9
      vertex -36 0.1 21.55
      vertex -35.9 0.1 21.55
    endloop
  endfacet
  facet normal 1 0 0
    outer loop
      vertex -35.9 0 22.3
      vertex -35.9 0.1 22.3
      vertex -35.9 0 60
    endloop
  endfacet
  facet normal 0 -1 0
    outer loop
      vertex -35.9 0 22.3
      vertex -36 0 60
      vertex -36 0 22.3
    endloop
  endfacet
  facet normal -1 0 0
    outer loop
      vertex -36 0 22.3
      vertex -36 0.1 60
      vertex -36 0.1 22.3
    endloop
  endfacet
  facet normal 0 1 0
    outer loop
      vertex -36 0.1 22.3
      vertex -35.9 0.1 60
      vertex -35.9 0.1 22.3
    endloop
  endfacet
  facet normal 0 -1 0
    outer loop
      vertex -35.9 0 22.3
      vertex -35.9 0 60
      vertex -36 0 60
    endloop
  endfacet
  facet normal -1 0 0
    outer loop
      vertex -36 0 22.3
      vertex -36 0 60
      vertex -36 0.1 60
    endloop
  endfacet
  facet normal 1 0 0
    outer loop
      vertex -35.9 0.1 22.3
      vertex -35.9 0.1 60
      vertex -35.9 0 60
    endloop
  endfacet
  facet normal 0 1 0
    outer loop
      vertex -36 0.1 22.3
      vertex -36 0.1 60
      vertex -35.9 0.1 60
    endloop
  endfacet
  facet normal 0 0 1
    outer loop
      vertex -36 0 60
      vertex -35.9 0 60
      vertex -36 0.1 60
    endloop
  endfacet
  facet normal 0 0 1
    outer loop
      vertex -35.9 0 60
      vertex -35.9 0.1 60
      vertex -36 0.1 60
    endloop
  endfacet
  facet normal 0 0 -1
    outer loop
      vertex -24 0 0
      vertex -24 0.1 0
      vertex -23.9 0.1 0
    endloop
  endfacet
  facet normal 0 0 -1
    outer loop
      vertex -24 0 0
      vertex -23.9 0.1 0
      vertex -23.9 0 0
    endloop
  endfacet
  facet normal 0 -1 0
    outer loop
      vertex -24 0 0
      vertex -23.9 0 0
      vertex -24 0 9.4
    endloop
  endfacet
  facet normal -1 0 0
    outer loop
      vertex -24 0 0
      vertex -24 0.1 9.4
      vertex -24 0.1 0
    endloop
  endfacet
  facet normal 1 0 0
    outer loop
      vertex -23.9 0 0
      vertex -23.9 0.1 0
      vertex -23.9 0 9.4
    endloop
  endfacet
  facet normal 0 1 0
    outer loop
      vertex -24 0.1 0
      vertex -23.9 0.1 9.4
      vertex -23.9 0.1 0
    endloop
  endfacet
  facet normal -1 0 0
    outer loop
      vertex -24 0 0
      vertex -24 0 9.4
      vertex -24 0.1 9.4
    endloop
  endfacet
  facet normal 0 1 0
    outer loop
      vertex -24 0.1 0
      vertex -24 0.1 9.4
      vertex -23.9 0.1 9.4
    endloop
  endfacet
  facet normal 1 0 0
    outer loop
      vertex -23.9 0.1 0
      vertex -23.9 0.1 9.4
      vertex -23.9 0 9.4
    endloop
  endfacet
  facet normal 0 -1 0
    outer loop
      vertex -23.9 0 0
      vertex -24 0 12.9
      vertex -24 0 9.4
    endloop
  endfacet
  facet normal 0 -1 0
    outer loop
      vertex -23.9 0 0
      vertex -23.9 0 9.4
      vertex -24 0 21.55
    endloop
  endfacet
  facet normal 0 -1 0
    outer loop
      vertex -23.9 0 0
      vertex -24 0 21.55
      vertex -24 0 12.9
    endloop
  endfacet
  facet normal 0 -1 0
    outer loop
      vertex -23.9 0 9.4
      vertex -23.9 0 12.9
      vertex -24 0 21.55
    endloop
  endfacet
  facet normal -1 0 0
    outer loop
      vertex -24 0 12.9
      vertex -24 0.1 21.55
      vertex -24 0.1 12.9
    endloop
  endfacet
  facet normal 1 0 0
    outer loop
      vertex -23.9 0 12.9
      vertex -23.9 0.1 12.9
      vertex -23.9 0 21.55
    endloop
  endfacet
  facet normal 0 1 0
    outer loop
      vertex -24 0.1 12.9
      vertex -23.9 0.1 21.55
      vertex -23.9 0.1 12.9
    endloop
  endfacet
  facet normal -1 0 0
    outer loop
      vertex -24 0 12.9
      vertex -24 0 21.55
      vertex -24 0.1 21.55
    endloop
  endfacet
  facet normal 0 1 0
    outer loop
      vertex -24 0.1 12.9
      vertex -24 0.1 21.55
      vertex -23.9 0.1 21.55
    endloop
  endfacet
  facet normal 0 -1 0
    outer loop
      vertex -23.9 0 12.9
      vertex -23.9 0 21.55
      vertex -24 0 21.55
    endloop
  endfacet
  facet normal 1 0 0
    outer loop
      vertex -23.9 0.1 12.9
      vertex -23.9 0.1 21.55
      vertex -23.9 0 21.55
    endloop
  endfacet
  facet normal 0 -1 0
    outer loop
      vertex -24 0 22.3
      vertex -23.9 0 22.3
      vertex -24 0 60
    endloop
  endfacet
  facet normal -1 0 0
    outer loop
      vertex -24 0 22.3
      vertex -24 0.1 60
      vertex -24 0.1 22.3
    endloop
  endfacet
  facet normal 1 0 0
    outer loop
      vertex -23.9 0 22.3
      vertex -23.9 0.1 22.3
      vertex -23.9 0 60
    endloop
  endfacet
  facet normal 0 1 0
    outer loop
      vertex -24 0.1 22.3
      vertex -23.9 0.1 60
      vertex -23.9 0.1 22.3
    endloop
  endfacet
  facet normal -1 0 0
    outer loop
      vertex -24 0 22.3
      vertex -24 0 60
      vertex -24 0.1 60
    endloop
  endfacet
  facet normal 0 1 0
    outer loop
      vertex -24 0.1 22.3
      vertex -24 0.1 60
      vertex -23.9 0.1 60
    endloop
  endfacet
  facet normal 0 -1 0
    outer loop
      vertex -23.9 0 22.3
      vertex -23.9 0 60
      vertex -24 0 60
    endloop
  endfacet
  facet normal 1 0 0
    outer loop
      vertex -23.9 0.1 22.3
      vertex -23.9 0.1 60
      vertex -23.9 0 60
    endloop
  endfacet
  facet normal 0 0 1
    outer loop
      vertex -24 0 60
      vertex -23.9 0 60
      vertex -24 0.1 60
    endloop
  endfacet
  facet normal 0 0 1
    outer loop
      vertex -23.9 0 60
      vertex -23.9 0.1 60
      vertex -24 0.1 60
    endloop
  endfacet
  facet normal 0 0 -1
    outer loop
      vertex -12 0 0
      vertex -11.9 0.1 0
      vertex -11.9 0 0
    endloop
  endfacet
  facet normal 0 0 -1
    outer loop
      vertex -12 0 0
      vertex -12 0.1 0
      vertex -11.9 0.1 0
    endloop
  endfacet
  facet normal 0 -1 0
    outer loop
      vertex -12 0 0
      vertex -11.9 0 0
      vertex -12 0 9.4
    endloop
  endfacet
  facet normal 1 0 0
    outer loop
      vertex -11.9 0 0
      vertex -11.9 0.1 0
      vertex -11.9 0 9.4
    endloop
  endfacet
  facet normal -1 0 0
    outer loop
      vertex -12 0 0
      vertex -12 0.1 9.4
      vertex -12 0.1 0
    endloop
  endfacet
  facet normal 0 1 0
    outer loop
      vertex -12 0.1 0
      vertex -11.9 0.1 9.4
      vertex -11.9 0.1 0
    endloop
  endfacet
  facet normal -1 0 0
    outer loop
      vertex -12 0 0
      vertex -12 0 9.4
      vertex -12 0.1 9.4
    endloop
  endfacet
  facet normal 1 0 0
    outer loop
      vertex -11.9 0.1 0
      vertex -11.9 0.1 9.4
      vertex -11.9 0 9.4
    endloop
  endfacet
  facet normal 0 1 0
    outer loop
      vertex -12 0.1 0
      vertex -12 0.1 9.4
      vertex -11.9 0.1 9.4
    endloop
  endfacet
  facet normal 0 -1 0
    outer loop
      vertex -11.9 0 0
      vertex -12 0 12.9
      vertex -12 0 9.4
    endloop
  endfacet
  facet normal 0 -1 0
    outer loop
      vertex -11.9 0 0
      vertex -11.9 0 9.4
      vertex -12 0 21.55
    endloop
  endfacet
  facet normal 0 -1 0
    outer loop
      vertex -11.9 0 0
      vertex -12 0 21.55
      vertex -12 0 12.9
    endloop
  endfacet
  facet normal 0 -1 0
    outer loop
      vertex -11.9 0 9.4
      vertex -11.9 0 12.9
      vertex -12 0 21.55
    endloop
  endfacet
  facet normal 1 0 0
    outer loop
      vertex -11.9 0 12.9
      vertex -11.9 0.1 12.9
      vertex -11.9 0 21.55
    endloop
  endfacet
  facet normal -1 0 0
    outer loop
      vertex -12 0 12.9
      vertex -12 0.1 21.55
      vertex -12 0.1 12.9
    endloop
  endfacet
  facet normal 0 1 0
    outer loop
      vertex -12 0.1 12.9
      vertex -11.9 0.1 21.55
      vertex -11.9 0.1 12.9
    endloop
  endfacet
  facet normal 0 -1 0
    outer loop
      vertex -11.9 0 12.9
      vertex -11.9 0 21.55
      vertex -12 0 21.55
    endloop
  endfacet
  facet normal -1 0 0
    outer loop
      vertex -12 0 12.9
      vertex -12 0 21.55
      vertex -12 0.1 21.55
    endloop
  endfacet
  facet normal 1 0 0
    outer loop
      vertex -11.9 0.1 12.9
      vertex -11.9 0.1 21.55
      vertex -11.9 0 21.55
    endloop
  endfacet
  facet normal 0 1 0
    outer loop
      vertex -12 0.1 12.9
      vertex -12 0.1 21.55
      vertex -11.9 0.1 21.55
    endloop
  endfacet
  facet normal 1 0 0
    outer loop
      vertex -11.9 0 22.3
      vertex -11.9 0.1 22.3
      vertex -11.9 0 60
    endloop
  endfacet
  facet normal 0 -1 0
    outer loop
      vertex -11.9 0 22.3
      vertex -12 0 60
      vertex -12 0 22.3
    endloop
  endfacet
  facet normal -1 0 0
    outer loop
      vertex -12 0 22.3
      vertex -12 0.1 60
      vertex -12 0.1 22.3
    endloop
  endfacet
  facet normal 0 1 0
    outer loop
      vertex -12 0.1 22.3
      vertex -11.9 0.1 60
      vertex -11.9 0.1 22.3
    endloop
  endfacet
  facet normal 0 -1 0
    outer loop
      vertex -11.9 0 22.3
      vertex -11.9 0 60
      vertex -12 0 60
    endloop
  endfacet
  facet normal -1 0 0
    outer loop
      vertex -12 0 22.3
      vertex -12 0 60
      vertex -12 0.1 60
    endloop
  endfacet
  facet normal 1 0 0
    outer loop
      vertex -11.9 0.1 22.3
      vertex -11.9 0.1 60
      vertex -11.9 0 60
    endloop
  endfacet
  facet normal 0 1 0
    outer loop
      vertex -12 0.1 22.3
      vertex -12 0.1 60
      vertex -11.9 0.1 60
    endloop
  endfacet
  facet normal 0 0 1
    outer loop
      vertex -12 0 60
      vertex -11.9 0 60
      vertex -12 0.1 60
    endloop
  endfacet
  facet normal 0 0 1
    outer loop
      vertex -11.9 0 60
      vertex -11.9 0.1 60
      vertex -12 0.1 60
    endloop
  endfacet
  facet normal 0 -1 0
    outer loop
      vertex 0 0 0
      vertex 0.1 0 0
      vertex 0.1 0 0.1
    endloop
  endfacet
  facet normal 0 0 -1
    outer loop
      vertex 0 0 0
      vertex 0.1 0.1 0
      vertex 0.1 0 0
    endloop
  endfacet
  facet normal 0 0 -1
    outer loop
      vertex 0 0 0
      vertex 0 0.1 0
      vertex 0.1 0.1 0
    endloop
  endfacet
  facet normal 0 1 0
    outer loop
      vertex 0 0.1 0
      vertex 0.1 0.1 0.1
      vertex 0.1 0.1 0
    endloop
  endfacet
  facet normal -1 0 0
    outer loop
      vertex 0 0 0
      vertex 0 0.1 9.4
      vertex 0 0.1 0
    endloop
  endfacet
  facet normal 0 -1 0
    outer loop
      vertex 0 0 0
      vertex 0.1 0 0.1
      vertex 0.1 0 9.4
    endloop
  endfacet
  facet normal 0 1 0
    outer loop
      vertex 0 0.1 0
      vertex 0.1 0.1 9.4
      vertex 0.1 0.1 0.1
    endloop
  endfacet
  facet normal 1 0 0
    outer loop
      vertex 0.1 0 0.1
      vertex 0.1 0.1 0.1
      vertex 0.1 0 9.4
    endloop
  endfacet
  facet normal -1 0 0
    outer loop
      vertex 0 0 0
      vertex 0 0 9.4
      vertex 0 0.1 9.4
    endloop
  endfacet
  facet normal 0 1 0
    outer loop
      vertex 0 0.1 0
      vertex 0 0.1 9.4
      vertex 0.1 0.1 9.4
    endloop
  endfacet
  facet normal 1 0 0
    outer loop
      vertex 0.1 0.1 0.1
      vertex 0.1 0.1 9.4
      vertex 0.1 0 9.4
    endloop
  endfacet
  facet normal 0 -1 0
    outer loop
      vertex 0 0 0
      vertex 0.1 0 9.4
      vertex 0.1 0 12
    endloop
  endfacet
  facet normal 0 -1 0
    outer loop
      vertex 0 0 0
      vertex 0.1 0 12.1
      vertex 0 0 9.4
    endloop
  endfacet
  facet normal 0 -1 0
    outer loop
      vertex 0 0 0
      vertex 0.1 0 12
      vertex 0.1 0 12.1
    endloop
  endfacet
  facet normal 0 -1 0
    outer loop
      vertex 0 0 9.4
      vertex 0.1 0 12.1
      vertex 0 0 12.9
    endloop
  endfacet
  facet normal -1 0 0
    outer loop
      vertex 0 0 12.9
      vertex 0 0.1 18.05
      vertex 0 0.1 12.9
    endloop
  endfacet
  facet normal 0 -1 0
    outer loop
      vertex 0.1 0 12.1
      vertex 0.1 0 12.9
      vertex 0 0 18.05
    endloop
  endfacet
  facet normal 0 -1 0
    outer loop
      vertex 0.1 0 12.1
      vertex 0 0 18.05
      vertex 0 0 12.9
    endloop
  endfacet
  facet normal 1 0 0
    outer loop
      vertex 0.1 0 12.9
      vertex 0.1 0.1 12.9
      vertex 0.1 0 18.05
    endloop
  endfacet
  facet normal 0 1 0
    outer loop
      vertex 0 0.1 12.9
      vertex 0.1 0.1 18.05
      vertex 0.1 0.1 12.9
    endloop
  endfacet
  facet normal -1 0 0
    outer loop
      vertex 0 0 12.9
      vertex 0 0 18.05
      vertex 0 0.1 18.05
    endloop
  endfacet
  facet normal 0 -1 0
    outer loop
      vertex 0.1 0 12.9
      vertex 0.1 0 18.05
      vertex 0 0 18.05
    endloop
  endfacet
  facet normal 1 0 0
    outer loop
      vertex 0.1 0.1 12.9
      vertex 0.1 0.1 18.05
      vertex 0.1 0 18.05
    endloop
  endfacet
  facet normal 0 1 0
    outer loop
      vertex 0 0.1 12.9
      vertex 0 0.1 18.05
      vertex 0.1 0.1 18.05
    endloop
  endfacet
  facet normal 1 0 0
    outer loop
      vertex 0.1 0 22.3
      vertex 0.1 0.1 22.3
      vertex 0.1 0 24
    endloop
  endfacet
  facet normal 0 1 0
    outer loop
      vertex 0 0.1 22.3
      vertex 0.1 0.1 24
      vertex 0.1 0.1 22.3
    endloop
  endfacet
  facet normal 1 0 0
    outer loop
      vertex 0.1 0.1 22.3
      vertex 0.1 0.1 24
      vertex 0.1 0 24
    endloop
  endfacet
  facet normal 1 0 0
    outer loop
      vertex 0.1 0 24.1
      vertex 0.1 0.1 24.1
      vertex 0.1 0 36
    endloop
  endfacet
  facet normal 1 0 0
    outer loop
      vertex 0.1 0.1 24.1
      vertex 0.1 0.1 36
      vertex 0.1 0 36
    endloop
  endfacet
  facet normal -1 0 0
    outer loop
      vertex 0 0 22.3
      vertex 0 0.1 60
      vertex 0 0.1 22.3
    endloop
  endfacet
  facet normal 0 -1 0
    outer loop
      vertex 0 0 22.3
      vertex 0.1 0 22.3
      vertex 0 0 60
    endloop
  endfacet
  facet normal 0 -1 0
    outer loop
      vertex 0.1 0 22.3
      vertex 0.1 0 24
      vertex 0 0 60
    endloop
  endfacet
  facet normal 0 1 0
    outer loop
      vertex 0 0.1 22.3
      vertex 0 0.1 60
      vertex 0.1 0.1 24
    endloop
  endfacet
  facet normal 0 -1 0
    outer loop
      vertex 0.1 0 24
      vertex 0.1 0 24.1
      vertex 0 0 60
    endloop
  endfacet
  facet normal 0 1 0
    outer loop
      vertex 0.1 0.1 24
      vertex 0 0.1 60
      vertex 0.1 0.1 24.1
    endloop
  endfacet
  facet normal 0 -1 0
    outer loop
      vertex 0.1 0 24.1
      vertex 0.1 0 36
      vertex 0 0 60
    endloop
  endfacet
  facet normal 0 1 0
    outer loop
      vertex 0.1 0.1 24.1
      vertex 0 0.1 60
      vertex 0.1 0.1 36
    endloop
  endfacet
  facet normal 0 -1 0
    outer loop
      vertex 0.1 0 36
      vertex 0.1 0 36.1
      vertex 0 0 60
    endloop
  endfacet
  facet normal 0 1 0
    outer loop
      vertex 0.1 0.1 36
      vertex 0 0.1 60
      vertex 0.1 0.1 36.1
    endloop
  endfacet
  facet normal 1 0 0
    outer loop
      vertex 0.1 0 36.1
      vertex 0.1 0.1 36.1
      vertex 0.1 0 60
    endloop
  endfacet
  facet normal -1 0 0
    outer loop
      vertex 0 0 22.3
      vertex 0 0 60
      vertex 0 0.1 60
    endloop
  endfacet
  facet normal 0 -1 0
    outer loop
      vertex 0.1 0 36.1
      vertex 0.1 0 60
      vertex 0 0 60
    endloop
  endfacet
  facet normal 1 0 0
    outer loop
      vertex 0.1 0.1 36.1
      vertex 0.1 0.1 60
      vertex 0.1 0 60
    endloop
  endfacet
  facet normal 0 1 0
    outer loop
      vertex 0.1 0.1 36.1
      vertex 0 0.1 60
      vertex 0.1 0.1 60
    endloop
  endfacet
  facet normal 0 0 1
    outer loop
      vertex 0 0 60
      vertex 0.1 0 60
      vertex 0 0.1 60
    endloop
  endfacet
  facet normal 0 0 1
    outer loop
      vertex 0 0.1 60
      vertex 0.1 0 60
      vertex 0.1 0.1 60
    endloop
  endfacet
  facet normal 0 -1 0
    outer loop
      vertex 12 0 0
      vertex 12.1 0 0
      vertex 12.1 0 0.1
    endloop
  endfacet
  facet normal 0 0 -1
    outer loop
      vertex 12 0 0
      vertex 12.1 0.1 0
      vertex 12.1 0 0
    endloop
  endfacet
  facet normal 0 0 -1
    outer loop
      vertex 12 0 0
      vertex 12 0.1 0
      vertex 12.1 0.1 0
    endloop
  endfacet
  facet normal 0 1 0
    outer loop
      vertex 12 0.1 0
      vertex 12 0.1 0.1
      vertex 12.1 0.1 0
    endloop
  endfacet
  facet normal 0 1 0
    outer loop
      vertex 12 0.1 0.1
      vertex 12.1 0.1 0.1
      vertex 12.1 0.1 0
    endloop
  endfacet
  facet normal 0 -1 0
    outer loop
      vertex 12 0 0
      vertex 12.1 0 0.1
      vertex 12.1 0 9.4
    endloop
  endfacet
  facet normal -1 0 0
    outer loop
      vertex 12 0 0.1
      vertex 12 0.1 9.4
      vertex 12 0.1 0.1
    endloop
  endfacet
  facet normal 0 1 0
    outer loop
      vertex 12 0.1 0.1
      vertex 12.1 0.1 9.4
      vertex 12.1 0.1 0.1
    endloop
  endfacet
  facet normal 1 0 0
    outer loop
      vertex 12.1 0 0.1
      vertex 12.1 0.1 0.1
      vertex 12.1 0 9.4
    endloop
  endfacet
  facet normal 0 -1 0
    outer loop
      vertex 12 0 0
      vertex 12.1 0 12.1
      vertex 12 0 0.1
    endloop
  endfacet
  facet normal -1 0 0
    outer loop
      vertex 12 0 0.1
      vertex 12 0 9.4
      vertex 12 0.1 9.4
    endloop
  endfacet
  facet normal 0 1 0
    outer loop
      vertex 12 0.1 0.1
      vertex 12 0.1 9.4
      vertex 12.1 0.1 9.4
    endloop
  endfacet
  facet normal 1 0 0
    outer loop
      vertex 12.1 0.1 0.1
      vertex 12.1 0.1 9.4
      vertex 12.1 0 9.4
    endloop
  endfacet
  facet normal 0 -1 0
    outer loop
      vertex 12 0 0
      vertex 12.1 0 9.4
      vertex 12.1 0 12
    endloop
  endfacet
  facet normal 0 -1 0
    outer loop
      vertex 12 0 0.1
      vertex 12.1 0 12.1
      vertex 12 0 9.4
    endloop
  endfacet
  facet normal 0 -1 0
    outer loop
      vertex 12 0 0
      vertex 12.1 0 12
      vertex 12.1 0 12.1
    endloop
  endfacet
  facet normal 0 -1 0
    outer loop
      vertex 12 0 9.4
      vertex 12.1 0 12.1
      vertex 12 0 12
    endloop
  endfacet
  facet normal 0 -1 0
    outer loop
      vertex 12 0 12
      vertex 12.1 0 12.1
      vertex 12 0 12.1
    endloop
  endfacet
  facet normal 0 -1 0
    outer loop
      vertex 12 0 12.1
      vertex 12.1 0 12.1
      vertex 12 0 12.9
    endloop
  endfacet
  facet normal 0 -1 0
    outer loop
      vertex 12.1 0 12.1
      vertex 12.1 0 12.9
      vertex 12 0 21.55
    endloop
  endfacet
  facet normal 0 -1 0
    outer loop
      vertex 12.1 0 12.1
      vertex 12 0 21.55
      vertex 12 0 12.9
    endloop
  endfacet
  facet normal -1 0 0
    outer loop
      vertex 12 0 12.9
      vertex 12 0.1 21.55
      vertex 12 0.1 12.9
    endloop
  endfacet
  facet normal 0 1 0
    outer loop
      vertex 12 0.1 12.9
      vertex 12.1 0.1 21.55
      vertex 12.1 0.1 12.9
    endloop
  endfacet
  facet normal 1 0 0
    outer loop
      vertex 12.1 0 12.9
      vertex 12.1 0.1 12.9
      vertex 12.1 0 21.55
    endloop
  endfacet
  facet normal 0 -1 0
    outer loop
      vertex 12.1 0 12.9
      vertex 12.1 0 21.55
      vertex 12 0 21.55
    endloop
  endfacet
  facet normal -1 0 0
    outer loop
      vertex 12 0 12.9
      vertex 12 0 21.55
      vertex 12 0.1 21.55
    endloop
  endfacet
  facet normal 0 1 0
    outer loop
      vertex 12 0.1 12.9
      vertex 12 0.1 21.55
      vertex 12.1 0.1 21.55
    endloop
  endfacet
  facet normal 1 0 0
    outer loop
      vertex 12.1 0.1 12.9
      vertex 12.1 0.1 21.55
      vertex 12.1 0 21.55
    endloop
  endfacet
  facet normal 0 -1 0
    outer loop
      vertex 12 0 22.3
      vertex 12.1 0 22.3
      vertex 12 0 24
    endloop
  endfacet
  facet normal -1 0 0
    outer loop
      vertex 12 0 22.3
      vertex 12 0.1 24
      vertex 12 0.1 22.3
    endloop
  endfacet
  facet normal 0 1 0
    outer loop
      vertex 12 0.1 22.3
      vertex 12.1 0.1 24
      vertex 12.1 0.1 22.3
    endloop
  endfacet
  facet normal 1 0 0
    outer loop
      vertex 12.1 0 22.3
      vertex 12.1 0.1 22.3
      vertex 12.1 0 24
    endloop
  endfacet
  facet normal 0 -1 0
    outer loop
      vertex 12.1 0 22.3
      vertex 12.1 0 24
      vertex 12 0 24
    endloop
  endfacet
  facet normal -1 0 0
    outer loop
      vertex 12 0 22.3
      vertex 12 0 24
      vertex 12 0.1 24
    endloop
  endfacet
  facet normal 0 1 0
    outer loop
      vertex 12 0.1 22.3
      vertex 12 0.1 24
      vertex 12.1 0.1 24
    endloop
  endfacet
  facet normal 1 0 0
    outer loop
      vertex 12.1 0.1 22.3
      vertex 12.1 0.1 24
      vertex 12.1 0 24
    endloop
  endfacet
  facet normal 0 -1 0
    outer loop
      vertex 12 0 24
      vertex 12.1 0 24
      vertex 12.1 0 24.1
    endloop
  endfacet
  facet normal 0 1 0
    outer loop
      vertex 12 0.1 24
      vertex 12 0.1 24.1
      vertex 12.1 0.1 24
    endloop
  endfacet
  facet normal 0 -1 0
    outer loop
      vertex 12 0 24
      vertex 12.1 0 24.1
      vertex 12.1 0 36
    endloop
  endfacet
  facet normal -1 0 0
    outer loop
      vertex 12 0 24.1
      vertex 12 0.1 36
      vertex 12 0.1 24.1
    endloop
  endfacet
  facet normal 0 1 0
    outer loop
      vertex 12 0.1 24.1
      vertex 12 0.1 36
      vertex 12.1 0.1 24
    endloop
  endfacet
  facet normal 1 0 0
    outer loop
      vertex 12.1 0 24.1
      vertex 12.1 0.1 24.1
      vertex 12.1 0 36
    endloop
  endfacet
  facet normal -1 0 0
    outer loop
      vertex 12 0 24.1
      vertex 12 0 36
      vertex 12 0.1 36
    endloop
  endfacet
  facet normal 0 -1 0
    outer loop
      vertex 12 0 24
      vertex 12.1 0 36
      vertex 12.1 0 36.1
    endloop
  endfacet
  facet normal 0 1 0
    outer loop
      vertex 12.1 0.1 24
      vertex 12 0.1 36
      vertex 12 0.1 36.1
    endloop
  endfacet
  facet normal 1 0 0
    outer loop
      vertex 12.1 0.1 24.1
      vertex 12.1 0.1 36
      vertex 12.1 0 36
    endloop
  endfacet
  facet normal 0 -1 0
    outer loop
      vertex 12 0 24
      vertex 12.1 0 60
      vertex 12 0 24.1
    endloop
  endfacet
  facet normal 0 1 0
    outer loop
      vertex 12.1 0.1 24
      vertex 12 0.1 60
      vertex 12.1 0.1 24.1
    endloop
  endfacet
  facet normal 0 -1 0
    outer loop
      vertex 12 0 24
      vertex 12.1 0 36.1
      vertex 12.1 0 60
    endloop
  endfacet
  facet normal 0 -1 0
    outer loop
      vertex 12 0 24.1
      vertex 12.1 0 60
      vertex 12 0 36
    endloop
  endfacet
  facet normal 0 1 0
    outer loop
      vertex 12.1 0.1 24
      vertex 12 0.1 36.1
      vertex 12 0.1 60
    endloop
  endfacet
  facet normal 0 1 0
    outer loop
      vertex 12.1 0.1 24.1
      vertex 12 0.1 60
      vertex 12.1 0.1 36
    endloop
  endfacet
  facet normal 0 -1 0
    outer loop
      vertex 12 0 36
      vertex 12.1 0 60
      vertex 12 0 36.1
    endloop
  endfacet
  facet normal 0 1 0
    outer loop
      vertex 12.1 0.1 36
      vertex 12 0.1 60
      vertex 12.1 0.1 36.1
    endloop
  endfacet
  facet normal -1 0 0
    outer loop
      vertex 12 0 36.1
      vertex 12 0.1 60
      vertex 12 0.1 36.1
    endloop
  endfacet
  facet normal 1 0 0
    outer loop
      vertex 12.1 0 36.1
      vertex 12.1 0.1 36.1
      vertex 12.1 0 60
    endloop
  endfacet
  facet normal 0 -1 0
    outer loop
      vertex 12 0 36.1
      vertex 12.1 0 60
      vertex 12 0 60
    endloop
  endfacet
  facet normal -1 0 0
    outer loop
      vertex 12 0 36.1
      vertex 12 0 60
      vertex 12 0.1 60
    endloop
  endfacet
  facet normal 0 1 0
    outer loop
      vertex 12.1 0.1 36.1
      vertex 12 0.1 60
      vertex 12.1 0.1 60
    endloop
  endfacet
  facet normal 1 0 0
    outer loop
      vertex 12.1 0.1 36.1
      vertex 12.1 0.1 60
      vertex 12.1 0 60
    endloop
  endfacet
  facet normal 0 0 1
    outer loop
      vertex 12 0 60
      vertex 12.1 0 60
      vertex 12 0.1 60
    endloop
  endfacet
  facet normal 0 0 1
    outer loop
      vertex 12.1 0 60
      vertex 12.1 0.1 60
      vertex 12 0.1 60
    endloop
  endfacet
  facet normal 0 -1 0
    outer loop
      vertex 24 0 0
      vertex 24.1 0 0
      vertex 24.1 0 0.1
    endloop
  endfacet
  facet normal 0 0 -1
    outer loop
      vertex 24 0 0
      vertex 24.1 0.1 0
      vertex 24.1 0 0
    endloop
  endfacet
  facet normal 0 0 -1
    outer loop
      vertex 24 0 0
      vertex 24 0.1 0
      vertex 24.1 0.1 0
    endloop
  endfacet
  facet normal 0 1 0
    outer loop
      vertex 24 0.1 0
      vertex 24 0.1 0.1
      vertex 24.1 0.1 0
    endloop
  endfacet
  facet normal 0 1 0
    outer loop
      vertex 24 0.1 0.1
      vertex 24.1 0.1 0.1
      vertex 24.1 0.1 0
    endloop
  endfacet
  facet normal 0 -1 0
    outer loop
      vertex 24 0 0
      vertex 24.1 0 0.1
      vertex 24.1 0 9.4
    endloop
  endfacet
  facet normal -1 0 0
    outer loop
      vertex 24 0 0.1
      vertex 24 0.1 9.4
      vertex 24 0.1 0.1
    endloop
  endfacet
  facet normal 1 0 0
    outer loop
      vertex 24.1 0 0.1
      vertex 24.1 0.1 0.1
      vertex 24.1 0 9.4
    endloop
  endfacet
  facet normal 0 1 0
    outer loop
      vertex 24 0.1 0.1
      vertex 24.1 0.1 9.4
      vertex 24.1 0.1 0.1
    endloop
  endfacet
  facet normal 0 -1 0
    outer loop
      vertex 24 0 0
      vertex 24.1 0 12.1
      vertex 24 0 0.1
    endloop
  endfacet
  facet normal -1 0 0
    outer loop
      vertex 24 0 0.1
      vertex 24 0 9.4
      vertex 24 0.1 9.4
    endloop
  endfacet
  facet normal 1 0 0
    outer loop
      vertex 24.1 0.1 0.1
      vertex 24.1 0.1 9.4
      vertex 24.1 0 9.4
    endloop
  endfacet
  facet normal 0 1 0
    outer loop
      vertex 24 0.1 0.1
      vertex 24 0.1 9.4
      vertex 24.1 0.1 9.4
    endloop
  endfacet
  facet normal 0 -1 0
    outer loop
      vertex 24 0 0
      vertex 24.1 0 9.4
      vertex 24.1 0 12
    endloop
  endfacet
  facet normal 0 -1 0
    outer loop
      vertex 24 0 0.1
      vertex 24.1 0 12.1
      vertex 24 0 9.4
    endloop
  endfacet
  facet normal 0 -1 0
    outer loop
      vertex 24 0 0
      vertex 24.1 0 12
      vertex 24.1 0 12.1
    endloop
  endfacet
  facet normal 0 -1 0
    outer loop
      vertex 24 0 9.4
      vertex 24.1 0 12.1
      vertex 24 0 12
    endloop
  endfacet
  facet normal 0 -1 0
    outer loop
      vertex 24 0 12
      vertex 24.1 0 12.1
      vertex 24 0 12.1
    endloop
  endfacet
  facet normal 0 -1 0
    outer loop
      vertex 24 0 12.1
      vertex 24.1 0 12.1
      vertex 24 0 12.9
    endloop
  endfacet
  facet normal 0 -1 0
    outer loop
      vertex 24.1 0 12.1
      vertex 24.1 0 12.9
      vertex 24 0 21.55
    endloop
  endfacet
  facet normal 0 -1 0
    outer loop
      vertex 24.1 0 12.1
      vertex 24 0 21.55
      vertex 24 0 12.9
    endloop
  endfacet
  facet normal -1 0 0
    outer loop
      vertex 24 0 12.9
      vertex 24 0.1 21.55
      vertex 24 0.1 12.9
    endloop
  endfacet
  facet normal 1 0 0
    outer loop
      vertex 24.1 0 12.9
      vertex 24.1 0.1 12.9
      vertex 24.1 0 21.55
    endloop
  endfacet
  facet normal 0 1 0
    outer loop
      vertex 24 0.1 12.9
      vertex 24.1 0.1 21.55
      vertex 24.1 0.1 12.9
    endloop
  endfacet
  facet normal -1 0 0
    outer loop
      vertex 24 0 12.9
      vertex 24 0 21.55
      vertex 24 0.1 21.55
    endloop
  endfacet
  facet normal 0 -1 0
    outer loop
      vertex 24.1 0 12.9
      vertex 24.1 0 21.55
      vertex 24 0 21.55
    endloop
  endfacet
  facet normal 1 0 0
    outer loop
      vertex 24.1 0.1 12.9
      vertex 24.1 0.1 21.55
      vertex 24.1 0 21.55
    endloop
  endfacet
  facet normal 0 1 0
    outer loop
      vertex 24 0.1 12.9
      vertex 24 0.1 21.55
      vertex 24.1 0.1 21.55
    endloop
  endfacet
  facet normal -1 0 0
    outer loop
      vertex 24 0 22.3
      vertex 24 0.1 24
      vertex 24 0.1 22.3
    endloop
  endfacet
  facet normal 1 0 0
    outer loop
      vertex 24.1 0 22.3
      vertex 24.1 0.1 22.3
      vertex 24.1 0 24
    endloop
  endfacet
  facet normal 0 -1 0
    outer loop
      vertex 24 0 22.3
      vertex 24.1 0 22.3
      vertex 24 0 24
    endloop
  endfacet
  facet normal 0 1 0
    outer loop
      vertex 24 0.1 22.3
      vertex 24.1 0.1 24
      vertex 24.1 0.1 22.3
    endloop
  endfacet
  facet normal -1 0 0
    outer loop
      vertex 24 0 22.3
      vertex 24 0 24
      vertex 24 0.1 24
    endloop
  endfacet
  facet normal 0 -1 0
    outer loop
      vertex 24.1 0 22.3
      vertex 24.1 0 24
      vertex 24 0 24
    endloop
  endfacet
  facet normal 1 0 0
    outer loop
      vertex 24.1 0.1 22.3
      vertex 24.1 0.1 24
      vertex 24.1 0 24
    endloop
  endfacet
  facet normal 0 1 0
    outer loop
      vertex 24 0.1 22.3
      vertex 24 0.1 24
      vertex 24.1 0.1 24
    endloop
  endfacet
  facet normal 0 -1 0
    outer loop
      vertex 24 0 24
      vertex 24.1 0 24
      vertex 24.1 0 24.1
    endloop
  endfacet
  facet normal 0 1 0
    outer loop
      vertex 24 0.1 24
      vertex 24 0.1 24.1
      vertex 24.1 0.1 24
    endloop
  endfacet
  facet normal -1 0 0
    outer loop
      vertex 24 0 24.1
      vertex 24 0.1 36
      vertex 24 0.1 24.1
    endloop
  endfacet
  facet normal 0 -1 0
    outer loop
      vertex 24 0 24
      vertex 24.1 0 24.1
      vertex 24.1 0 36
    endloop
  endfacet
  facet normal 1 0 0
    outer loop
      vertex 24.1 0 24.1
      vertex 24.1 0.1 24.1
      vertex 24.1 0 36
    endloop
  endfacet
  facet normal 0 1 0
    outer loop
      vertex 24 0.1 24.1
      vertex 24 0.1 36
      vertex 24.1 0.1 24
    endloop
  endfacet
  facet normal -1 0 0
    outer loop
      vertex 24 0 24.1
      vertex 24 0 36
      vertex 24 0.1 36
    endloop
  endfacet
  facet normal 0 -1 0
    outer loop
      vertex 24 0 24
      vertex 24.1 0 36
      vertex 24.1 0 36.1
    endloop
  endfacet
  facet normal 1 0 0
    outer loop
      vertex 24.1 0.1 24.1
      vertex 24.1 0.1 36
      vertex 24.1 0 36
    endloop
  endfacet
  facet normal 0 1 0
    outer loop
      vertex 24.1 0.1 24
      vertex 24 0.1 36
      vertex 24 0.1 36.1
    endloop
  endfacet
  facet normal 0 -1 0
    outer loop
      vertex 24 0 24
      vertex 24.1 0 60
      vertex 24 0 24.1
    endloop
  endfacet
  facet normal 0 1 0
    outer loop
      vertex 24.1 0.1 24
      vertex 24 0.1 60
      vertex 24.1 0.1 24.1
    endloop
  endfacet
  facet normal 0 -1 0
    outer loop
      vertex 24 0 24
      vertex 24.1 0 36.1
      vertex 24.1 0 60
    endloop
  endfacet
  facet normal 0 -1 0
    outer loop
      vertex 24 0 24.1
      vertex 24.1 0 60
      vertex 24 0 36
    endloop
  endfacet
  facet normal 0 1 0
    outer loop
      vertex 24.1 0.1 24
      vertex 24 0.1 36.1
      vertex 24 0.1 60
    endloop
  endfacet
  facet normal 0 1 0
    outer loop
      vertex 24.1 0.1 24.1
      vertex 24 0.1 60
      vertex 24.1 0.1 36
    endloop
  endfacet
  facet normal 0 -1 0
    outer loop
      vertex 24 0 36
      vertex 24.1 0 60
      vertex 24 0 36.1
    endloop
  endfacet
  facet normal 0 1 0
    outer loop
      vertex 24.1 0.1 36
      vertex 24 0.1 60
      vertex 24.1 0.1 36.1
    endloop
  endfacet
  facet normal -1 0 0
    outer loop
      vertex 24 0 36.1
      vertex 24 0.1 60
      vertex 24 0.1 36.1
    endloop
  endfacet
  facet normal 1 0 0
    outer loop
      vertex 24.1 0 36.1
      vertex 24.1 0.1 36.1
      vertex 24.1 0 60
    endloop
  endfacet
  facet normal -1 0 0
    outer loop
      vertex 24 0 36.1
      vertex 24 0 60
      vertex 24 0.1 60
    endloop
  endfacet
  facet normal 0 -1 0
    outer loop
      vertex 24 0 36.1
      vertex 24.1 0 60
      vertex 24 0 60
    endloop
  endfacet
  facet normal 1 0 0
    outer loop
      vertex 24.1 0.1 36.1
      vertex 24.1 0.1 60
      vertex 24.1 0 60
    endloop
  endfacet
  facet normal 0 1 0
    outer loop
      vertex 24.1 0.1 36.1
      vertex 24 0.1 60
      vertex 24.1 0.1 60
    endloop
  endfacet
  facet normal 0 0 1
    outer loop
      vertex 24 0 60
      vertex 24.1 0 60
      vertex 24 0.1 60
    endloop
  endfacet
  facet normal 0 0 1
    outer loop
      vertex 24.1 0 60
      vertex 24.1 0.1 60
      vertex 24 0.1 60
    endloop
  endfacet
  facet normal 0 -1 0
    outer loop
      vertex 36 0 0
      vertex 36.1 0 0
      vertex 36.1 0 0.1
    endloop
  endfacet
  facet normal 0 0 -1
    outer loop
      vertex 36 0 0
      vertex 36.1 0.1 0
      vertex 36.1 0 0
    endloop
  endfacet
  facet normal 0 0 -1
    outer loop
      vertex 36 0 0
      vertex 36 0.1 0
      vertex 36.1 0.1 0
    endloop
  endfacet
  facet normal 0 1 0
    outer loop
      vertex 36 0.1 0
      vertex 36 0.1 0.1
      vertex 36.1 0.1 0
    endloop
  endfacet
  facet normal 0 1 0
    outer loop
      vertex 36 0.1 0.1
      vertex 36.1 0.1 0.1
      vertex 36.1 0.1 0
    endloop
  endfacet
  facet normal 0 -1 0
    outer loop
      vertex 36 0 0
      vertex 36.1 0 0.1
      vertex 36.1 0 9.4
    endloop
  endfacet
  facet normal -1 0 0
    outer loop
      vertex 36 0 0.1
      vertex 36 0.1 9.4
      vertex 36 0.1 0.1
    endloop
  endfacet
  facet normal 0 1 0
    outer loop
      vertex 36 0.1 0.1
      vertex 36.1 0.1 9.4
      vertex 36.1 0.1 0.1
    endloop
  endfacet
  facet normal 1 0 0
    outer loop
      vertex 36.1 0 0.1
      vertex 36.1 0.1 0.1
      vertex 36.1 0 9.4
    endloop
  endfacet
  facet normal 0 -1 0
    outer loop
      vertex 36 0 0
      vertex 36.1 0 12.1
      vertex 36 0 0.1
    endloop
  endfacet
  facet normal -1 0 0
    outer loop
      vertex 36 0 0.1
      vertex 36 0 9.4
      vertex 36 0.1 9.4
    endloop
  endfacet
  facet normal 0 1 0
    outer loop
      vertex 36 0.1 0.1
      vertex 36 0.1 9.4
      vertex 36.1 0.1 9.4
    endloop
  endfacet
  facet normal 1 0 0
    outer loop
      vertex 36.1 0.1 0.1
      vertex 36.1 0.1 9.4
      vertex 36.1 0 9.4
    endloop
  endfacet
  facet normal 0 -1 0
    outer loop
      vertex 36 0 0
      vertex 36.1 0 9.4
      vertex 36.1 0 12
    endloop
  endfacet
  facet normal 0 -1 0
    outer loop
      vertex 36 0 0.1
      vertex 36.1 0 12.1
      vertex 36 0 9.4
    endloop
  endfacet
  facet normal 0 -1 0
    outer loop
      vertex 36 0 0
      vertex 36.1 0 12
      vertex 36.1 0 12.1
    endloop
  endfacet
  facet normal 0 -1 0
    outer loop
      vertex 36 0 9.4
      vertex 36.1 0 12.1
      vertex 36 0 12
    endloop
  endfacet
  facet normal 0 -1 0
    outer loop
      vertex 36 0 12
      vertex 36.1 0 12.1
      vertex 36 0 12.1
    endloop
  endfacet
  facet normal 0 -1 0
    outer loop
      vertex 36 0 12.1
      vertex 36.1 0 12.1
      vertex 36 0 12.9
    endloop
  endfacet
  facet normal 0 -1 0
    outer loop
      vertex 36.1 0 12.1
      vertex 36.1 0 12.9
      vertex 36 0 21.55
    endloop
  endfacet
  facet normal 0 -1 0
    outer loop
      vertex 36.1 0 12.1
      vertex 36 0 21.55
      vertex 36 0 12.9
    endloop
  endfacet
  facet normal -1 0 0
    outer loop
      vertex 36 0 12.9
      vertex 36 0.1 21.55
      vertex 36 0.1 12.9
    endloop
  endfacet
  facet normal 0 1 0
    outer loop
      vertex 36 0.1 12.9
      vertex 36.1 0.1 21.55
      vertex 36.1 0.1 12.9
    endloop
  endfacet
  facet normal 1 0 0
    outer loop
      vertex 36.1 0 12.9
      vertex 36.1 0.1 12.9
      vertex 36.1 0 21.55
    endloop
  endfacet
  facet normal 0 -1 0
    outer loop
      vertex 36.1 0 12.9
      vertex 36.1 0 21.55
      vertex 36 0 21.55
    endloop
  endfacet
  facet normal -1 0 0
    outer loop
      vertex 36 0 12.9
      vertex 36 0 21.55
      vertex 36 0.1 21.55
    endloop
  endfacet
  facet normal 0 1 0
    outer loop
      vertex 36 0.1 12.9
      vertex 36 0.1 21.55
      vertex 36.1 0.1 21.55
    endloop
  endfacet
  facet normal 1 0 0
    outer loop
      vertex 36.1 0.1 12.9
      vertex 36.1 0.1 21.55
      vertex 36.1 0 21.55
    endloop
  endfacet
  facet normal 0 -1 0
    outer loop
      vertex 36 0 22.3
      vertex 36.1 0 22.3
      vertex 36 0 24
    endloop
  endfacet
  facet normal -1 0 0
    outer loop
      vertex 36 0 22.3
      vertex 36 0.1 24
      vertex 36 0.1 22.3
    endloop
  endfacet
  facet normal 0 1 0
    outer loop
      vertex 36 0.1 22.3
      vertex 36.1 0.1 24
      vertex 36.1 0.1 22.3
    endloop
  endfacet
  facet normal 1 0 0
    outer loop
      vertex 36.1 0 22.3
      vertex 36.1 0.1 22.3
      vertex 36.1 0 24
    endloop
  endfacet
  facet normal 0 -1 0
    outer loop
      vertex 36.1 0 22.3
      vertex 36.1 0 24
      vertex 36 0 24
    endloop
  endfacet
  facet normal -1 0 0
    outer loop
      vertex 36 0 22.3
      vertex 36 0 24
      vertex 36 0.1 24
    endloop
  endfacet
  facet normal 0 1 0
    outer loop
      vertex 36 0.1 22.3
      vertex 36 0.1 24
      vertex 36.1 0.1 24
    endloop
  endfacet
  facet normal 1 0 0
    outer loop
      vertex 36.1 0.1 22.3
      vertex 36.1 0.1 24
      vertex 36.1 0 24
    endloop
  endfacet
  facet normal 0 -1 0
    outer loop
      vertex 36 0 24
      vertex 36.1 0 24
      vertex 36.1 0 24.1
    endloop
  endfacet
  facet normal 0 1 0
    outer loop
      vertex 36 0.1 24
      vertex 36 0.1 24.1
      vertex 36.1 0.1 24
    endloop
  endfacet
  facet normal 0 -1 0
    outer loop
      vertex 36 0 24
      vertex 36.1 0 24.1
      vertex 36.1 0 36
    endloop
  endfacet
  facet normal -1 0 0
    outer loop
      vertex 36 0 24.1
      vertex 36 0.1 36
      vertex 36 0.1 24.1
    endloop
  endfacet
  facet normal 0 1 0
    outer loop
      vertex 36 0.1 24.1
      vertex 36 0.1 36
      vertex 36.1 0.1 24
    endloop
  endfacet
  facet normal 1 0 0
    outer loop
      vertex 36.1 0 24.1
      vertex 36.1 0.1 24.1
      vertex 36.1 0 36
    endloop
  endfacet
  facet normal 0 -1 0
    outer loop
      vertex 36 0 24
      vertex 36.1 0 36
      vertex 36.1 0 36.1
    endloop
  endfacet
  facet normal -1 0 0
    outer loop
      vertex 36 0 24.1
      vertex 36 0 36
      vertex 36 0.1 36
    endloop
  endfacet
  facet normal 0 1 0
    outer loop
      vertex 36.1 0.1 24
      vertex 36 0.1 36
      vertex 36 0.1 36.1
    endloop
  endfacet
  facet normal 1 0 0
    outer loop
      vertex 36.1 0.1 24.1
      vertex 36.1 0.1 36
      vertex 36.1 0 36
    endloop
  endfacet
  facet normal 0 -1 0
    outer loop
      vertex 36 0 24
      vertex 36.1 0 60
      vertex 36 0 24.1
    endloop
  endfacet
  facet normal 0 1 0
    outer loop
      vertex 36.1 0.1 24
      vertex 36 0.1 60
      vertex 36.1 0.1 24.1
    endloop
  endfacet
  facet normal 0 -1 0
    outer loop
      vertex 36 0 24
      vertex 36.1 0 36.1
      vertex 36.1 0 60
    endloop
  endfacet
  facet normal 0 -1 0
    outer loop
      vertex 36 0 24.1
      vertex 36.1 0 60
      vertex 36 0 36
    endloop
  endfacet
  facet normal 0 1 0
    outer loop
      vertex 36.1 0.1 24
      vertex 36 0.1 36.1
      vertex 36 0.1 60
    endloop
  endfacet
  facet normal 0 1 0
    outer loop
      vertex 36.1 0.1 24.1
      vertex 36 0.1 60
      vertex 36.1 0.1 36
    endloop
  endfacet
  facet normal 0 -1 0
    outer loop
      vertex 36 0 36
      vertex 36.1 0 60
      vertex 36 0 36.1
    endloop
  endfacet
  facet normal 0 1 0
    outer loop
      vertex 36.1 0.1 36
      vertex 36 0.1 60
      vertex 36.1 0.1 36.1
    endloop
  endfacet
  facet normal -1 0 0
    outer loop
      vertex 36 0 36.1
      vertex 36 0.1 60
      vertex 36 0.1 36.1
    endloop
  endfacet
  facet normal 1 0 0
    outer loop
      vertex 36.1 0 36.1
      vertex 36.1 0.1 36.1
      vertex 36.1 0 60
    endloop
  endfacet
  facet normal 0 -1 0
    outer loop
      vertex 36 0 36.1
      vertex 36.1 0 60
      vertex 36 0 60
    endloop
  endfacet
  facet normal -1 0 0
    outer loop
      vertex 36 0 36.1
      vertex 36 0 60
      vertex 36 0.1 60
    endloop
  endfacet
  facet normal 0 1 0
    outer loop
      vertex 36.1 0.1 36.1
      vertex 36 0.1 60
      vertex 36.1 0.1 60
    endloop
  endfacet
  facet normal 1 0 0
    outer loop
      vertex 36.1 0.1 36.1
      vertex 36.1 0.1 60
      vertex 36.1 0 60
    endloop
  endfacet
  facet normal 0 0 1
    outer loop
      vertex 36 0 60
      vertex 36.1 0 60
      vertex 36 0.1 60
    endloop
  endfacet
  facet normal 0 0 1
    outer loop
      vertex 36 0.1 60
      vertex 36.1 0 60
      vertex 36.1 0.1 60
    endloop
  endfacet
  facet normal 0 -1 0
    outer loop
      vertex 48 0 0
      vertex 48.1 0 0
      vertex 48.1 0 0.1
    endloop
  endfacet
  facet normal 0 0 -1
    outer loop
      vertex 48 0 0
      vertex 48.1 0.1 0
      vertex 48.1 0 0
    endloop
  endfacet
  facet normal 0 0 -1
    outer loop
      vertex 48 0 0
      vertex 48 0.1 0
      vertex 48.1 0.1 0
    endloop
  endfacet
  facet normal 0 -1 0
    outer loop
      vertex 48 0 0
      vertex 48.1 0 0.1
      vertex 48.1 0 12
    endloop
  endfacet
  facet normal 1 0 0
    outer loop
      vertex 48.1 0 0.1
      vertex 48.1 0.1 0.1
      vertex 48.1 0 12
    endloop
  endfacet
  facet normal 0 1 0
    outer loop
      vertex 48 0.1 0
      vertex 48 0.1 21.55
      vertex 48.1 0.1 0
    endloop
  endfacet
  facet normal 0 -1 0
    outer loop
      vertex 48 0 0
      vertex 48.1 0 12
      vertex 48.1 0 12.1
    endloop
  endfacet
  facet normal 1 0 0
    outer loop
      vertex 48.1 0.1 0.1
      vertex 48.1 0.1 12
      vertex 48.1 0 12
    endloop
  endfacet
  facet normal 0 -1 0
    outer loop
      vertex 48 0 0
      vertex 48.1 0 12.1
      vertex 48.1 0 24
    endloop
  endfacet
  facet normal 0 1 0
    outer loop
      vertex 48.1 0.1 0
      vertex 48 0.1 21.55
      vertex 48 0.1 22.3
    endloop
  endfacet
  facet normal 0 1 0
    outer loop
      vertex 48.1 0.1 0
      vertex 48 0.1 22.3
      vertex 48 0.1 24
    endloop
  endfacet
  facet normal 0 -1 0
    outer loop
      vertex 48 0 0
      vertex 48.1 0 24
      vertex 48.1 0 24.1
    endloop
  endfacet
  facet normal 1 0 0
    outer loop
      vertex 48.1 0 12.1
      vertex 48.1 0.1 12.1
      vertex 48.1 0 24
    endloop
  endfacet
  facet normal 0 1 0
    outer loop
      vertex 48.1 0.1 0
      vertex 48 0.1 24
      vertex 48 0.1 24.1
    endloop
  endfacet
  facet normal 0 -1 0
    outer loop
      vertex 48 0 0
      vertex 48.1 0 24.1
      vertex 48.1 0 36
    endloop
  endfacet
  facet normal 1 0 0
    outer loop
      vertex 48.1 0.1 12.1
      vertex 48.1 0.1 24
      vertex 48.1 0 24
    endloop
  endfacet
  facet normal 0 1 0
    outer loop
      vertex 48.1 0.1 0
      vertex 48 0.1 24.1
      vertex 48 0.1 36
    endloop
  endfacet
  facet normal 0 1 0
    outer loop
      vertex 48.1 0.1 0
      vertex 48 0.1 60
      vertex 48.1 0.1 0.1
    endloop
  endfacet
  facet normal -1 0 0
    outer loop
      vertex 48 0 22.3
      vertex 48 0.1 24
      vertex 48 0.1 22.3
    endloop
  endfacet
  facet normal -1 0 0
    outer loop
      vertex 48 0 22.3
      vertex 48 0 24
      vertex 48 0.1 24
    endloop
  endfacet
  facet normal 0 -1 0
    outer loop
      vertex 48 0 0
      vertex 48.1 0 36
      vertex 48.1 0 36.1
    endloop
  endfacet
  facet normal 0 1 0
    outer loop
      vertex 48.1 0.1 0
      vertex 48 0.1 36
      vertex 48 0.1 36.1
    endloop
  endfacet
  facet normal 0 1 0
    outer loop
      vertex 48.1 0.1 0.1
      vertex 48 0.1 60
      vertex 48.1 0.1 12
    endloop
  endfacet
  facet normal 0 -1 0
    outer loop
      vertex 48 0 0
      vertex 48.1 0 60
      vertex 48 0 21.55
    endloop
  endfacet
  facet normal -1 0 0
    outer loop
      vertex 48 0 24.1
      vertex 48 0.1 36
      vertex 48 0.1 24.1
    endloop
  endfacet
  facet normal 1 0 0
    outer loop
      vertex 48.1 0 24.1
      vertex 48.1 0.1 24.1
      vertex 48.1 0 36
    endloop
  endfacet
  facet normal 0 1 0
    outer loop
      vertex 48.1 0.1 12
      vertex 48 0.1 60
      vertex 48.1 0.1 12.1
    endloop
  endfacet
  facet normal -1 0 0
    outer loop
      vertex 48 0 24.1
      vertex 48 0 36
      vertex 48 0.1 36
    endloop
  endfacet
  facet normal 0 -1 0
    outer loop
      vertex 48 0 0
      vertex 48.1 0 36.1
      vertex 48.1 0 60
    endloop
  endfacet
  facet normal 1 0 0
    outer loop
      vertex 48.1 0.1 24.1
      vertex 48.1 0.1 36
      vertex 48.1 0 36
    endloop
  endfacet
  facet normal 0 1 0
    outer loop
      vertex 48.1 0.1 0
      vertex 48 0.1 36.1
      vertex 48 0.1 60
    endloop
  endfacet
  facet normal 0 1 0
    outer loop
      vertex 48.1 0.1 12.1
      vertex 48 0.1 60
      vertex 48.1 0.1 24
    endloop
  endfacet
  facet normal 0 -1 0
    outer loop
      vertex 48 0 21.55
      vertex 48.1 0 60
      vertex 48 0 22.3
    endloop
  endfacet
  facet normal 0 -1 0
    outer loop
      vertex 48 0 22.3
      vertex 48.1 0 60
      vertex 48 0 24
    endloop
  endfacet
  facet normal 0 -1 0
    outer loop
      vertex 48 0 24
      vertex 48.1 0 60
      vertex 48 0 24.1
    endloop
  endfacet
  facet normal 0 1 0
    outer loop
      vertex 48.1 0.1 24
      vertex 48 0.1 60
      vertex 48.1 0.1 24.1
    endloop
  endfacet
  facet normal 0 -1 0
    outer loop
      vertex 48 0 24.1
      vertex 48.1 0 60
      vertex 48 0 36
    endloop
  endfacet
  facet normal 0 1 0
    outer loop
      vertex 48.1 0.1 24.1
      vertex 48 0.1 60
      vertex 48.1 0.1 36
    endloop
  endfacet
  facet normal -1 0 0
    outer loop
      vertex 48 0 36.1
      vertex 48 0.1 60
      vertex 48 0.1 36.1
    endloop
  endfacet
  facet normal 0 -1 0
    outer loop
      vertex 48 0 36
      vertex 48.1 0 60
      vertex 48 0 36.1
    endloop
  endfacet
  facet normal 0 1 0
    outer loop
      vertex 48.1 0.1 36
      vertex 48 0.1 60
      vertex 48.1 0.1 36.1
    endloop
  endfacet
  facet normal 1 0 0
    outer loop
      vertex 48.1 0 36.1
      vertex 48.1 0.1 36.1
      vertex 48.1 0 60
    endloop
  endfacet
  facet normal -1 0 0
    outer loop
      vertex 48 0 36.1
      vertex 48 0 60
      vertex 48 0.1 60
    endloop
  endfacet
  facet normal 0 -1 0
    outer loop
      vertex 48 0 36.1
      vertex 48.1 0 60
      vertex 48 0 60
    endloop
  endfacet
  facet normal 1 0 0
    outer loop
      vertex 48.1 0.1 36.1
      vertex 48.1 0.1 60
      vertex 48.1 0 60
    endloop
  endfacet
  facet normal 0 1 0
    outer loop
      vertex 48.1 0.1 36.1
      vertex 48 0.1 60
      vertex 48.1 0.1 60
    endloop
  endfacet
  facet normal 0 0 1
    outer loop
      vertex 48 0 60
      vertex 48.1 0 60
      vertex 48 0.1 60
    endloop
  endfacet
  facet normal 0 0 1
    outer loop
      vertex 48 0.1 60
      vertex 48.1 0 60
      vertex 48.1 0.1 60
    endloop
  endfacet
  facet normal -1 0 0
    outer loop
      vertex 0 0 -36
      vertex 0 0 -35.9
      vertex 0 0.1 -35.9
    endloop
  endfacet
  facet normal -1 0 0
    outer loop
      vertex 0 0 -36
      vertex 0 0.1 -35.9
      vertex 0 0.1 -36
    endloop
  endfacet
  facet normal 0 -1 0
    outer loop
      vertex 0 0 -36
      vertex 96 0 -35.9
      vertex 0 0 -35.9
    endloop
  endfacet
  facet normal 0 0 1
    outer loop
      vertex 0 0 -35.9
      vertex 96 0 -35.9
      vertex 0 0.1 -35.9
    endloop
  endfacet
  facet normal 0 0 -1
    outer loop
      vertex 0 0 -36
      vertex 0 0.1 -36
      vertex 96 0.1 -36
    endloop
  endfacet
  facet normal 0 1 0
    outer loop
      vertex 0 0.1 -36
      vertex 0 0.1 -35.9
      vertex 96 0.1 -36
    endloop
  endfacet
  facet normal 0 -1 0
    outer loop
      vertex 0 0 -36
      vertex 96 0 -36
      vertex 96 0 -35.9
    endloop
  endfacet
  facet normal 0 0 -1
    outer loop
      vertex 0 0 -36
      vertex 96 0.1 -36
      vertex 96 0 -36
    endloop
  endfacet
  facet normal 0 1 0
    outer loop
      vertex 0 0.1 -35.9
      vertex 96 0.1 -35.9
      vertex 96 0.1 -36
    endloop
  endfacet
  facet normal 0 0 1
    outer loop
      vertex 0 0.1 -35.9
      vertex 96 0 -35.9
      vertex 96 0.1 -35.9
    endloop
  endfacet
  facet normal 1 0 0
    outer loop
      vertex 96 0 -36
      vertex 96 0.1 -36
      vertex 96 0 -35.9
    endloop
  endfacet
  facet normal 1 0 0
    outer loop
      vertex 96 0 -35.9
      vertex 96 0.1 -36
      vertex 96 0.1 -35.9
    endloop
  endfacet
  facet normal -1 0 0
    outer loop
      vertex 0 0 -24
      vertex 0 0 -23.9
      vertex 0 0.1 -23.9
    endloop
  endfacet
  facet normal -1 0 0
    outer loop
      vertex 0 0 -24
      vertex 0 0.1 -23.9
      vertex 0 0.1 -24
    endloop
  endfacet
  facet normal 0 -1 0
    outer loop
      vertex 0 0 -24
      vertex 96 0 -23.9
      vertex 0 0 -23.9
    endloop
  endfacet
  facet normal 0 0 1
    outer loop
      vertex 0 0 -23.9
      vertex 96 0 -23.9
      vertex 0 0.1 -23.9
    endloop
  endfacet
  facet normal 0 0 -1
    outer loop
      vertex 0 0 -24
      vertex 0 0.1 -24
      vertex 96 0.1 -24
    endloop
  endfacet
  facet normal 0 1 0
    outer loop
      vertex 0 0.1 -24
      vertex 0 0.1 -23.9
      vertex 96 0.1 -24
    endloop
  endfacet
  facet normal 0 -1 0
    outer loop
      vertex 0 0 -24
      vertex 96 0 -24
      vertex 96 0 -23.9
    endloop
  endfacet
  facet normal 0 0 -1
    outer loop
      vertex 0 0 -24
      vertex 96 0.1 -24
      vertex 96 0 -24
    endloop
  endfacet
  facet normal 0 1 0
    outer loop
      vertex 0 0.1 -23.9
      vertex 96 0.1 -23.9
      vertex 96 0.1 -24
    endloop
  endfacet
  facet normal 0 0 1
    outer loop
      vertex 0 0.1 -23.9
      vertex 96 0 -23.9
      vertex 96 0.1 -23.9
    endloop
  endfacet
  facet normal 1 0 0
    outer loop
      vertex 96 0 -24
      vertex 96 0.1 -24
      vertex 96 0 -23.9
    endloop
  endfacet
  facet normal 1 0 0
    outer loop
      vertex 96 0 -23.9
      vertex 96 0.1 -24
      vertex 96 0.1 -23.9
    endloop
  endfacet
  facet normal 0 -1 0
    outer loop
      vertex 0 0 -12
      vertex 47.25 0 -11.9
      vertex 0 0 -11.9
    endloop
  endfacet
  facet normal 0 -1 0
    outer loop
      vertex 0 0 -12
      vertex 47.25 0 -12
      vertex 47.25 0 -11.9
    endloop
  endfacet
  facet normal 0 -1 0
    outer loop
      vertex 48 0 -12
      vertex 96 0 -11.9
      vertex 48 0 -11.9
    endloop
  endfacet
  facet normal 0 0 -1
    outer loop
      vertex 48 0 -12
      vertex 48 0.1 -12
      vertex 96 0 -12
    endloop
  endfacet
  facet normal 0 1 0
    outer loop
      vertex 48 0.1 -12
      vertex 48 0.1 -11.9
      vertex 96 0.1 -12
    endloop
  endfacet
  facet normal 0 0 1
    outer loop
      vertex 48 0 -11.9
      vertex 96 0.1 -11.9
      vertex 48 0.1 -11.9
    endloop
  endfacet
  facet normal 0 -1 0
    outer loop
      vertex 48 0 -12
      vertex 96 0 -12
      vertex 96 0 -11.9
    endloop
  endfacet
  facet normal 0 0 1
    outer loop
      vertex 48 0 -11.9
      vertex 96 0 -11.9
      vertex 96 0.1 -11.9
    endloop
  endfacet
  facet normal 0 0 -1
    outer loop
      vertex 48 0.1 -12
      vertex 96 0.1 -12
      vertex 96 0 -12
    endloop
  endfacet
  facet normal 0 1 0
    outer loop
      vertex 48 0.1 -11.9
      vertex 96 0.1 -11.9
      vertex 96 0.1 -12
    endloop
  endfacet
  facet normal 1 0 0
    outer loop
      vertex 96 0 -12
      vertex 96 0.1 -12
      vertex 96 0 -11.9
    endloop
  endfacet
  facet normal 1 0 0
    outer loop
      vertex 96 0 -11.9
      vertex 96 0.1 -12
      vertex 96 0.1 -11.9
    endloop
  endfacet
  facet normal 0 -1 0
    outer loop
      vertex 0.1 0 0
      vertex 12 0 0
      vertex 0.1 0 0.1
    endloop
  endfacet
  facet normal 0 0 1
    outer loop
      vertex 0.1 0 0.1
      vertex 12 0 0.1
      vertex 0.1 0.1 0.1
    endloop
  endfacet
  facet normal 0 0 -1
    outer loop
      vertex 0.1 0 0
      vertex 0.1 0.1 0
      vertex 12 0.1 0
    endloop
  endfacet
  facet normal 0 1 0
    outer loop
      vertex 0.1 0.1 0
      vertex 0.1 0.1 0.1
      vertex 12 0.1 0.1
    endloop
  endfacet
  facet normal 0 -1 0
    outer loop
      vertex 0.1 0 0.1
      vertex 12 0 0
      vertex 12 0 0.1
    endloop
  endfacet
  facet normal 0 0 -1
    outer loop
      vertex 0.1 0 0
      vertex 12 0.1 0
      vertex 12 0 0
    endloop
  endfacet
  facet normal 0 1 0
    outer loop
      vertex 0.1 0.1 0
      vertex 12 0.1 0.1
      vertex 12 0.1 0
    endloop
  endfacet
  facet normal 0 0 1
    outer loop
      vertex 0.1 0.1 0.1
      vertex 12 0 0.1
      vertex 12 0.1 0.1
    endloop
  endfacet
  facet normal 0 -1 0
    outer loop
      vertex 12.1 0 0
      vertex 24 0 0
      vertex 12.1 0 0.1
    endloop
  endfacet
  facet normal 0 0 1
    outer loop
      vertex 12.1 0 0.1
      vertex 24 0 0.1
      vertex 12.1 0.1 0.1
    endloop
  endfacet
  facet normal 0 0 -1
    outer loop
      vertex 12.1 0 0
      vertex 12.1 0.1 0
      vertex 24 0.1 0
    endloop
  endfacet
  facet normal 0 1 0
    outer loop
      vertex 12.1 0.1 0
      vertex 12.1 0.1 0.1
      vertex 24 0.1 0.1
    endloop
  endfacet
  facet normal 0 -1 0
    outer loop
      vertex 12.1 0 0.1
      vertex 24 0 0
      vertex 24 0 0.1
    endloop
  endfacet
  facet normal 0 0 -1
    outer loop
      vertex 12.1 0 0
      vertex 24 0.1 0
      vertex 24 0 0
    endloop
  endfacet
  facet normal 0 1 0
    outer loop
      vertex 12.1 0.1 0
      vertex 24 0.1 0.1
      vertex 24 0.1 0
    endloop
  endfacet
  facet normal 0 0 1
    outer loop
      vertex 12.1 0.1 0.1
      vertex 24 0 0.1
      vertex 24 0.1 0.1
    endloop
  endfacet
  facet normal 0 -1 0
    outer loop
      vertex 24.1 0 0
      vertex 36 0 0
      vertex 24.1 0 0.1
    endloop
  endfacet
  facet normal 0 0 1
    outer loop
      vertex 24.1 0 0.1
      vertex 36 0 0.1
      vertex 24.1 0.1 0.1
    endloop
  endfacet
  facet normal 0 0 -1
    outer loop
      vertex 24.1 0 0
      vertex 24.1 0.1 0
      vertex 36 0.1 0
    endloop
  endfacet
  facet normal 0 1 0
    outer loop
      vertex 24.1 0.1 0
      vertex 24.1 0.1 0.1
      vertex 36 0.1 0.1
    endloop
  endfacet
  facet normal 0 -1 0
    outer loop
      vertex 24.1 0 0.1
      vertex 36 0 0
      vertex 36 0 0.1
    endloop
  endfacet
  facet normal 0 0 -1
    outer loop
      vertex 24.1 0 0
      vertex 36 0.1 0
      vertex 36 0 0
    endloop
  endfacet
  facet normal 0 1 0
    outer loop
      vertex 24.1 0.1 0
      vertex 36 0.1 0.1
      vertex 36 0.1 0
    endloop
  endfacet
  facet normal 0 0 1
    outer loop
      vertex 24.1 0.1 0.1
      vertex 36 0 0.1
      vertex 36 0.1 0.1
    endloop
  endfacet
  facet normal 0 -1 0
    outer loop
      vertex 36.1 0 0
      vertex 43.75 0 0.1
      vertex 36.1 0 0.1
    endloop
  endfacet
  facet normal 0 0 -1
    outer loop
      vertex 36.1 0 0
      vertex 36.1 0.1 0
      vertex 43.75 0 0
    endloop
  endfacet
  facet normal 0 1 0
    outer loop
      vertex 36.1 0.1 0
      vertex 36.1 0.1 0.1
      vertex 43.75 0.1 0
    endloop
  endfacet
  facet normal 0 0 1
    outer loop
      vertex 36.1 0 0.1
      vertex 43.75 0.1 0.1
      vertex 36.1 0.1 0.1
    endloop
  endfacet
  facet normal 0 -1 0
    outer loop
      vertex 36.1 0 0
      vertex 43.75 0 0
      vertex 43.75 0 0.1
    endloop
  endfacet
  facet normal 0 0 1
    outer loop
      vertex 36.1 0 0.1
      vertex 43.75 0 0.1
      vertex 43.75 0.1 0.1
    endloop
  endfacet
  facet normal 0 0 -1
    outer loop
      vertex 36.1 0.1 0
      vertex 43.75 0.1 0
      vertex 43.75 0 0
    endloop
  endfacet
  facet normal 0 1 0
    outer loop
      vertex 36.1 0.1 0.1
      vertex 43.75 0.1 0.1
      vertex 43.75 0.1 0
    endloop
  endfacet
  facet normal 0 -1 0
    outer loop
      vertex 48.1 0 0
      vertex 96 0 0
      vertex 48.1 0 0.1
    endloop
  endfacet
  facet normal 0 0 1
    outer loop
      vertex 48.1 0 0.1
      vertex 96 0 0.1
      vertex 48.1 0.1 0.1
    endloop
  endfacet
  facet normal 0 0 -1
    outer loop
      vertex 48.1 0 0
      vertex 48.1 0.1 0
      vertex 96 0.1 0
    endloop
  endfacet
  facet normal 0 1 0
    outer loop
      vertex 48.1 0.1 0
      vertex 48.1 0.1 0.1
      vertex 96 0.1 0.1
    endloop
  endfacet
  facet normal 0 -1 0
    outer loop
      vertex 48.1 0 0.1
      vertex 96 0 0
      vertex 96 0 0.1
    endloop
  endfacet
  facet normal 0 0 -1
    outer loop
      vertex 48.1 0 0
      vertex 96 0.1 0
      vertex 96 0 0
    endloop
  endfacet
  facet normal 0 1 0
    outer loop
      vertex 48.1 0.1 0
      vertex 96 0.1 0.1
      vertex 96 0.1 0
    endloop
  endfacet
  facet normal 0 0 1
    outer loop
      vertex 48.1 0.1 0.1
      vertex 96 0 0.1
      vertex 96 0.1 0.1
    endloop
  endfacet
  facet normal 1 0 0
    outer loop
      vertex 96 0 0
      vertex 96 0.1 0
      vertex 96 0 0.1
    endloop
  endfacet
  facet normal 1 0 0
    outer loop
      vertex 96 0 0.1
      vertex 96 0.1 0
      vertex 96 0.1 0.1
    endloop
  endfacet
  facet normal 0 -1 0
    outer loop
      vertex 0.1 0 12
      vertex 12 0 12
      vertex 0.1 0 12.1
    endloop
  endfacet
  facet normal 0 -1 0
    outer loop
      vertex 0.1 0 12.1
      vertex 12 0 12
      vertex 12 0 12.1
    endloop
  endfacet
  facet normal 0 -1 0
    outer loop
      vertex 12.1 0 12
      vertex 24 0 12
      vertex 12.1 0 12.1
    endloop
  endfacet
  facet normal 0 -1 0
    outer loop
      vertex 12.1 0 12.1
      vertex 24 0 12
      vertex 24 0 12.1
    endloop
  endfacet
  facet normal 0 -1 0
    outer loop
      vertex 24.1 0 12
      vertex 36 0 12
      vertex 24.1 0 12.1
    endloop
  endfacet
  facet normal 0 -1 0
    outer loop
      vertex 24.1 0 12.1
      vertex 36 0 12
      vertex 36 0 12.1
    endloop
  endfacet
  facet normal 0 -1 0
    outer loop
      vertex 36.1 0 12
      vertex 47.25 0 12.1
      vertex 36.1 0 12.1
    endloop
  endfacet
  facet normal 0 -1 0
    outer loop
      vertex 36.1 0 12
      vertex 47.25 0 12
      vertex 47.25 0 12.1
    endloop
  endfacet
  facet normal 0 -1 0
    outer loop
      vertex 48.1 0 12
      vertex 96 0 12
      vertex 48.1 0 12.1
    endloop
  endfacet
  facet normal 0 0 1
    outer loop
      vertex 48.1 0 12.1
      vertex 96 0 12.1
      vertex 48.1 0.1 12.1
    endloop
  endfacet
  facet normal 0 0 -1
    outer loop
      vertex 48.1 0 12
      vertex 48.1 0.1 12
      vertex 96 0.1 12
    endloop
  endfacet
  facet normal 0 1 0
    outer loop
      vertex 48.1 0.1 12
      vertex 48.1 0.1 12.1
      vertex 96 0.1 12.1
    endloop
  endfacet
  facet normal 0 -1 0
    outer loop
      vertex 48.1 0 12.1
      vertex 96 0 12
      vertex 96 0 12.1
    endloop
  endfacet
  facet normal 0 0 -1
    outer loop
      vertex 48.1 0 12
      vertex 96 0.1 12
      vertex 96 0 12
    endloop
  endfacet
  facet normal 0 1 0
    outer loop
      vertex 48.1 0.1 12
      vertex 96 0.1 12.1
      vertex 96 0.1 12
    endloop
  endfacet
  facet normal 0 0 1
    outer loop
      vertex 48.1 0.1 12.1
      vertex 96 0 12.1
      vertex 96 0.1 12.1
    endloop
  endfacet
  facet normal 1 0 0
    outer loop
      vertex 96 0 12
      vertex 96 0.1 12
      vertex 96 0 12.1
    endloop
  endfacet
  facet normal 1 0 0
    outer loop
      vertex 96 0 12.1
      vertex 96 0.1 12
      vertex 96 0.1 12.1
    endloop
  endfacet
  facet normal 0 -1 0
    outer loop
      vertex 0.1 0 24
      vertex 12 0 24
      vertex 0.1 0 24.1
    endloop
  endfacet
  facet normal 0 0 1
    outer loop
      vertex 0.1 0 24.1
      vertex 12 0 24.1
      vertex 0.1 0.1 24.1
    endloop
  endfacet
  facet normal 0 0 -1
    outer loop
      vertex 0.1 0 24
      vertex 0.1 0.1 24
      vertex 12 0.1 24
    endloop
  endfacet
  facet normal 0 1 0
    outer loop
      vertex 0.1 0.1 24
      vertex 0.1 0.1 24.1
      vertex 12 0.1 24.1
    endloop
  endfacet
  facet normal 0 -1 0
    outer loop
      vertex 0.1 0 24.1
      vertex 12 0 24
      vertex 12 0 24.1
    endloop
  endfacet
  facet normal 0 0 -1
    outer loop
      vertex 0.1 0 24
      vertex 12 0.1 24
      vertex 12 0 24
    endloop
  endfacet
  facet normal 0 1 0
    outer loop
      vertex 0.1 0.1 24
      vertex 12 0.1 24.1
      vertex 12 0.1 24
    endloop
  endfacet
  facet normal 0 0 1
    outer loop
      vertex 0.1 0.1 24.1
      vertex 12 0 24.1
      vertex 12 0.1 24.1
    endloop
  endfacet
  facet normal 0 -1 0
    outer loop
      vertex 12.1 0 24
      vertex 24 0 24
      vertex 12.1 0 24.1
    endloop
  endfacet
  facet normal 0 0 1
    outer loop
      vertex 12.1 0 24.1
      vertex 24 0 24.1
      vertex 12.1 0.1 24.1
    endloop
  endfacet
  facet normal 0 0 -1
    outer loop
      vertex 12.1 0 24
      vertex 12.1 0.1 24
      vertex 24 0.1 24
    endloop
  endfacet
  facet normal 0 1 0
    outer loop
      vertex 12.1 0.1 24
      vertex 12.1 0.1 24.1
      vertex 24 0.1 24.1
    endloop
  endfacet
  facet normal 0 -1 0
    outer loop
      vertex 12.1 0 24.1
      vertex 24 0 24
      vertex 24 0 24.1
    endloop
  endfacet
  facet normal 0 0 -1
    outer loop
      vertex 12.1 0 24
      vertex 24 0.1 24
      vertex 24 0 24
    endloop
  endfacet
  facet normal 0 1 0
    outer loop
      vertex 12.1 0.1 24
      vertex 24 0.1 24.1
      vertex 24 0.1 24
    endloop
  endfacet
  facet normal 0 0 1
    outer loop
      vertex 12.1 0.1 24.1
      vertex 24 0 24.1
      vertex 24 0.1 24.1
    endloop
  endfacet
  facet normal 0 -1 0
    outer loop
      vertex 24.1 0 24
      vertex 36 0 24
      vertex 24.1 0 24.1
    endloop
  endfacet
  facet normal 0 0 1
    outer loop
      vertex 24.1 0 24.1
      vertex 36 0 24.1
      vertex 24.1 0.1 24.1
    endloop
  endfacet
  facet normal 0 0 -1
    outer loop
      vertex 24.1 0 24
      vertex 24.1 0.1 24
      vertex 36 0.1 24
    endloop
  endfacet
  facet normal 0 1 0
    outer loop
      vertex 24.1 0.1 24
      vertex 24.1 0.1 24.1
      vertex 36 0.1 24.1
    endloop
  endfacet
  facet normal 0 -1 0
    outer loop
      vertex 24.1 0 24.1
      vertex 36 0 24
      vertex 36 0 24.1
    endloop
  endfacet
  facet normal 0 0 -1
    outer loop
      vertex 24.1 0 24
      vertex 36 0.1 24
      vertex 36 0 24
    endloop
  endfacet
  facet normal 0 1 0
    outer loop
      vertex 24.1 0.1 24
      vertex 36 0.1 24.1
      vertex 36 0.1 24
    endloop
  endfacet
  facet normal 0 0 1
    outer loop
      vertex 24.1 0.1 24.1
      vertex 36 0 24.1
      vertex 36 0.1 24.1
    endloop
  endfacet
  facet normal 0 -1 0
    outer loop
      vertex 36.1 0 24
      vertex 48 0 24
      vertex 36.1 0 24.1
    endloop
  endfacet
  facet normal 0 0 1
    outer loop
      vertex 36.1 0 24.1
      vertex 48 0 24.1
      vertex 36.1 0.1 24.1
    endloop
  endfacet
  facet normal 0 0 -1
    outer loop
      vertex 36.1 0 24
      vertex 36.1 0.1 24
      vertex 48 0.1 24
    endloop
  endfacet
  facet normal 0 1 0
    outer loop
      vertex 36.1 0.1 24
      vertex 36.1 0.1 24.1
      vertex 48 0.1 24.1
    endloop
  endfacet
  facet normal 0 -1 0
    outer loop
      vertex 36.1 0 24.1
      vertex 48 0 24
      vertex 48 0 24.1
    endloop
  endfacet
  facet normal 0 0 -1
    outer loop
      vertex 36.1 0 24
      vertex 48 0.1 24
      vertex 48 0 24
    endloop
  endfacet
  facet normal 0 1 0
    outer loop
      vertex 36.1 0.1 24
      vertex 48 0.1 24.1
      vertex 48 0.1 24
    endloop
  endfacet
  facet normal 0 0 1
    outer loop
      vertex 36.1 0.1 24.1
      vertex 48 0 24.1
      vertex 48 0.1 24.1
    endloop
  endfacet
  facet normal 0 -1 0
    outer loop
      vertex 48.1 0 24
      vertex 96 0 24
      vertex 48.1 0 24.1
    endloop
  endfacet
  facet normal 0 0 1
    outer loop
      vertex 48.1 0 24.1
      vertex 96 0 24.1
      vertex 48.1 0.1 24.1
    endloop
  endfacet
  facet normal 0 0 -1
    outer loop
      vertex 48.1 0 24
      vertex 48.1 0.1 24
      vertex 96 0.1 24
    endloop
  endfacet
  facet normal 0 1 0
    outer loop
      vertex 48.1 0.1 24
      vertex 48.1 0.1 24.1
      vertex 96 0.1 24.1
    endloop
  endfacet
  facet normal 0 -1 0
    outer loop
      vertex 48.1 0 24.1
      vertex 96 0 24
      vertex 96 0 24.1
    endloop
  endfacet
  facet normal 0 0 -1
    outer loop
      vertex 48.1 0 24
      vertex 96 0.1 24
      vertex 96 0 24
    endloop
  endfacet
  facet normal 0 1 0
    outer loop
      vertex 48.1 0.1 24
      vertex 96 0.1 24.1
      vertex 96 0.1 24
    endloop
  endfacet
  facet normal 0 0 1
    outer loop
      vertex 48.1 0.1 24.1
      vertex 96 0 24.1
      vertex 96 0.1 24.1
    endloop
  endfacet
  facet normal 1 0 0
    outer loop
      vertex 96 0 24
      vertex 96 0.1 24
      vertex 96 0 24.1
    endloop
  endfacet
  facet normal 1 0 0
    outer loop
      vertex 96 0 24.1
      vertex 96 0.1 24
      vertex 96 0.1 24.1
    endloop
  endfacet
  facet normal 0 -1 0
    outer loop
      vertex 0.1 0 36
      vertex 12 0 36
      vertex 0.1 0 36.1
    endloop
  endfacet
  facet normal 0 0 1
    outer loop
      vertex 0.1 0 36.1
      vertex 12 0 36.1
      vertex 0.1 0.1 36.1
    endloop
  endfacet
  facet normal 0 0 -1
    outer loop
      vertex 0.1 0 36
      vertex 0.1 0.1 36
      vertex 12 0.1 36
    endloop
  endfacet
  facet normal 0 1 0
    outer loop
      vertex 0.1 0.1 36
      vertex 0.1 0.1 36.1
      vertex 12 0.1 36.1
    endloop
  endfacet
  facet normal 0 -1 0
    outer loop
      vertex 0.1 0 36.1
      vertex 12 0 36
      vertex 12 0 36.1
    endloop
  endfacet
  facet normal 0 0 -1
    outer loop
      vertex 0.1 0 36
      vertex 12 0.1 36
      vertex 12 0 36
    endloop
  endfacet
  facet normal 0 1 0
    outer loop
      vertex 0.1 0.1 36
      vertex 12 0.1 36.1
      vertex 12 0.1 36
    endloop
  endfacet
  facet normal 0 0 1
    outer loop
      vertex 0.1 0.1 36.1
      vertex 12 0 36.1
      vertex 12 0.1 36.1
    endloop
  endfacet
  facet normal 0 -1 0
    outer loop
      vertex 12.1 0 36
      vertex 24 0 36
      vertex 12.1 0 36.1
    endloop
  endfacet
  facet normal 0 0 1
    outer loop
      vertex 12.1 0 36.1
      vertex 24 0 36.1
      vertex 12.1 0.1 36.1
    endloop
  endfacet
  facet normal 0 0 -1
    outer loop
      vertex 12.1 0 36
      vertex 12.1 0.1 36
      vertex 24 0.1 36
    endloop
  endfacet
  facet normal 0 1 0
    outer loop
      vertex 12.1 0.1 36
      vertex 12.1 0.1 36.1
      vertex 24 0.1 36.1
    endloop
  endfacet
  facet normal 0 -1 0
    outer loop
      vertex 12.1 0 36.1
      vertex 24 0 36
      vertex 24 0 36.1
    endloop
  endfacet
  facet normal 0 0 -1
    outer loop
      vertex 12.1 0 36
      vertex 24 0.1 36
      vertex 24 0 36
    endloop
  endfacet
  facet normal 0 1 0
    outer loop
      vertex 12.1 0.1 36
      vertex 24 0.1 36.1
      vertex 24 0.1 36
    endloop
  endfacet
  facet normal 0 0 1
    outer loop
      vertex 12.1 0.1 36.1
      vertex 24 0 36.1
      vertex 24 0.1 36.1
    endloop
  endfacet
  facet normal 0 -1 0
    outer loop
      vertex 24.1 0 36
      vertex 36 0 36
      vertex 24.1 0 36.1
    endloop
  endfacet
  facet normal 0 0 1
    outer loop
      vertex 24.1 0 36.1
      vertex 36 0 36.1
      vertex 24.1 0.1 36.1
    endloop
  endfacet
  facet normal 0 0 -1
    outer loop
      vertex 24.1 0 36
      vertex 24.1 0.1 36
      vertex 36 0.1 36
    endloop
  endfacet
  facet normal 0 1 0
    outer loop
      vertex 24.1 0.1 36
      vertex 24.1 0.1 36.1
      vertex 36 0.1 36.1
    endloop
  endfacet
  facet normal 0 -1 0
    outer loop
      vertex 24.1 0 36.1
      vertex 36 0 36
      vertex 36 0 36.1
    endloop
  endfacet
  facet normal 0 0 -1
    outer loop
      vertex 24.1 0 36
      vertex 36 0.1 36
      vertex 36 0 36
    endloop
  endfacet
  facet normal 0 1 0
    outer loop
      vertex 24.1 0.1 36
      vertex 36 0.1 36.1
      vertex 36 0.1 36
    endloop
  endfacet
  facet normal 0 0 1
    outer loop
      vertex 24.1 0.1 36.1
      vertex 36 0 36.1
      vertex 36 0.1 36.1
    endloop
  endfacet
  facet normal 0 -1 0
    outer loop
      vertex 36.1 0 36
      vertex 48 0 36
      vertex 36.1 0 36.1
    endloop
  endfacet
  facet normal 0 0 1
    outer loop
      vertex 36.1 0 36.1
      vertex 48 0 36.1
      vertex 36.1 0.1 36.1
    endloop
  endfacet
  facet normal 0 0 -1
    outer loop
      vertex 36.1 0 36
      vertex 36.1 0.1 36
      vertex 48 0.1 36
    endloop
  endfacet
  facet normal 0 1 0
    outer loop
      vertex 36.1 0.1 36
      vertex 36.1 0.1 36.1
      vertex 48 0.1 36.1
    endloop
  endfacet
  facet normal 0 -1 0
    outer loop
      vertex 36.1 0 36.1
      vertex 48 0 36
      vertex 48 0 36.1
    endloop
  endfacet
  facet normal 0 0 -1
    outer loop
      vertex 36.1 0 36
      vertex 48 0.1 36
      vertex 48 0 36
    endloop
  endfacet
  facet normal 0 1 0
    outer loop
      vertex 36.1 0.1 36
      vertex 48 0.1 36.1
      vertex 48 0.1 36
    endloop
  endfacet
  facet normal 0 0 1
    outer loop
      vertex 36.1 0.1 36.1
      vertex 48 0 36.1
      vertex 48 0.1 36.1
    endloop
  endfacet
  facet normal 0 -1 0
    outer loop
      vertex 48.1 0 36
      vertex 96 0 36
      vertex 48.1 0 36.1
    endloop
  endfacet
  facet normal 0 0 1
    outer loop
      vertex 48.1 0 36.1
      vertex 96 0 36.1
      vertex 48.1 0.1 36.1
    endloop
  endfacet
  facet normal 0 0 -1
    outer loop
      vertex 48.1 0 36
      vertex 48.1 0.1 36
      vertex 96 0.1 36
    endloop
  endfacet
  facet normal 0 1 0
    outer loop
      vertex 48.1 0.1 36
      vertex 48.1 0.1 36.1
      vertex 96 0.1 36.1
    endloop
  endfacet
  facet normal 0 -1 0
    outer loop
      vertex 48.1 0 36.1
      vertex 96 0 36
      vertex 96 0 36.1
    endloop
  endfacet
  facet normal 0 0 -1
    outer loop
      vertex 48.1 0 36
      vertex 96 0.1 36
      vertex 96 0 36
    endloop
  endfacet
  facet normal 0 1 0
    outer loop
      vertex 48.1 0.1 36
      vertex 96 0.1 36.1
      vertex 96 0.1 36
    endloop
  endfacet
  facet normal 0 0 1
    outer loop
      vertex 48.1 0.1 36.1
      vertex 96 0 36.1
      vertex 96 0.1 36.1
    endloop
  endfacet
  facet normal 1 0 0
    outer loop
      vertex 96 0 36
      vertex 96 0.1 36
      vertex 96 0 36.1
    endloop
  endfacet
  facet normal 1 0 0
    outer loop
      vertex 96 0 36.1
      vertex 96 0.1 36
      vertex 96 0.1 36.1
    endloop
  endfacet
  facet normal 0 -1 0
    outer loop
      vertex -39.15 -12.25 -21.55
      vertex -37.65 -12.25 -21.55
      vertex -37.65 -12.25 -18.05
    endloop
  endfacet
  facet normal 0 -1 0
    outer loop
      vertex -39.15 -12.25 -21.55
      vertex -37.65 -12.25 -18.05
      vertex -39.15 -12.25 -18.05
    endloop
  endfacet
  facet normal -1 0 0
    outer loop
      vertex -39.15 -12.25 -21.55
      vertex -39.15 -12.25 -18.05
      vertex -39.15 2 -21.55
    endloop
  endfacet
  facet normal 0 0 1
    outer loop
      vertex -39.15 -12.25 -18.05
      vertex -37.65 -12.25 -18.05
      vertex -39.15 2 -18.05
    endloop
  endfacet
  facet normal 1 0 0
    outer loop
      vertex -37.65 -12.25 -21.55
      vertex -37.65 2 -18.05
      vertex -37.65 -12.25 -18.05
    endloop
  endfacet
  facet normal -1 0 0
    outer loop
      vertex -39.15 -12.25 -18.05
      vertex -39.15 2 -18.05
      vertex -39.15 2 -21.55
    endloop
  endfacet
  facet normal 0 0 1
    outer loop
      vertex -37.65 -12.25 -18.05
      vertex -37.65 2 -18.05
      vertex -39.15 2 -18.05
    endloop
  endfacet
  facet normal 1 0 0
    outer loop
      vertex -37.65 -12.25 -21.55
      vertex -37.65 2 -21.55
      vertex -37.65 2 -18.05
    endloop
  endfacet
  facet normal 0 -1 0
    outer loop
      vertex -19.95 -12.25 -21.55
      vertex -18.45 -12.25 -21.55
      vertex -18.45 -12.25 -18.05
    endloop
  endfacet
  facet normal 0 -1 0
    outer loop
      vertex -19.95 -12.25 -21.55
      vertex -18.45 -12.25 -18.05
      vertex -19.95 -12.25 -18.05
    endloop
  endfacet
  facet normal -1 0 0
    outer loop
      vertex -19.95 -12.25 -21.55
      vertex -19.95 -12.25 -18.05
      vertex -19.95 2 -21.55
    endloop
  endfacet
  facet normal 0 0 1
    outer loop
      vertex -19.95 -12.25 -18.05
      vertex -18.45 -12.25 -18.05
      vertex -19.95 2 -18.05
    endloop
  endfacet
  facet normal 1 0 0
    outer loop
      vertex -18.45 -12.25 -21.55
      vertex -18.45 2 -18.05
      vertex -18.45 -12.25 -18.05
    endloop
  endfacet
  facet normal -1 0 0
    outer loop
      vertex -19.95 -12.25 -18.05
      vertex -19.95 2 -18.05
      vertex -19.95 2 -21.55
    endloop
  endfacet
  facet normal 1 0 0
    outer loop
      vertex -18.45 -12.25 -21.55
      vertex -18.45 2 -21.55
      vertex -18.45 2 -18.05
    endloop
  endfacet
  facet normal 0 0 1
    outer loop
      vertex -18.45 -12.25 -18.05
      vertex -18.45 2 -18.05
      vertex -19.95 2 -18.05
    endloop
  endfacet
  facet normal -1 0 0
    outer loop
      vertex -39.15 15.25 -21.55
      vertex -39.15 3.5 -21.55
      vertex -39.15 3.5 -18.05
    endloop
  endfacet
  facet normal 0 0 1
    outer loop
      vertex -39.15 15.25 -18.05
      vertex -39.15 3.5 -18.05
      vertex -37.65 3.5 -18.05
    endloop
  endfacet
  facet normal 1 0 0
    outer loop
      vertex -37.65 15.25 -18.05
      vertex -37.65 3.5 -18.05
      vertex -37.65 3.5 -21.55
    endloop
  endfacet
  facet normal -1 0 0
    outer loop
      vertex -39.15 15.25 -21.55
      vertex -39.15 3.5 -18.05
      vertex -39.15 15.25 -18.05
    endloop
  endfacet
  facet normal 0 0 1
    outer loop
      vertex -39.15 15.25 -18.05
      vertex -37.65 3.5 -18.05
      vertex -37.65 15.25 -18.05
    endloop
  endfacet
  facet normal 1 0 0
    outer loop
      vertex -37.65 15.25 -21.55
      vertex -37.65 15.25 -18.05
      vertex -37.65 3.5 -21.55
    endloop
  endfacet
  facet normal 0 1 0
    outer loop
      vertex -39.15 15.25 -21.55
      vertex -39.15 15.25 -18.05
      vertex -37.65 15.25 -21.55
    endloop
  endfacet
  facet normal 0 1 0
    outer loop
      vertex -37.65 15.25 -21.55
      vertex -39.15 15.25 -18.05
      vertex -37.65 15.25 -18.05
    endloop
  endfacet
  facet normal -1 0 0
    outer loop
      vertex -19.95 15.25 -21.55
      vertex -19.95 3.5 -21.55
      vertex -19.95 3.5 -18.05
    endloop
  endfacet
  facet normal 0 0 1
    outer loop
      vertex -19.95 15.25 -18.05
      vertex -19.95 3.5 -18.05
      vertex -18.45 3.5 -18.05
    endloop
  endfacet
  facet normal 1 0 0
    outer loop
      vertex -18.45 15.25 -18.05
      vertex -18.45 3.5 -18.05
      vertex -18.45 3.5 -21.55
    endloop
  endfacet
  facet normal -1 0 0
    outer loop
      vertex -19.95 15.25 -21.55
      vertex -19.95 3.5 -18.05
      vertex -19.95 15.25 -18.05
    endloop
  endfacet
  facet normal 1 0 0
    outer loop
      vertex -18.45 15.25 -21.55
      vertex -18.45 15.25 -18.05
      vertex -18.45 3.5 -21.55
    endloop
  endfacet
  facet normal 0 0 1
    outer loop
      vertex -19.95 15.25 -18.05
      vertex -18.45 3.5 -18.05
      vertex -18.45 15.25 -18.05
    endloop
  endfacet
  facet normal 0 1 0
    outer loop
      vertex -19.95 15.25 -21.55
      vertex -19.95 15.25 -18.05
      vertex -18.45 15.25 -21.55
    endloop
  endfacet
  facet normal 0 1 0
    outer loop
      vertex -18.45 15.25 -21.55
      vertex -19.95 15.25 -18.05
      vertex -18.45 15.25 -18.05
    endloop
  endfacet
  facet normal 0 -1 0
    outer loop
      vertex -0.75 -12.25 -21.55
      vertex 0.75 -12.25 -21.55
      vertex 0.75 -12.25 -18.05
    endloop
  endfacet
  facet normal 0 -1 0
    outer loop
      vertex -0.75 -12.25 -21.55
      vertex 0.75 -12.25 -18.05
      vertex -0.75 -12.25 -18.05
    endloop
  endfacet
  facet normal -1 0 0
    outer loop
      vertex -0.75 -12.25 -21.55
      vertex -0.75 -12.25 -18.05
      vertex -0.75 2 -21.55
    endloop
  endfacet
  facet normal 0 0 1
    outer loop
      vertex -0.75 -12.25 -18.05
      vertex 0.75 -12.25 -18.05
      vertex -0.75 2 -18.05
    endloop
  endfacet
  facet normal -1 0 0
    outer loop
      vertex -0.75 -12.25 -18.05
      vertex -0.75 2 -18.05
      vertex -0.75 2 -21.55
    endloop
  endfacet
  facet normal 0 0 1
    outer loop
      vertex 0.75 -12.25 -18.05
      vertex 0.75 2 -18.05
      vertex -0.75 2 -18.05
    endloop
  endfacet
  facet normal 1 0 0
    outer loop
      vertex 0.75 -12.25 -21.55
      vertex 0.75 2 -18.05
      vertex 0.75 -12.25 -18.05
    endloop
  endfacet
  facet normal 1 0 0
    outer loop
      vertex 0.75 -12.25 -21.55
      vertex 0.75 2 -21.55
      vertex 0.75 2 -18.05
    endloop
  endfacet
  facet normal 0 -1 0
    outer loop
      vertex 18.450000000000003 -12.25 -21.55
      vertex 19.950000000000003 -12.25 -21.55
      vertex 19.950000000000003 -12.25 -18.05
    endloop
  endfacet
  facet normal 0 -1 0
    outer loop
      vertex 18.450000000000003 -12.25 -21.55
      vertex 19.950000000000003 -12.25 -18.05
      vertex 18.450000000000003 -12.25 -18.05
    endloop
  endfacet
  facet normal -1 0 0
    outer loop
      vertex 18.450000000000003 -12.25 -21.55
      vertex 18.450000000000003 -12.25 -18.05
      vertex 18.450000000000003 2 -21.55
    endloop
  endfacet
  facet normal -1 0 0
    outer loop
      vertex 18.450000000000003 -12.25 -18.05
      vertex 18.450000000000003 2 -18.05
      vertex 18.450000000000003 2 -21.55
    endloop
  endfacet
  facet normal 0 0 1
    outer loop
      vertex 18.450000000000003 -12.25 -18.05
      vertex 19.950000000000003 -12.25 -18.05
      vertex 18.450000000000003 2 -18.05
    endloop
  endfacet
  facet normal 1 0 0
    outer loop
      vertex 19.950000000000003 -12.25 -21.55
      vertex 19.950000000000003 2 -18.05
      vertex 19.950000000000003 -12.25 -18.05
    endloop
  endfacet
  facet normal 1 0 0
    outer loop
      vertex 19.950000000000003 -12.25 -21.55
      vertex 19.950000000000003 2 -21.55
      vertex 19.950000000000003 2 -18.05
    endloop
  endfacet
  facet normal 0 0 1
    outer loop
      vertex 19.950000000000003 -12.25 -18.05
      vertex 19.950000000000003 2 -18.05
      vertex 18.450000000000003 2 -18.05
    endloop
  endfacet
  facet normal -1 0 0
    outer loop
      vertex -0.75 15.25 -21.55
      vertex -0.75 3.5 -21.55
      vertex -0.75 3.5 -18.05
    endloop
  endfacet
  facet normal 0 0 1
    outer loop
      vertex -0.75 15.25 -18.05
      vertex -0.75 3.5 -18.05
      vertex 0.75 3.5 -18.05
    endloop
  endfacet
  facet normal 1 0 0
    outer loop
      vertex 0.75 15.25 -18.05
      vertex 0.75 3.5 -18.05
      vertex 0.75 3.5 -21.55
    endloop
  endfacet
  facet normal -1 0 0
    outer loop
      vertex -0.75 15.25 -21.55
      vertex -0.75 3.5 -18.05
      vertex -0.75 15.25 -18.05
    endloop
  endfacet
  facet normal 0 0 1
    outer loop
      vertex -0.75 15.25 -18.05
      vertex 0.75 3.5 -18.05
      vertex 0.75 15.25 -18.05
    endloop
  endfacet
  facet normal 0 1 0
    outer loop
      vertex -0.75 15.25 -21.55
      vertex -0.75 15.25 -18.05
      vertex 0.75 15.25 -21.55
    endloop
  endfacet
  facet normal 0 1 0
    outer loop
      vertex -0.75 15.25 -18.05
      vertex 0.75 15.25 -18.05
      vertex 0.75 15.25 -21.55
    endloop
  endfacet
  facet normal 1 0 0
    outer loop
      vertex 0.75 15.25 -21.55
      vertex 0.75 15.25 -18.05
      vertex 0.75 3.5 -21.55
    endloop
  endfacet
  facet normal -1 0 0
    outer loop
      vertex 18.450000000000003 15.25 -21.55
      vertex 18.450000000000003 3.5 -21.55
      vertex 18.450000000000003 3.5 -18.05
    endloop
  endfacet
  facet normal 0 0 1
    outer loop
      vertex 18.450000000000003 15.25 -18.05
      vertex 18.450000000000003 3.5 -18.05
      vertex 19.950000000000003 3.5 -18.05
    endloop
  endfacet
  facet normal 1 0 0
    outer loop
      vertex 19.950000000000003 15.25 -18.05
      vertex 19.950000000000003 3.5 -18.05
      vertex 19.950000000000003 3.5 -21.55
    endloop
  endfacet
  facet normal -1 0 0
    outer loop
      vertex 18.450000000000003 15.25 -21.55
      vertex 18.450000000000003 3.5 -18.05
      vertex 18.450000000000003 15.25 -18.05
    endloop
  endfacet
  facet normal 1 0 0
    outer loop
      vertex 19.950000000000003 15.25 -21.55
      vertex 19.950000000000003 15.25 -18.05
      vertex 19.950000000000003 3.5 -21.55
    endloop
  endfacet
  facet normal 0 0 1
    outer loop
      vertex 18.450000000000003 15.25 -18.05
      vertex 19.950000000000003 3.5 -18.05
      vertex 19.950000000000003 15.25 -18.05
    endloop
  endfacet
  facet normal 0 1 0
    outer loop
      vertex 18.450000000000003 15.25 -21.55
      vertex 18.450000000000003 15.25 -18.05
      vertex 19.950000000000003 15.25 -21.55
    endloop
  endfacet
  facet normal 0 1 0
    outer loop
      vertex 18.450000000000003 15.25 -18.05
      vertex 19.950000000000003 15.25 -18.05
      vertex 19.950000000000003 15.25 -21.55
    endloop
  endfacet
  facet normal 0 -1 0
    outer loop
      vertex -39.15 -12.25 18.05
      vertex -37.65 -12.25 18.05
      vertex -37.65 -12.25 21.55
    endloop
  endfacet
  facet normal 0 -1 0
    outer loop
      vertex -39.15 -12.25 18.05
      vertex -37.65 -12.25 21.55
      vertex -39.15 -12.25 21.55
    endloop
  endfacet
  facet normal 0 0 -1
    outer loop
      vertex -39.15 -12.25 18.05
      vertex -37.65 15.25 18.05
      vertex -37.65 -12.25 18.05
    endloop
  endfacet
  facet normal -1 0 0
    outer loop
      vertex -39.15 -12.25 18.05
      vertex -39.15 -12.25 21.55
      vertex -39.15 15.25 21.55
    endloop
  endfacet
  facet normal 1 0 0
    outer loop
      vertex -37.65 -12.25 18.05
      vertex -37.65 15.25 18.05
      vertex -37.65 -12.25 21.55
    endloop
  endfacet
  facet normal 0 -1 0
    outer loop
      vertex -19.95 -12.25 18.05
      vertex -18.45 -12.25 18.05
      vertex -18.45 -12.25 21.55
    endloop
  endfacet
  facet normal 0 -1 0
    outer loop
      vertex -19.95 -12.25 18.05
      vertex -18.45 -12.25 21.55
      vertex -19.95 -12.25 21.55
    endloop
  endfacet
  facet normal -1 0 0
    outer loop
      vertex -19.95 -12.25 18.05
      vertex -19.95 -12.25 21.55
      vertex -19.95 15.25 21.55
    endloop
  endfacet
  facet normal 0 0 -1
    outer loop
      vertex -19.95 -12.25 18.05
      vertex -18.45 15.25 18.05
      vertex -18.45 -12.25 18.05
    endloop
  endfacet
  facet normal 1 0 0
    outer loop
      vertex -18.45 -12.25 18.05
      vertex -18.45 15.25 18.05
      vertex -18.45 -12.25 21.55
    endloop
  endfacet
  facet normal 0 0 -1
    outer loop
      vertex -39.15 -12.25 18.05
      vertex -39.15 15.25 18.05
      vertex -37.65 15.25 18.05
    endloop
  endfacet
  facet normal -1 0 0
    outer loop
      vertex -39.15 -12.25 18.05
      vertex -39.15 15.25 21.55
      vertex -39.15 15.25 18.05
    endloop
  endfacet
  facet normal 1 0 0
    outer loop
      vertex -37.65 -12.25 21.55
      vertex -37.65 15.25 18.05
      vertex -37.65 15.25 21.55
    endloop
  endfacet
  facet normal 0 1 0
    outer loop
      vertex -39.15 15.25 18.05
      vertex -39.15 15.25 21.55
      vertex -37.65 15.25 18.05
    endloop
  endfacet
  facet normal 0 1 0
    outer loop
      vertex -37.65 15.25 18.05
      vertex -39.15 15.25 21.55
      vertex -37.65 15.25 21.55
    endloop
  endfacet
  facet normal -1 0 0
    outer loop
      vertex -19.95 -12.25 18.05
      vertex -19.95 15.25 21.55
      vertex -19.95 15.25 18.05
    endloop
  endfacet
  facet normal 0 0 -1
    outer loop
      vertex -19.95 -12.25 18.05
      vertex -19.95 15.25 18.05
      vertex -18.45 15.25 18.05
    endloop
  endfacet
  facet normal 1 0 0
    outer loop
      vertex -18.45 -12.25 21.55
      vertex -18.45 15.25 18.05
      vertex -18.45 15.25 21.55
    endloop
  endfacet
  facet normal 0 1 0
    outer loop
      vertex -19.95 15.25 18.05
      vertex -19.95 15.25 21.55
      vertex -18.45 15.25 18.05
    endloop
  endfacet
  facet normal 0 1 0
    outer loop
      vertex -18.45 15.25 18.05
      vertex -19.95 15.25 21.55
      vertex -18.45 15.25 21.55
    endloop
  endfacet
  facet normal 0 -1 0
    outer loop
      vertex -0.75 -12.25 18.05
      vertex 0.75 -12.25 18.05
      vertex 0.75 -12.25 21.55
    endloop
  endfacet
  facet normal 0 -1 0
    outer loop
      vertex -0.75 -12.25 18.05
      vertex 0.75 -12.25 21.55
      vertex -0.75 -12.25 21.55
    endloop
  endfacet
  facet normal 0 0 -1
    outer loop
      vertex -0.75 -12.25 18.05
      vertex 0 0 18.05
      vertex 0.75 -12.25 18.05
    endloop
  endfacet
  facet normal 0 0 -1
    outer loop
      vertex -0.75 -12.25 18.05
      vertex 0 0.1 18.05
      vertex 0 0 18.05
    endloop
  endfacet
  facet normal 0 0 -1
    outer loop
      vertex 0.75 -12.25 18.05
      vertex 0 0 18.05
      vertex 0.1 0 18.05
    endloop
  endfacet
  facet normal -1 0 0
    outer loop
      vertex -0.75 -12.25 18.05
      vertex -0.75 -12.25 21.55
      vertex -0.75 15.25 21.55
    endloop
  endfacet
  facet normal 1 0 0
    outer loop
      vertex 0.75 -12.25 18.05
      vertex 0.75 15.25 18.05
      vertex 0.75 -12.25 21.55
    endloop
  endfacet
  facet normal 0 -1 0
    outer loop
      vertex 18.450000000000003 -12.25 18.05
      vertex 19.950000000000003 -12.25 18.05
      vertex 19.950000000000003 -12.25 21.55
    endloop
  endfacet
  facet normal 0 -1 0
    outer loop
      vertex 18.450000000000003 -12.25 18.05
      vertex 19.950000000000003 -12.25 21.55
      vertex 18.450000000000003 -12.25 21.55
    endloop
  endfacet
  facet normal -1 0 0
    outer loop
      vertex 18.450000000000003 -12.25 18.05
      vertex 18.450000000000003 -12.25 21.55
      vertex 18.450000000000003 15.25 21.55
    endloop
  endfacet
  facet normal 0 0 -1
    outer loop
      vertex 18.450000000000003 -12.25 18.05
      vertex 19.950000000000003 15.25 18.05
      vertex 19.950000000000003 -12.25 18.05
    endloop
  endfacet
  facet normal 1 0 0
    outer loop
      vertex 19.950000000000003 -12.25 18.05
      vertex 19.950000000000003 15.25 18.05
      vertex 19.950000000000003 -12.25 21.55
    endloop
  endfacet
  facet normal 0 0 -1
    outer loop
      vertex -0.75 -12.25 18.05
      vertex 0.75 15.25 18.05
      vertex 0 0.1 18.05
    endloop
  endfacet
  facet normal 0 0 -1
    outer loop
      vertex 0.75 -12.25 18.05
      vertex 0.1 0 18.05
      vertex 0.75 15.25 18.05
    endloop
  endfacet
  facet normal 0 0 -1
    outer loop
      vertex 0 0.1 18.05
      vertex 0.75 15.25 18.05
      vertex 0.1 0.1 18.05
    endloop
  endfacet
  facet normal 0 0 -1
    outer loop
      vertex 0.1 0 18.05
      vertex 0.1 0.1 18.05
      vertex 0.75 15.25 18.05
    endloop
  endfacet
  facet normal -1 0 0
    outer loop
      vertex -0.75 -12.25 18.05
      vertex -0.75 15.25 21.55
      vertex -0.75 15.25 18.05
    endloop
  endfacet
  facet normal 0 0 -1
    outer loop
      vertex -0.75 -12.25 18.05
      vertex -0.75 15.25 18.05
      vertex 0.75 15.25 18.05
    endloop
  endfacet
  facet normal 1 0 0
    outer loop
      vertex 0.75 -12.25 21.55
      vertex 0.75 15.25 18.05
      vertex 0.75 15.25 21.55
    endloop
  endfacet
  facet normal 0 1 0
    outer loop
      vertex -0.75 15.25 18.05
      vertex -0.75 15.25 21.55
      vertex 0.75 15.25 18.05
    endloop
  endfacet
  facet normal 0 1 0
    outer loop
      vertex -0.75 15.25 21.55
      vertex 0.75 15.25 21.55
      vertex 0.75 15.25 18.05
    endloop
  endfacet
  facet normal -1 0 0
    outer loop
      vertex 18.450000000000003 -12.25 18.05
      vertex 18.450000000000003 15.25 21.55
      vertex 18.450000000000003 15.25 18.05
    endloop
  endfacet
  facet normal 0 0 -1
    outer loop
      vertex 18.450000000000003 -12.25 18.05
      vertex 18.450000000000003 15.25 18.05
      vertex 19.950000000000003 15.25 18.05
    endloop
  endfacet
  facet normal 1 0 0
    outer loop
      vertex 19.950000000000003 -12.25 21.55
      vertex 19.950000000000003 15.25 18.05
      vertex 19.950000000000003 15.25 21.55
    endloop
  endfacet
  facet normal 0 1 0
    outer loop
      vertex 18.450000000000003 15.25 18.05
      vertex 18.450000000000003 15.25 21.55
      vertex 19.950000000000003 15.25 18.05
    endloop
  endfacet
  facet normal 0 1 0
    outer loop
      vertex 18.450000000000003 15.25 21.55
      vertex 19.950000000000003 15.25 21.55
      vertex 19.950000000000003 15.25 18.05
    endloop
  endfacet
  facet normal 0 -1 0
    outer loop
      vertex 37.650000000000006 -12.25 -21.55
      vertex 39.150000000000006 -12.25 -21.55
      vertex 39.150000000000006 -12.25 -18.05
    endloop
  endfacet
  facet normal 0 -1 0
    outer loop
      vertex 37.650000000000006 -12.25 -21.55
      vertex 39.150000000000006 -12.25 -18.05
      vertex 37.650000000000006 -12.25 -18.05
    endloop
  endfacet
  facet normal -1 0 0
    outer loop
      vertex 37.650000000000006 -12.25 -21.55
      vertex 37.650000000000006 -12.25 -18.05
      vertex 37.650000000000006 2 -21.55
    endloop
  endfacet
  facet normal 1 0 0
    outer loop
      vertex 39.150000000000006 -12.25 -21.55
      vertex 39.150000000000006 2 -18.05
      vertex 39.150000000000006 -12.25 -18.05
    endloop
  endfacet
  facet normal 0 0 1
    outer loop
      vertex 37.650000000000006 -12.25 -18.05
      vertex 39.150000000000006 -12.25 -18.05
      vertex 37.650000000000006 2 -18.05
    endloop
  endfacet
  facet normal 1 0 0
    outer loop
      vertex 39.150000000000006 -12.25 -21.55
      vertex 39.150000000000006 2 -21.55
      vertex 39.150000000000006 2 -18.05
    endloop
  endfacet
  facet normal -1 0 0
    outer loop
      vertex 37.650000000000006 -12.25 -18.05
      vertex 37.650000000000006 2 -18.05
      vertex 37.650000000000006 2 -21.55
    endloop
  endfacet
  facet normal 0 0 1
    outer loop
      vertex 39.150000000000006 -12.25 -18.05
      vertex 39.150000000000006 2 -18.05
      vertex 37.650000000000006 2 -18.05
    endloop
  endfacet
  facet normal -1 0 0
    outer loop
      vertex 37.650000000000006 15.25 -21.55
      vertex 37.650000000000006 3.5 -21.55
      vertex 37.650000000000006 3.5 -18.05
    endloop
  endfacet
  facet normal 1 0 0
    outer loop
      vertex 39.150000000000006 15.25 -18.05
      vertex 39.150000000000006 3.5 -18.05
      vertex 39.150000000000006 3.5 -21.55
    endloop
  endfacet
  facet normal 0 0 1
    outer loop
      vertex 37.650000000000006 15.25 -18.05
      vertex 37.650000000000006 3.5 -18.05
      vertex 39.150000000000006 3.5 -18.05
    endloop
  endfacet
  facet normal 1 0 0
    outer loop
      vertex 39.150000000000006 15.25 -21.55
      vertex 39.150000000000006 15.25 -18.05
      vertex 39.150000000000006 3.5 -21.55
    endloop
  endfacet
  facet normal -1 0 0
    outer loop
      vertex 37.650000000000006 15.25 -21.55
      vertex 37.650000000000006 3.5 -18.05
      vertex 37.650000000000006 15.25 -18.05
    endloop
  endfacet
  facet normal 0 0 1
    outer loop
      vertex 37.650000000000006 15.25 -18.05
      vertex 39.150000000000006 3.5 -18.05
      vertex 39.150000000000006 15.25 -18.05
    endloop
  endfacet
  facet normal 0 1 0
    outer loop
      vertex 37.650000000000006 15.25 -21.55
      vertex 37.650000000000006 15.25 -18.05
      vertex 39.150000000000006 15.25 -21.55
    endloop
  endfacet
  facet normal 0 1 0
    outer loop
      vertex 39.150000000000006 15.25 -21.55
      vertex 37.650000000000006 15.25 -18.05
      vertex 39.150000000000006 15.25 -18.05
    endloop
  endfacet
  facet normal 0 -1 0
    outer loop
      vertex 37.650000000000006 -12.25 18.05
      vertex 39.150000000000006 -12.25 18.05
      vertex 39.150000000000006 -12.25 21.55
    endloop
  endfacet
  facet normal 0 -1 0
    outer loop
      vertex 37.650000000000006 -12.25 18.05
      vertex 39.150000000000006 -12.25 21.55
      vertex 37.650000000000006 -12.25 21.55
    endloop
  endfacet
  facet normal 0 0 -1
    outer loop
      vertex 37.650000000000006 -12.25 18.05
      vertex 39.150000000000006 15.25 18.05
      vertex 39.150000000000006 -12.25 18.05
    endloop
  endfacet
  facet normal 1 0 0
    outer loop
      vertex 39.150000000000006 -12.25 18.05
      vertex 39.150000000000006 15.25 18.05
      vertex 39.150000000000006 -12.25 21.55
    endloop
  endfacet
  facet normal -1 0 0
    outer loop
      vertex 37.650000000000006 -12.25 18.05
      vertex 37.650000000000006 -12.25 21.55
      vertex 37.650000000000006 15.25 21.55
    endloop
  endfacet
  facet normal -1 0 0
    outer loop
      vertex 37.650000000000006 -12.25 18.05
      vertex 37.650000000000006 15.25 21.55
      vertex 37.650000000000006 15.25 18.05
    endloop
  endfacet
  facet normal 0 0 -1
    outer loop
      vertex 37.650000000000006 -12.25 18.05
      vertex 37.650000000000006 15.25 18.05
      vertex 39.150000000000006 15.25 18.05
    endloop
  endfacet
  facet normal 1 0 0
    outer loop
      vertex 39.150000000000006 -12.25 21.55
      vertex 39.150000000000006 15.25 18.05
      vertex 39.150000000000006 15.25 21.55
    endloop
  endfacet
  facet normal 0 1 0
    outer loop
      vertex 37.650000000000006 15.25 18.05
      vertex 37.650000000000006 15.25 21.55
      vertex 39.150000000000006 15.25 18.05
    endloop
  endfacet
  facet normal 0 1 0
    outer loop
      vertex 39.150000000000006 15.25 18.05
      vertex 37.650000000000006 15.25 21.55
      vertex 39.150000000000006 15.25 21.55
    endloop
  endfacet
  facet normal 0 -1 0
    outer loop
      vertex -47.25 -12.25 -15.616666666666667
      vertex -43.75 -12.25 -15.616666666666667
      vertex -43.75 -12.25 -14.116666666666667
    endloop
  endfacet
  facet normal 0 -1 0
    outer loop
      vertex -47.25 -12.25 -15.616666666666667
      vertex -43.75 -12.25 -14.116666666666667
      vertex -47.25 -12.25 -14.116666666666667
    endloop
  endfacet
  facet normal 0 0 -1
    outer loop
      vertex -47.25 -12.25 -15.616666666666667
      vertex -43.75 15.25 -15.616666666666667
      vertex -43.75 -12.25 -15.616666666666667
    endloop
  endfacet
  facet normal 0 0 1
    outer loop
      vertex -47.25 -12.25 -14.116666666666667
      vertex -43.75 -12.25 -14.116666666666667
      vertex -47.25 15.25 -14.116666666666667
    endloop
  endfacet
  facet normal 1 0 0
    outer loop
      vertex -43.75 -12.25 -15.616666666666667
      vertex -43.75 15.25 -15.616666666666667
      vertex -43.75 -12.25 -14.116666666666667
    endloop
  endfacet
  facet normal 0 -1 0
    outer loop
      vertex -47.25 -12.25 -0.75
      vertex -43.75 -12.25 -0.75
      vertex -43.75 -12.25 0.75
    endloop
  endfacet
  facet normal 0 0 -1
    outer loop
      vertex -47.25 -12.25 -0.75
      vertex -43.75 2 -0.75
      vertex -43.75 -12.25 -0.75
    endloop
  endfacet
  facet normal 0 0 -1
    outer loop
      vertex -47.25 -12.25 -0.75
      vertex -47.25 2 -0.75
      vertex -43.75 2 -0.75
    endloop
  endfacet
  facet normal 1 0 0
    outer loop
      vertex -43.75 -12.25 -0.75
      vertex -43.75 2 -0.75
      vertex -43.75 2 0.75
    endloop
  endfacet
  facet normal 0 -1 0
    outer loop
      vertex -47.25 -12.25 -0.75
      vertex -43.75 -12.25 0.75
      vertex -47.25 -12.25 0.75
    endloop
  endfacet
  facet normal 0 0 1
    outer loop
      vertex -47.25 -12.25 0.75
      vertex -43.75 -12.25 0.75
      vertex -47.25 2 0.75
    endloop
  endfacet
  facet normal 0 0 1
    outer loop
      vertex -43.75 -12.25 0.75
      vertex -43.75 2 0.75
      vertex -47.25 2 0.75
    endloop
  endfacet
  facet normal 1 0 0
    outer loop
      vertex -43.75 -12.25 -0.75
      vertex -43.75 2 0.75
      vertex -43.75 -12.25 0.75
    endloop
  endfacet
  facet normal 0 0 -1
    outer loop
      vertex -47.25 -12.25 -15.616666666666667
      vertex -47.25 15.25 -15.616666666666667
      vertex -43.75 15.25 -15.616666666666667
    endloop
  endfacet
  facet normal 0 0 1
    outer loop
      vertex -43.75 -12.25 -14.116666666666667
      vertex -43.75 15.25 -14.116666666666667
      vertex -47.25 15.25 -14.116666666666667
    endloop
  endfacet
  facet normal 1 0 0
    outer loop
      vertex -43.75 -12.25 -14.116666666666667
      vertex -43.75 15.25 -15.616666666666667
      vertex -43.75 15.25 -14.116666666666667
    endloop
  endfacet
  facet normal 0 1 0
    outer loop
      vertex -47.25 15.25 -15.616666666666667
      vertex -47.25 15.25 -14.116666666666667
      vertex -43.75 15.25 -15.616666666666667
    endloop
  endfacet
  facet normal 0 1 0
    outer loop
      vertex -47.25 15.25 -14.116666666666667
      vertex -43.75 15.25 -14.116666666666667
      vertex -43.75 15.25 -15.616666666666667
    endloop
  endfacet
  facet normal 0 0 -1
    outer loop
      vertex -43.75 15.25 -0.75
      vertex -43.75 3.5 -0.75
      vertex -47.25 3.5 -0.75
    endloop
  endfacet
  facet normal 0 0 -1
    outer loop
      vertex -47.25 15.25 -0.75
      vertex -43.75 15.25 -0.75
      vertex -47.25 3.5 -0.75
    endloop
  endfacet
  facet normal 0 1 0
    outer loop
      vertex -47.25 15.25 -0.75
      vertex -47.25 15.25 0.75
      vertex -43.75 15.25 -0.75
    endloop
  endfacet
  facet normal 1 0 0
    outer loop
      vertex -43.75 15.25 -0.75
      vertex -43.75 15.25 0.75
      vertex -43.75 3.5 -0.75
    endloop
  endfacet
  facet normal 0 0 1
    outer loop
      vertex -47.25 15.25 0.75
      vertex -47.25 3.5 0.75
      vertex -43.75 3.5 0.75
    endloop
  endfacet
  facet normal 1 0 0
    outer loop
      vertex -43.75 15.25 0.75
      vertex -43.75 3.5 0.75
      vertex -43.75 3.5 -0.75
    endloop
  endfacet
  facet normal 0 0 1
    outer loop
      vertex -47.25 15.25 0.75
      vertex -43.75 3.5 0.75
      vertex -43.75 15.25 0.75
    endloop
  endfacet
  facet normal 0 1 0
    outer loop
      vertex -43.75 15.25 -0.75
      vertex -47.25 15.25 0.75
      vertex -43.75 15.25 0.75
    endloop
  endfacet
  facet normal 0 -1 0
    outer loop
      vertex -47.25 -12.25 14.116666666666664
      vertex -43.75 -12.25 14.116666666666664
      vertex -43.75 -12.25 15.616666666666664
    endloop
  endfacet
  facet normal 0 -1 0
    outer loop
      vertex -47.25 -12.25 14.116666666666664
      vertex -43.75 -12.25 15.616666666666664
      vertex -47.25 -12.25 15.616666666666664
    endloop
  endfacet
  facet normal 0 0 -1
    outer loop
      vertex -47.25 -12.25 14.116666666666664
      vertex -43.75 15.25 14.116666666666664
      vertex -43.75 -12.25 14.116666666666664
    endloop
  endfacet
  facet normal 0 0 1
    outer loop
      vertex -47.25 -12.25 15.616666666666664
      vertex -43.75 -12.25 15.616666666666664
      vertex -47.25 15.25 15.616666666666664
    endloop
  endfacet
  facet normal 1 0 0
    outer loop
      vertex -43.75 -12.25 14.116666666666664
      vertex -43.75 15.25 14.116666666666664
      vertex -43.75 -12.25 15.616666666666664
    endloop
  endfacet
  facet normal 0 0 -1
    outer loop
      vertex -47.25 -12.25 14.116666666666664
      vertex -47.25 15.25 14.116666666666664
      vertex -43.75 15.25 14.116666666666664
    endloop
  endfacet
  facet normal 0 0 1
    outer loop
      vertex -43.75 -12.25 15.616666666666664
      vertex -43.75 15.25 15.616666666666664
      vertex -47.25 15.25 15.616666666666664
    endloop
  endfacet
  facet normal 1 0 0
    outer loop
      vertex -43.75 -12.25 15.616666666666664
      vertex -43.75 15.25 14.116666666666664
      vertex -43.75 15.25 15.616666666666664
    endloop
  endfacet
  facet normal 0 1 0
    outer loop
      vertex -47.25 15.25 14.116666666666664
      vertex -47.25 15.25 15.616666666666664
      vertex -43.75 15.25 14.116666666666664
    endloop
  endfacet
  facet normal 0 1 0
    outer loop
      vertex -47.25 15.25 15.616666666666664
      vertex -43.75 15.25 15.616666666666664
      vertex -43.75 15.25 14.116666666666664
    endloop
  endfacet
  facet normal 0 -1 0
    outer loop
      vertex 43.75 -12.25 -15.616666666666667
      vertex 47.25 -12.25 -14.116666666666667
      vertex 43.75 -12.25 -14.116666666666667
    endloop
  endfacet
  facet normal 0 -1 0
    outer loop
      vertex 43.75 -12.25 -15.616666666666667
      vertex 47.25 -12.25 -15.616666666666667
      vertex 47.25 -12.25 -14.116666666666667
    endloop
  endfacet
  facet normal -1 0 0
    outer loop
      vertex 43.75 -12.25 -15.616666666666667
      vertex 43.75 -12.25 -14.116666666666667
      vertex 43.75 15.25 -14.116666666666667
    endloop
  endfacet
  facet normal 0 0 1
    outer loop
      vertex 43.75 -12.25 -14.116666666666667
      vertex 47.25 -12.25 -14.116666666666667
      vertex 43.75 15.25 -14.116666666666667
    endloop
  endfacet
  facet normal 0 0 -1
    outer loop
      vertex 43.75 -12.25 -15.616666666666667
      vertex 47.25 15.25 -15.616666666666667
      vertex 47.25 -12.25 -15.616666666666667
    endloop
  endfacet
  facet normal 0 -1 0
    outer loop
      vertex 43.75 -12.25 -0.75
      vertex 47.25 -12.25 -0.75
      vertex 47.25 -12.25 0.75
    endloop
  endfacet
  facet normal -1 0 0
    outer loop
      vertex 43.75 -12.25 -0.75
      vertex 43.75 0 0
      vertex 43.75 0.1 0
    endloop
  endfacet
  facet normal -1 0 0
    outer loop
      vertex 43.75 -12.25 -0.75
      vertex 43.75 0.1 0
      vertex 43.75 2 -0.75
    endloop
  endfacet
  facet normal 0 0 -1
    outer loop
      vertex 43.75 -12.25 -0.75
      vertex 43.75 2 -0.75
      vertex 47.25 2 -0.75
    endloop
  endfacet
  facet normal 0 0 -1
    outer loop
      vertex 43.75 -12.25 -0.75
      vertex 47.25 2 -0.75
      vertex 47.25 -12.25 -0.75
    endloop
  endfacet
  facet normal 0 -1 0
    outer loop
      vertex 43.75 -12.25 -0.75
      vertex 47.25 -12.25 0.75
      vertex 43.75 -12.25 0.75
    endloop
  endfacet
  facet normal -1 0 0
    outer loop
      vertex 43.75 -12.25 -0.75
      vertex 43.75 -12.25 0.75
      vertex 43.75 0 0
    endloop
  endfacet
  facet normal 0 0 1
    outer loop
      vertex 43.75 -12.25 0.75
      vertex 47.25 -12.25 0.75
      vertex 43.75 2 0.75
    endloop
  endfacet
  facet normal -1 0 0
    outer loop
      vertex 43.75 -12.25 0.75
      vertex 43.75 0 0.1
      vertex 43.75 0 0
    endloop
  endfacet
  facet normal -1 0 0
    outer loop
      vertex 43.75 -12.25 0.75
      vertex 43.75 2 0.75
      vertex 43.75 0 0.1
    endloop
  endfacet
  facet normal 0 0 1
    outer loop
      vertex 47.25 -12.25 0.75
      vertex 47.25 2 0.75
      vertex 43.75 2 0.75
    endloop
  endfacet
  facet normal -1 0 0
    outer loop
      vertex 43.75 -12.25 -15.616666666666667
      vertex 43.75 15.25 -14.116666666666667
      vertex 43.75 15.25 -15.616666666666667
    endloop
  endfacet
  facet normal 0 0 -1
    outer loop
      vertex 43.75 -12.25 -15.616666666666667
      vertex 43.75 15.25 -15.616666666666667
      vertex 47.25 15.25 -15.616666666666667
    endloop
  endfacet
  facet normal 0 0 1
    outer loop
      vertex 47.25 -12.25 -14.116666666666667
      vertex 47.25 15.25 -14.116666666666667
      vertex 43.75 15.25 -14.116666666666667
    endloop
  endfacet
  facet normal 0 1 0
    outer loop
      vertex 43.75 15.25 -15.616666666666667
      vertex 43.75 15.25 -14.116666666666667
      vertex 47.25 15.25 -15.616666666666667
    endloop
  endfacet
  facet normal 0 1 0
    outer loop
      vertex 43.75 15.25 -14.116666666666667
      vertex 47.25 15.25 -14.116666666666667
      vertex 47.25 15.25 -15.616666666666667
    endloop
  endfacet
  facet normal -1 0 0
    outer loop
      vertex 43.75 0.1 0
      vertex 43.75 0.1 0.1
      vertex 43.75 2 -0.75
    endloop
  endfacet
  facet normal -1 0 0
    outer loop
      vertex 43.75 15.25 -0.75
      vertex 43.75 3.5 -0.75
      vertex 43.75 3.5 0.75
    endloop
  endfacet
  facet normal 0 0 -1
    outer loop
      vertex 47.25 15.25 -0.75
      vertex 47.25 3.5 -0.75
      vertex 43.75 3.5 -0.75
    endloop
  endfacet
  facet normal 0 0 -1
    outer loop
      vertex 43.75 15.25 -0.75
      vertex 47.25 15.25 -0.75
      vertex 43.75 3.5 -0.75
    endloop
  endfacet
  facet normal 0 1 0
    outer loop
      vertex 43.75 15.25 -0.75
      vertex 43.75 15.25 0.75
      vertex 47.25 15.25 -0.75
    endloop
  endfacet
  facet normal -1 0 0
    outer loop
      vertex 43.75 0 0.1
      vertex 43.75 2 0.75
      vertex 43.75 0.1 0.1
    endloop
  endfacet
  facet normal -1 0 0
    outer loop
      vertex 43.75 0.1 0.1
      vertex 43.75 2 0.75
      vertex 43.75 2 -0.75
    endloop
  endfacet
  facet normal 0 0 1
    outer loop
      vertex 43.75 15.25 0.75
      vertex 43.75 3.5 0.75
      vertex 47.25 3.5 0.75
    endloop
  endfacet
  facet normal -1 0 0
    outer loop
      vertex 43.75 15.25 -0.75
      vertex 43.75 3.5 0.75
      vertex 43.75 15.25 0.75
    endloop
  endfacet
  facet normal 0 0 1
    outer loop
      vertex 43.75 15.25 0.75
      vertex 47.25 3.5 0.75
      vertex 47.25 15.25 0.75
    endloop
  endfacet
  facet normal 0 1 0
    outer loop
      vertex 47.25 15.25 -0.75
      vertex 43.75 15.25 0.75
      vertex 47.25 15.25 0.75
    endloop
  endfacet
  facet normal 0 -1 0
    outer loop
      vertex 43.75 -12.25 14.116666666666664
      vertex 47.25 -12.25 15.616666666666664
      vertex 43.75 -12.25 15.616666666666664
    endloop
  endfacet
  facet normal 0 -1 0
    outer loop
      vertex 43.75 -12.25 14.116666666666664
      vertex 47.25 -12.25 14.116666666666664
      vertex 47.25 -12.25 15.616666666666664
    endloop
  endfacet
  facet normal -1 0 0
    outer loop
      vertex 43.75 -12.25 14.116666666666664
      vertex 43.75 -12.25 15.616666666666664
      vertex 43.75 15.25 15.616666666666664
    endloop
  endfacet
  facet normal 0 0 1
    outer loop
      vertex 43.75 -12.25 15.616666666666664
      vertex 47.25 -12.25 15.616666666666664
      vertex 43.75 15.25 15.616666666666664
    endloop
  endfacet
  facet normal 0 0 -1
    outer loop
      vertex 43.75 -12.25 14.116666666666664
      vertex 47.25 15.25 14.116666666666664
      vertex 47.25 -12.25 14.116666666666664
    endloop
  endfacet
  facet normal -1 0 0
    outer loop
      vertex 43.75 -12.25 14.116666666666664
      vertex 43.75 15.25 15.616666666666664
      vertex 43.75 15.25 14.116666666666664
    endloop
  endfacet
  facet normal 0 0 -1
    outer loop
      vertex 43.75 -12.25 14.116666666666664
      vertex 43.75 15.25 14.116666666666664
      vertex 47.25 15.25 14.116666666666664
    endloop
  endfacet
  facet normal 0 0 1
    outer loop
      vertex 47.25 -12.25 15.616666666666664
      vertex 47.25 15.25 15.616666666666664
      vertex 43.75 15.25 15.616666666666664
    endloop
  endfacet
  facet normal 0 1 0
    outer loop
      vertex 43.75 15.25 14.116666666666664
      vertex 43.75 15.25 15.616666666666664
      vertex 47.25 15.25 14.116666666666664
    endloop
  endfacet
  facet normal 0 1 0
    outer loop
      vertex 43.75 15.25 15.616666666666664
      vertex 47.25 15.25 15.616666666666664
      vertex 47.25 15.25 14.116666666666664
    endloop
  endfacet
  facet normal -1 0 0
    outer loop
      vertex -48 -12.25 21.55
      vertex -48 -12.25 22.3
      vertex -48 0 22.3
    endloop
  endfacet
  facet normal -1 0 0
    outer loop
      vertex -48 -12.25 21.55
      vertex -48 0 22.3
      vertex -48 0 21.55
    endloop
  endfacet
  facet normal 0 0 1
    outer loop
      vertex -48 -12.25 22.3
      vertex -47.9 0 22.3
      vertex -48 0 22.3
    endloop
  endfacet
  facet normal 0 0 1
    outer loop
      vertex -48 -12.25 22.3
      vertex -36 0 22.3
      vertex -47.9 0 22.3
    endloop
  endfacet
  facet normal 0 0 -1
    outer loop
      vertex -47.25 -12.25 21.55
      vertex -39.15 15.25 21.55
      vertex -39.15 -12.25 21.55
    endloop
  endfacet
  facet normal 0 0 1
    outer loop
      vertex -48 -12.25 22.3
      vertex -35.9 0 22.3
      vertex -36 0 22.3
    endloop
  endfacet
  facet normal 0 0 -1
    outer loop
      vertex -37.65 -12.25 21.55
      vertex -36 0 21.55
      vertex -35.9 0 21.55
    endloop
  endfacet
  facet normal 0 0 -1
    outer loop
      vertex -37.65 -12.25 21.55
      vertex -36 0.1 21.55
      vertex -36 0 21.55
    endloop
  endfacet
  facet normal 0 0 1
    outer loop
      vertex -48 -12.25 22.3
      vertex -24 0 22.3
      vertex -35.9 0 22.3
    endloop
  endfacet
  facet normal 0 0 -1
    outer loop
      vertex -37.65 -12.25 21.55
      vertex -24 0 21.55
      vertex -19.95 -12.25 21.55
    endloop
  endfacet
  facet normal 0 0 -1
    outer loop
      vertex -37.65 -12.25 21.55
      vertex -24 0.1 21.55
      vertex -24 0 21.55
    endloop
  endfacet
  facet normal 0 0 -1
    outer loop
      vertex -24 0 21.55
      vertex -23.9 0 21.55
      vertex -19.95 -12.25 21.55
    endloop
  endfacet
  facet normal 0 -1 0
    outer loop
      vertex -48 -12.25 21.55
      vertex 48 -12.25 22.3
      vertex -48 -12.25 22.3
    endloop
  endfacet
  facet normal 0 -1 0
    outer loop
      vertex -48 -12.25 21.55
      vertex -47.25 -12.25 21.55
      vertex 48 -12.25 22.3
    endloop
  endfacet
  facet normal 0 0 -1
    outer loop
      vertex -18.45 -12.25 21.55
      vertex -12 0 21.55
      vertex -11.9 0 21.55
    endloop
  endfacet
  facet normal 0 0 -1
    outer loop
      vertex -18.45 -12.25 21.55
      vertex -12 0.1 21.55
      vertex -12 0 21.55
    endloop
  endfacet
  facet normal -1 0 0
    outer loop
      vertex -48 0.1 21.55
      vertex -48 0.1 22.3
      vertex -48 15.25 22.3
    endloop
  endfacet
  facet normal 0 0 1
    outer loop
      vertex -48 0.1 22.3
      vertex -47.9 0.1 22.3
      vertex -48 15.25 22.3
    endloop
  endfacet
  facet normal 0 0 1
    outer loop
      vertex -47.9 0 22.3
      vertex -36 0 22.3
      vertex -47.9 0.1 22.3
    endloop
  endfacet
  facet normal 0 0 1
    outer loop
      vertex -47.9 0.1 22.3
      vertex -36 0.1 22.3
      vertex -48 15.25 22.3
    endloop
  endfacet
  facet normal 0 0 -1
    outer loop
      vertex -47.25 -12.25 21.55
      vertex -47.25 15.25 21.55
      vertex -39.15 15.25 21.55
    endloop
  endfacet
  facet normal -1 0 0
    outer loop
      vertex -48 0.1 21.55
      vertex -48 15.25 22.3
      vertex -48 15.25 21.55
    endloop
  endfacet
  facet normal 0 1 0
    outer loop
      vertex -48 15.25 21.55
      vertex -48 15.25 22.3
      vertex -47.25 15.25 21.55
    endloop
  endfacet
  facet normal 0 1 0
    outer loop
      vertex -47.25 15.25 21.55
      vertex -48 15.25 22.3
      vertex -39.15 15.25 21.55
    endloop
  endfacet
  facet normal 0 1 0
    outer loop
      vertex -48 15.25 22.3
      vertex -37.65 15.25 21.55
      vertex -39.15 15.25 21.55
    endloop
  endfacet
  facet normal 0 0 1
    outer loop
      vertex -47.9 0.1 22.3
      vertex -36 0 22.3
      vertex -36 0.1 22.3
    endloop
  endfacet
  facet normal 0 0 -1
    outer loop
      vertex -37.65 -12.25 21.55
      vertex -37.65 15.25 21.55
      vertex -36 0.1 21.55
    endloop
  endfacet
  facet normal 0 0 1
    outer loop
      vertex -36 0.1 22.3
      vertex -35.9 0.1 22.3
      vertex -48 15.25 22.3
    endloop
  endfacet
  facet normal 0 0 1
    outer loop
      vertex -35.9 0.1 22.3
      vertex -24 0.1 22.3
      vertex -48 15.25 22.3
    endloop
  endfacet
  facet normal 0 0 1
    outer loop
      vertex -35.9 0 22.3
      vertex -24 0 22.3
      vertex -35.9 0.1 22.3
    endloop
  endfacet
  facet normal 0 0 1
    outer loop
      vertex -48 15.25 22.3
      vertex -24 0.1 22.3
      vertex -23.9 0.1 22.3
    endloop
  endfacet
  facet normal 0 1 0
    outer loop
      vertex -48 15.25 22.3
      vertex -19.95 15.25 21.55
      vertex -37.65 15.25 21.55
    endloop
  endfacet
  facet normal 0 0 -1
    outer loop
      vertex -37.65 -12.25 21.55
      vertex -35.9 0 21.55
      vertex -19.95 15.25 21.55
    endloop
  endfacet
  facet normal 0 0 1
    outer loop
      vertex -35.9 0.1 22.3
      vertex -24 0 22.3
      vertex -24 0.1 22.3
    endloop
  endfacet
  facet normal 0 0 -1
    outer loop
      vertex -37.65 -12.25 21.55
      vertex -19.95 15.25 21.55
      vertex -24 0.1 21.55
    endloop
  endfacet
  facet normal 0 0 -1
    outer loop
      vertex -35.9 0 21.55
      vertex -35.9 0.1 21.55
      vertex -19.95 15.25 21.55
    endloop
  endfacet
  facet normal 0 0 -1
    outer loop
      vertex -36 0.1 21.55
      vertex -19.95 15.25 21.55
      vertex -35.9 0.1 21.55
    endloop
  endfacet
  facet normal 0 0 1
    outer loop
      vertex -48 15.25 22.3
      vertex -23.9 0.1 22.3
      vertex -12 0.1 22.3
    endloop
  endfacet
  facet normal 0 0 1
    outer loop
      vertex -48 15.25 22.3
      vertex -12 0.1 22.3
      vertex -11.9 0.1 22.3
    endloop
  endfacet
  facet normal 0 0 -1
    outer loop
      vertex -23.9 0 21.55
      vertex -23.9 0.1 21.55
      vertex -19.95 15.25 21.55
    endloop
  endfacet
  facet normal 0 0 -1
    outer loop
      vertex -24 0.1 21.55
      vertex -19.95 15.25 21.55
      vertex -23.9 0.1 21.55
    endloop
  endfacet
  facet normal 0 0 -1
    outer loop
      vertex -36 0.1 21.55
      vertex -37.65 15.25 21.55
      vertex -19.95 15.25 21.55
    endloop
  endfacet
  facet normal 0 1 0
    outer loop
      vertex -48 15.25 22.3
      vertex -18.45 15.25 21.55
      vertex -19.95 15.25 21.55
    endloop
  endfacet
  facet normal 0 1 0
    outer loop
      vertex -48 15.25 22.3
      vertex -0.75 15.25 21.55
      vertex -18.45 15.25 21.55
    endloop
  endfacet
  facet normal 0 0 -1
    outer loop
      vertex -23.9 0 21.55
      vertex -19.95 15.25 21.55
      vertex -19.95 -12.25 21.55
    endloop
  endfacet
  facet normal 0 0 1
    outer loop
      vertex -23.9 0 22.3
      vertex -12 0 22.3
      vertex -23.9 0.1 22.3
    endloop
  endfacet
  facet normal 0 0 1
    outer loop
      vertex -48 15.25 22.3
      vertex -11.9 0.1 22.3
      vertex 0 0.1 22.3
    endloop
  endfacet
  facet normal 0 0 1
    outer loop
      vertex -23.9 0.1 22.3
      vertex -12 0 22.3
      vertex -12 0.1 22.3
    endloop
  endfacet
  facet normal 0 0 -1
    outer loop
      vertex -18.45 -12.25 21.55
      vertex -18.45 15.25 21.55
      vertex -12 0.1 21.55
    endloop
  endfacet
  facet normal 0 0 1
    outer loop
      vertex -48 15.25 22.3
      vertex 0 0.1 22.3
      vertex 0.1 0.1 22.3
    endloop
  endfacet
  facet normal 0 1 0
    outer loop
      vertex -48 15.25 22.3
      vertex 0.75 15.25 21.55
      vertex -0.75 15.25 21.55
    endloop
  endfacet
  facet normal 0 -1 0
    outer loop
      vertex -47.25 -12.25 21.55
      vertex -39.15 -12.25 21.55
      vertex 48 -12.25 22.3
    endloop
  endfacet
  facet normal 0 -1 0
    outer loop
      vertex -39.15 -12.25 21.55
      vertex -37.65 -12.25 21.55
      vertex 48 -12.25 22.3
    endloop
  endfacet
  facet normal 0 0 1
    outer loop
      vertex -48 -12.25 22.3
      vertex 48 -12.25 22.3
      vertex -24 0 22.3
    endloop
  endfacet
  facet normal 0 0 -1
    outer loop
      vertex -18.45 -12.25 21.55
      vertex -0.75 15.25 21.55
      vertex -0.75 -12.25 21.55
    endloop
  endfacet
  facet normal 0 -1 0
    outer loop
      vertex -37.65 -12.25 21.55
      vertex -19.95 -12.25 21.55
      vertex 48 -12.25 22.3
    endloop
  endfacet
  facet normal 0 -1 0
    outer loop
      vertex -19.95 -12.25 21.55
      vertex -18.45 -12.25 21.55
      vertex 48 -12.25 22.3
    endloop
  endfacet
  facet normal 0 0 1
    outer loop
      vertex -24 0 22.3
      vertex 48 -12.25 22.3
      vertex -23.9 0 22.3
    endloop
  endfacet
  facet normal 0 0 1
    outer loop
      vertex -23.9 0 22.3
      vertex 48 -12.25 22.3
      vertex -12 0 22.3
    endloop
  endfacet
  facet normal 0 -1 0
    outer loop
      vertex -18.45 -12.25 21.55
      vertex -0.75 -12.25 21.55
      vertex 48 -12.25 22.3
    endloop
  endfacet
  facet normal 0 0 -1
    outer loop
      vertex 0.75 -12.25 21.55
      vertex 12 0.1 21.55
      vertex 12 0 21.55
    endloop
  endfacet
  facet normal 0 0 1
    outer loop
      vertex -11.9 0 22.3
      vertex -12 0 22.3
      vertex 48 -12.25 22.3
    endloop
  endfacet
  facet normal 0 0 -1
    outer loop
      vertex 0.75 -12.25 21.55
      vertex 12 0 21.55
      vertex 18.450000000000003 -12.25 21.55
    endloop
  endfacet
  facet normal 0 0 1
    outer loop
      vertex -11.9 0 22.3
      vertex 48 -12.25 22.3
      vertex 0 0 22.3
    endloop
  endfacet
  facet normal 0 0 -1
    outer loop
      vertex 12 0 21.55
      vertex 12.1 0 21.55
      vertex 18.450000000000003 -12.25 21.55
    endloop
  endfacet
  facet normal 0 -1 0
    outer loop
      vertex -0.75 -12.25 21.55
      vertex 0.75 -12.25 21.55
      vertex 48 -12.25 22.3
    endloop
  endfacet
  facet normal 0 -1 0
    outer loop
      vertex 0.75 -12.25 21.55
      vertex 18.450000000000003 -12.25 21.55
      vertex 48 -12.25 22.3
    endloop
  endfacet
  facet normal 0 0 1
    outer loop
      vertex 0 0 22.3
      vertex 48 -12.25 22.3
      vertex 0.1 0 22.3
    endloop
  endfacet
  facet normal 0 0 1
    outer loop
      vertex 0.1 0 22.3
      vertex 48 -12.25 22.3
      vertex 0.1 0.1 22.3
    endloop
  endfacet
  facet normal 0 0 -1
    outer loop
      vertex 19.950000000000003 -12.25 21.55
      vertex 24 0 21.55
      vertex 24.1 0 21.55
    endloop
  endfacet
  facet normal 0 0 -1
    outer loop
      vertex 19.950000000000003 -12.25 21.55
      vertex 24 0.1 21.55
      vertex 24 0 21.55
    endloop
  endfacet
  facet normal 0 0 -1
    outer loop
      vertex -18.45 -12.25 21.55
      vertex -11.9 0 21.55
      vertex -0.75 15.25 21.55
    endloop
  endfacet
  facet normal 0 0 1
    outer loop
      vertex -11.9 0 22.3
      vertex 0 0 22.3
      vertex -11.9 0.1 22.3
    endloop
  endfacet
  facet normal 0 0 1
    outer loop
      vertex -11.9 0.1 22.3
      vertex 0 0 22.3
      vertex 0 0.1 22.3
    endloop
  endfacet
  facet normal 0 0 -1
    outer loop
      vertex -12 0.1 21.55
      vertex -0.75 15.25 21.55
      vertex -11.9 0.1 21.55
    endloop
  endfacet
  facet normal 0 0 -1
    outer loop
      vertex -11.9 0 21.55
      vertex -11.9 0.1 21.55
      vertex -0.75 15.25 21.55
    endloop
  endfacet
  facet normal 0 0 1
    outer loop
      vertex -48 15.25 22.3
      vertex 12 0 22.3
      vertex 12 0.1 22.3
    endloop
  endfacet
  facet normal 0 0 1
    outer loop
      vertex -48 15.25 22.3
      vertex 12 0.1 22.3
      vertex 12.1 0.1 22.3
    endloop
  endfacet
  facet normal 0 0 1
    outer loop
      vertex -48 15.25 22.3
      vertex 12.1 0.1 22.3
      vertex 24 0.1 22.3
    endloop
  endfacet
  facet normal 0 0 -1
    outer loop
      vertex -18.45 15.25 21.55
      vertex -0.75 15.25 21.55
      vertex -12 0.1 21.55
    endloop
  endfacet
  facet normal 0 1 0
    outer loop
      vertex -48 15.25 22.3
      vertex 18.450000000000003 15.25 21.55
      vertex 0.75 15.25 21.55
    endloop
  endfacet
  facet normal 0 0 1
    outer loop
      vertex -48 15.25 22.3
      vertex 0.1 0.1 22.3
      vertex 48 -12.25 22.3
    endloop
  endfacet
  facet normal 0 0 1
    outer loop
      vertex -48 15.25 22.3
      vertex 24 0.1 22.3
      vertex 24.1 0.1 22.3
    endloop
  endfacet
  facet normal 0 0 1
    outer loop
      vertex -48 15.25 22.3
      vertex 48 -12.25 22.3
      vertex 12 0 22.3
    endloop
  endfacet
  facet normal 0 1 0
    outer loop
      vertex -48 15.25 22.3
      vertex 19.950000000000003 15.25 21.55
      vertex 18.450000000000003 15.25 21.55
    endloop
  endfacet
  facet normal 0 1 0
    outer loop
      vertex -48 15.25 22.3
      vertex 37.650000000000006 15.25 21.55
      vertex 19.950000000000003 15.25 21.55
    endloop
  endfacet
  facet normal 0 0 -1
    outer loop
      vertex 0.75 -12.25 21.55
      vertex 0.75 15.25 21.55
      vertex 18.450000000000003 15.25 21.55
    endloop
  endfacet
  facet normal 0 0 -1
    outer loop
      vertex 0.75 -12.25 21.55
      vertex 18.450000000000003 15.25 21.55
      vertex 12 0.1 21.55
    endloop
  endfacet
  facet normal 0 0 -1
    outer loop
      vertex 12.1 0 21.55
      vertex 12.1 0.1 21.55
      vertex 18.450000000000003 15.25 21.55
    endloop
  endfacet
  facet normal 0 0 -1
    outer loop
      vertex 12 0.1 21.55
      vertex 18.450000000000003 15.25 21.55
      vertex 12.1 0.1 21.55
    endloop
  endfacet
  facet normal 0 0 1
    outer loop
      vertex -48 15.25 22.3
      vertex 24.1 0.1 22.3
      vertex 48 15.25 22.3
    endloop
  endfacet
  facet normal 0 1 0
    outer loop
      vertex -48 15.25 22.3
      vertex 39.150000000000006 15.25 21.55
      vertex 37.650000000000006 15.25 21.55
    endloop
  endfacet
  facet normal 0 1 0
    outer loop
      vertex -48 15.25 22.3
      vertex 47.25 15.25 21.55
      vertex 39.150000000000006 15.25 21.55
    endloop
  endfacet
  facet normal 0 0 1
    outer loop
      vertex 12.1 0 22.3
      vertex 24 0 22.3
      vertex 12.1 0.1 22.3
    endloop
  endfacet
  facet normal 0 0 -1
    outer loop
      vertex 12.1 0 21.55
      vertex 18.450000000000003 15.25 21.55
      vertex 18.450000000000003 -12.25 21.55
    endloop
  endfacet
  facet normal 0 0 1
    outer loop
      vertex 12.1 0.1 22.3
      vertex 24 0 22.3
      vertex 24 0.1 22.3
    endloop
  endfacet
  facet normal 0 0 -1
    outer loop
      vertex 19.950000000000003 -12.25 21.55
      vertex 19.950000000000003 15.25 21.55
      vertex 24 0.1 21.55
    endloop
  endfacet
  facet normal 0 1 0
    outer loop
      vertex -48 15.25 22.3
      vertex 48 15.25 21.55
      vertex 47.25 15.25 21.55
    endloop
  endfacet
  facet normal 0 1 0
    outer loop
      vertex -48 15.25 22.3
      vertex 48 15.25 22.3
      vertex 48 15.25 21.55
    endloop
  endfacet
  facet normal 0 -1 0
    outer loop
      vertex 18.450000000000003 -12.25 21.55
      vertex 19.950000000000003 -12.25 21.55
      vertex 48 -12.25 22.3
    endloop
  endfacet
  facet normal 0 0 1
    outer loop
      vertex 12 0 22.3
      vertex 48 -12.25 22.3
      vertex 12.1 0 22.3
    endloop
  endfacet
  facet normal 0 0 -1
    outer loop
      vertex 19.950000000000003 -12.25 21.55
      vertex 36 0 21.55
      vertex 37.650000000000006 -12.25 21.55
    endloop
  endfacet
  facet normal 0 0 1
    outer loop
      vertex 12.1 0 22.3
      vertex 48 -12.25 22.3
      vertex 24 0 22.3
    endloop
  endfacet
  facet normal 0 0 -1
    outer loop
      vertex 19.950000000000003 -12.25 21.55
      vertex 36 0.1 21.55
      vertex 36 0 21.55
    endloop
  endfacet
  facet normal 0 0 1
    outer loop
      vertex 24 0 22.3
      vertex 48 -12.25 22.3
      vertex 24.1 0 22.3
    endloop
  endfacet
  facet normal 0 -1 0
    outer loop
      vertex 19.950000000000003 -12.25 21.55
      vertex 37.650000000000006 -12.25 21.55
      vertex 48 -12.25 22.3
    endloop
  endfacet
  facet normal 0 0 -1
    outer loop
      vertex 37.650000000000006 -12.25 21.55
      vertex 36 0 21.55
      vertex 36.1 0 21.55
    endloop
  endfacet
  facet normal 0 0 1
    outer loop
      vertex 24.1 0 22.3
      vertex 48 -12.25 22.3
      vertex 36 0 22.3
    endloop
  endfacet
  facet normal 0 0 1
    outer loop
      vertex 36 0 22.3
      vertex 48 -12.25 22.3
      vertex 36.1 0 22.3
    endloop
  endfacet
  facet normal 0 -1 0
    outer loop
      vertex 37.650000000000006 -12.25 21.55
      vertex 39.150000000000006 -12.25 21.55
      vertex 48 -12.25 22.3
    endloop
  endfacet
  facet normal 0 -1 0
    outer loop
      vertex 39.150000000000006 -12.25 21.55
      vertex 47.25 -12.25 21.55
      vertex 48 -12.25 22.3
    endloop
  endfacet
  facet normal 0 -1 0
    outer loop
      vertex 47.25 -12.25 21.55
      vertex 48 -12.25 21.55
      vertex 48 -12.25 22.3
    endloop
  endfacet
  facet normal 0 0 1
    outer loop
      vertex 36.1 0 22.3
      vertex 48 -12.25 22.3
      vertex 48 0 22.3
    endloop
  endfacet
  facet normal 0 0 -1
    outer loop
      vertex 39.150000000000006 -12.25 21.55
      vertex 47.25 15.25 21.55
      vertex 47.25 -12.25 21.55
    endloop
  endfacet
  facet normal 1 0 0
    outer loop
      vertex 48 -12.25 21.55
      vertex 48 0 21.55
      vertex 48 -12.25 22.3
    endloop
  endfacet
  facet normal 1 0 0
    outer loop
      vertex 48 -12.25 22.3
      vertex 48 0 21.55
      vertex 48 0 22.3
    endloop
  endfacet
  facet normal 0 0 -1
    outer loop
      vertex 19.950000000000003 -12.25 21.55
      vertex 24.1 0 21.55
      vertex 37.650000000000006 15.25 21.55
    endloop
  endfacet
  facet normal 0 0 1
    outer loop
      vertex 24.1 0 22.3
      vertex 36 0 22.3
      vertex 24.1 0.1 22.3
    endloop
  endfacet
  facet normal 0 0 -1
    outer loop
      vertex 19.950000000000003 -12.25 21.55
      vertex 37.650000000000006 15.25 21.55
      vertex 36 0.1 21.55
    endloop
  endfacet
  facet normal 0 0 1
    outer loop
      vertex 24.1 0.1 22.3
      vertex 36 0 22.3
      vertex 36 0.1 22.3
    endloop
  endfacet
  facet normal 0 0 -1
    outer loop
      vertex 24.1 0 21.55
      vertex 24.1 0.1 21.55
      vertex 37.650000000000006 15.25 21.55
    endloop
  endfacet
  facet normal 0 0 -1
    outer loop
      vertex 24 0.1 21.55
      vertex 37.650000000000006 15.25 21.55
      vertex 24.1 0.1 21.55
    endloop
  endfacet
  facet normal 0 0 -1
    outer loop
      vertex 19.950000000000003 15.25 21.55
      vertex 37.650000000000006 15.25 21.55
      vertex 24 0.1 21.55
    endloop
  endfacet
  facet normal 0 0 -1
    outer loop
      vertex 36.1 0 21.55
      vertex 36.1 0.1 21.55
      vertex 37.650000000000006 15.25 21.55
    endloop
  endfacet
  facet normal 0 0 -1
    outer loop
      vertex 36 0.1 21.55
      vertex 37.650000000000006 15.25 21.55
      vertex 36.1 0.1 21.55
    endloop
  endfacet
  facet normal 0 0 1
    outer loop
      vertex 24.1 0.1 22.3
      vertex 36 0.1 22.3
      vertex 48 15.25 22.3
    endloop
  endfacet
  facet normal 0 0 -1
    outer loop
      vertex 37.650000000000006 -12.25 21.55
      vertex 36.1 0 21.55
      vertex 37.650000000000006 15.25 21.55
    endloop
  endfacet
  facet normal 0 0 1
    outer loop
      vertex 36.1 0 22.3
      vertex 48 0 22.3
      vertex 36.1 0.1 22.3
    endloop
  endfacet
  facet normal 0 0 1
    outer loop
      vertex 36 0.1 22.3
      vertex 36.1 0.1 22.3
      vertex 48 15.25 22.3
    endloop
  endfacet
  facet normal 0 0 1
    outer loop
      vertex 36.1 0.1 22.3
      vertex 48 0 22.3
      vertex 48 0.1 22.3
    endloop
  endfacet
  facet normal 0 0 -1
    outer loop
      vertex 39.150000000000006 -12.25 21.55
      vertex 39.150000000000006 15.25 21.55
      vertex 47.25 15.25 21.55
    endloop
  endfacet
  facet normal 0 0 1
    outer loop
      vertex 36.1 0.1 22.3
      vertex 48 0.1 22.3
      vertex 48 15.25 22.3
    endloop
  endfacet
  facet normal 1 0 0
    outer loop
      vertex 48 0.1 21.55
      vertex 48 15.25 21.55
      vertex 48 0.1 22.3
    endloop
  endfacet
  facet normal 1 0 0
    outer loop
      vertex 48 0.1 22.3
      vertex 48 15.25 21.55
      vertex 48 15.25 22.3
    endloop
  endfacet
  facet normal 0 -1 0
    outer loop
      vertex -48 -12.25 -22.3
      vertex -47.25 -12.25 -21.55
      vertex -48 -12.25 -21.55
    endloop
  endfacet
  facet normal 0 -1 0
    outer loop
      vertex -48 -12.25 -22.3
      vertex -39.15 -12.25 -21.55
      vertex -47.25 -12.25 -21.55
    endloop
  endfacet
  facet normal 0 -1 0
    outer loop
      vertex -48 -12.25 -22.3
      vertex -37.65 -12.25 -21.55
      vertex -39.15 -12.25 -21.55
    endloop
  endfacet
  facet normal -1 0 0
    outer loop
      vertex -48 -12.25 -22.3
      vertex -48 -12.25 -21.55
      vertex -48 15.25 -21.55
    endloop
  endfacet
  facet normal 0 0 1
    outer loop
      vertex -47.25 -12.25 -21.55
      vertex -39.15 -12.25 -21.55
      vertex -47.25 2 -21.55
    endloop
  endfacet
  facet normal 0 0 1
    outer loop
      vertex -39.15 -12.25 -21.55
      vertex -39.15 2 -21.55
      vertex -47.25 2 -21.55
    endloop
  endfacet
  facet normal 0 -1 0
    outer loop
      vertex -48 -12.25 -22.3
      vertex -19.95 -12.25 -21.55
      vertex -37.65 -12.25 -21.55
    endloop
  endfacet
  facet normal 0 0 1
    outer loop
      vertex -37.65 -12.25 -21.55
      vertex -19.95 -12.25 -21.55
      vertex -37.65 2 -21.55
    endloop
  endfacet
  facet normal 0 -1 0
    outer loop
      vertex -48 -12.25 -22.3
      vertex -18.45 -12.25 -21.55
      vertex -19.95 -12.25 -21.55
    endloop
  endfacet
  facet normal 0 -1 0
    outer loop
      vertex -48 -12.25 -22.3
      vertex -0.75 -12.25 -21.55
      vertex -18.45 -12.25 -21.55
    endloop
  endfacet
  facet normal 0 0 1
    outer loop
      vertex -19.95 -12.25 -21.55
      vertex -19.95 2 -21.55
      vertex -37.65 2 -21.55
    endloop
  endfacet
  facet normal 0 -1 0
    outer loop
      vertex -48 -12.25 -22.3
      vertex 0.75 -12.25 -21.55
      vertex -0.75 -12.25 -21.55
    endloop
  endfacet
  facet normal -1 0 0
    outer loop
      vertex -48 -12.25 -22.3
      vertex -48 15.25 -21.55
      vertex -48 15.25 -22.3
    endloop
  endfacet
  facet normal 0 0 1
    outer loop
      vertex -47.25 15.25 -21.55
      vertex -47.25 3.5 -21.55
      vertex -39.15 3.5 -21.55
    endloop
  endfacet
  facet normal 0 0 1
    outer loop
      vertex -47.25 15.25 -21.55
      vertex -39.15 3.5 -21.55
      vertex -39.15 15.25 -21.55
    endloop
  endfacet
  facet normal 0 0 1
    outer loop
      vertex -37.65 15.25 -21.55
      vertex -37.65 3.5 -21.55
      vertex -19.95 3.5 -21.55
    endloop
  endfacet
  facet normal 0 0 1
    outer loop
      vertex -37.65 15.25 -21.55
      vertex -19.95 3.5 -21.55
      vertex -19.95 15.25 -21.55
    endloop
  endfacet
  facet normal 0 0 -1
    outer loop
      vertex -48 -12.25 -22.3
      vertex -48 15.25 -22.3
      vertex 48 15.25 -22.3
    endloop
  endfacet
  facet normal 0 1 0
    outer loop
      vertex -48 15.25 -22.3
      vertex -48 15.25 -21.55
      vertex 48 15.25 -22.3
    endloop
  endfacet
  facet normal 0 1 0
    outer loop
      vertex -48 15.25 -21.55
      vertex -47.25 15.25 -21.55
      vertex 48 15.25 -22.3
    endloop
  endfacet
  facet normal 0 -1 0
    outer loop
      vertex -48 -12.25 -22.3
      vertex 18.450000000000003 -12.25 -21.55
      vertex 0.75 -12.25 -21.55
    endloop
  endfacet
  facet normal 0 0 1
    outer loop
      vertex -18.45 -12.25 -21.55
      vertex -0.75 -12.25 -21.55
      vertex -18.45 2 -21.55
    endloop
  endfacet
  facet normal 0 0 1
    outer loop
      vertex -0.75 -12.25 -21.55
      vertex -0.75 2 -21.55
      vertex -18.45 2 -21.55
    endloop
  endfacet
  facet normal 0 -1 0
    outer loop
      vertex -48 -12.25 -22.3
      vertex 19.950000000000003 -12.25 -21.55
      vertex 18.450000000000003 -12.25 -21.55
    endloop
  endfacet
  facet normal 0 -1 0
    outer loop
      vertex -48 -12.25 -22.3
      vertex 37.650000000000006 -12.25 -21.55
      vertex 19.950000000000003 -12.25 -21.55
    endloop
  endfacet
  facet normal 0 -1 0
    outer loop
      vertex -48 -12.25 -22.3
      vertex 39.150000000000006 -12.25 -21.55
      vertex 37.650000000000006 -12.25 -21.55
    endloop
  endfacet
  facet normal 0 -1 0
    outer loop
      vertex -48 -12.25 -22.3
      vertex 47.25 -12.25 -21.55
      vertex 39.150000000000006 -12.25 -21.55
    endloop
  endfacet
  facet normal 0 0 1
    outer loop
      vertex 0.75 -12.25 -21.55
      vertex 18.450000000000003 -12.25 -21.55
      vertex 0.75 2 -21.55
    endloop
  endfacet
  facet normal 0 0 1
    outer loop
      vertex 18.450000000000003 -12.25 -21.55
      vertex 18.450000000000003 2 -21.55
      vertex 0.75 2 -21.55
    endloop
  endfacet
  facet normal 0 -1 0
    outer loop
      vertex -48 -12.25 -22.3
      vertex 48 -12.25 -21.55
      vertex 47.25 -12.25 -21.55
    endloop
  endfacet
  facet normal 0 -1 0
    outer loop
      vertex -48 -12.25 -22.3
      vertex 48 -12.25 -22.3
      vertex 48 -12.25 -21.55
    endloop
  endfacet
  facet normal 0 0 -1
    outer loop
      vertex -48 -12.25 -22.3
      vertex 48 15.25 -22.3
      vertex 48 -12.25 -22.3
    endloop
  endfacet
  facet normal 0 0 1
    outer loop
      vertex -18.45 15.25 -21.55
      vertex -18.45 3.5 -21.55
      vertex -0.75 3.5 -21.55
    endloop
  endfacet
  facet normal 0 1 0
    outer loop
      vertex -47.25 15.25 -21.55
      vertex -39.15 15.25 -21.55
      vertex 48 15.25 -22.3
    endloop
  endfacet
  facet normal 0 1 0
    outer loop
      vertex -39.15 15.25 -21.55
      vertex -37.65 15.25 -21.55
      vertex 48 15.25 -22.3
    endloop
  endfacet
  facet normal 0 0 1
    outer loop
      vertex -18.45 15.25 -21.55
      vertex -0.75 3.5 -21.55
      vertex -0.75 15.25 -21.55
    endloop
  endfacet
  facet normal 0 1 0
    outer loop
      vertex -37.65 15.25 -21.55
      vertex -19.95 15.25 -21.55
      vertex 48 15.25 -22.3
    endloop
  endfacet
  facet normal 0 1 0
    outer loop
      vertex -19.95 15.25 -21.55
      vertex -18.45 15.25 -21.55
      vertex 48 15.25 -22.3
    endloop
  endfacet
  facet normal 0 0 1
    outer loop
      vertex 0.75 15.25 -21.55
      vertex 0.75 3.5 -21.55
      vertex 18.450000000000003 3.5 -21.55
    endloop
  endfacet
  facet normal 0 1 0
    outer loop
      vertex -18.45 15.25 -21.55
      vertex -0.75 15.25 -21.55
      vertex 48 15.25 -22.3
    endloop
  endfacet
  facet normal 0 0 1
    outer loop
      vertex 0.75 15.25 -21.55
      vertex 18.450000000000003 3.5 -21.55
      vertex 18.450000000000003 15.25 -21.55
    endloop
  endfacet
  facet normal 0 1 0
    outer loop
      vertex -0.75 15.25 -21.55
      vertex 0.75 15.25 -21.55
      vertex 48 15.25 -22.3
    endloop
  endfacet
  facet normal 0 1 0
    outer loop
      vertex 0.75 15.25 -21.55
      vertex 18.450000000000003 15.25 -21.55
      vertex 48 15.25 -22.3
    endloop
  endfacet
  facet normal 0 0 1
    outer loop
      vertex 19.950000000000003 -12.25 -21.55
      vertex 37.650000000000006 -12.25 -21.55
      vertex 19.950000000000003 2 -21.55
    endloop
  endfacet
  facet normal 0 0 1
    outer loop
      vertex 37.650000000000006 -12.25 -21.55
      vertex 37.650000000000006 2 -21.55
      vertex 19.950000000000003 2 -21.55
    endloop
  endfacet
  facet normal 0 0 1
    outer loop
      vertex 39.150000000000006 -12.25 -21.55
      vertex 47.25 -12.25 -21.55
      vertex 39.150000000000006 2 -21.55
    endloop
  endfacet
  facet normal 0 0 1
    outer loop
      vertex 47.25 -12.25 -21.55
      vertex 47.25 2 -21.55
      vertex 39.150000000000006 2 -21.55
    endloop
  endfacet
  facet normal 1 0 0
    outer loop
      vertex 48 -12.25 -22.3
      vertex 48 15.25 -22.3
      vertex 48 -12.25 -21.55
    endloop
  endfacet
  facet normal 0 0 1
    outer loop
      vertex 19.950000000000003 15.25 -21.55
      vertex 19.950000000000003 3.5 -21.55
      vertex 37.650000000000006 3.5 -21.55
    endloop
  endfacet
  facet normal 0 0 1
    outer loop
      vertex 19.950000000000003 15.25 -21.55
      vertex 37.650000000000006 3.5 -21.55
      vertex 37.650000000000006 15.25 -21.55
    endloop
  endfacet
  facet normal 0 1 0
    outer loop
      vertex 18.450000000000003 15.25 -21.55
      vertex 19.950000000000003 15.25 -21.55
      vertex 48 15.25 -22.3
    endloop
  endfacet
  facet normal 0 1 0
    outer loop
      vertex 19.950000000000003 15.25 -21.55
      vertex 37.650000000000006 15.25 -21.55
      vertex 48 15.25 -22.3
    endloop
  endfacet
  facet normal 0 0 1
    outer loop
      vertex 39.150000000000006 15.25 -21.55
      vertex 39.150000000000006 3.5 -21.55
      vertex 47.25 3.5 -21.55
    endloop
  endfacet
  facet normal 1 0 0
    outer loop
      vertex 48 -12.25 -21.55
      vertex 48 15.25 -22.3
      vertex 48 15.25 -21.55
    endloop
  endfacet
  facet normal 0 0 1
    outer loop
      vertex 39.150000000000006 15.25 -21.55
      vertex 47.25 3.5 -21.55
      vertex 47.25 15.25 -21.55
    endloop
  endfacet
  facet normal 0 1 0
    outer loop
      vertex 37.650000000000006 15.25 -21.55
      vertex 39.150000000000006 15.25 -21.55
      vertex 48 15.25 -22.3
    endloop
  endfacet
  facet normal 0 1 0
    outer loop
      vertex 39.150000000000006 15.25 -21.55
      vertex 47.25 15.25 -21.55
      vertex 48 15.25 -22.3
    endloop
  endfacet
  facet normal 0 1 0
    outer loop
      vertex 48 15.25 -22.3
      vertex 47.25 15.25 -21.55
      vertex 48 15.25 -21.55
    endloop
  endfacet
  facet normal -1 0 0
    outer loop
      vertex 47.25 -12.25 -21.55
      vertex 47.25 -12.25 -15.616666666666667
      vertex 47.25 2 -21.55
    endloop
  endfacet
  facet normal -1 0 0
    outer loop
      vertex 47.25 -12.25 -15.616666666666667
      vertex 47.25 2 -16.8
      vertex 47.25 2 -21.55
    endloop
  endfacet
  facet normal 1 0 0
    outer loop
      vertex 48 -12.25 -21.55
      vertex 48 0 -12
      vertex 48 0 -11.9
    endloop
  endfacet
  facet normal 1 0 0
    outer loop
      vertex 48 -12.25 -21.55
      vertex 48 0.1 -12
      vertex 48 0 -12
    endloop
  endfacet
  facet normal -1 0 0
    outer loop
      vertex 47.25 -12.25 -15.616666666666667
      vertex 47.25 3.5 -16.8
      vertex 47.25 2 -16.8
    endloop
  endfacet
  facet normal -1 0 0
    outer loop
      vertex 47.25 -12.25 -14.116666666666667
      vertex 47.25 0 -12
      vertex 47.25 0 -12.9
    endloop
  endfacet
  facet normal -1 0 0
    outer loop
      vertex 47.25 -12.25 -14.116666666666667
      vertex 47.25 0 -11.9
      vertex 47.25 0 -12
    endloop
  endfacet
  facet normal 0 -1 0
    outer loop
      vertex 47.25 -12.25 -21.55
      vertex 48 -12.25 -21.55
      vertex 48 -12.25 21.55
    endloop
  endfacet
  facet normal 0 -1 0
    outer loop
      vertex 47.25 -12.25 -21.55
      vertex 48 -12.25 21.55
      vertex 47.25 -12.25 -15.616666666666667
    endloop
  endfacet
  facet normal 0 -1 0
    outer loop
      vertex 47.25 -12.25 -15.616666666666667
      vertex 48 -12.25 21.55
      vertex 47.25 -12.25 -14.116666666666667
    endloop
  endfacet
  facet normal -1 0 0
    outer loop
      vertex 47.25 -12.25 -14.116666666666667
      vertex 47.25 0 -9.4
      vertex 47.25 0 -11.9
    endloop
  endfacet
  facet normal 1 0 0
    outer loop
      vertex 48 -12.25 -21.55
      vertex 48 0 -11.9
      vertex 48 0 0
    endloop
  endfacet
  facet normal -1 0 0
    outer loop
      vertex 47.25 -12.25 -14.116666666666667
      vertex 47.25 2 -2.75
      vertex 47.25 3.5 -2.75
    endloop
  endfacet
  facet normal -1 0 0
    outer loop
      vertex 47.25 -12.25 -14.116666666666667
      vertex 47.25 -12.25 -0.75
      vertex 47.25 2 -2.75
    endloop
  endfacet
  facet normal -1 0 0
    outer loop
      vertex 47.25 -12.25 -0.75
      vertex 47.25 2 -0.75
      vertex 47.25 2 -2.75
    endloop
  endfacet
  facet normal 0 -1 0
    outer loop
      vertex 47.25 -12.25 -14.116666666666667
      vertex 48 -12.25 21.55
      vertex 47.25 -12.25 -0.75
    endloop
  endfacet
  facet normal 0 -1 0
    outer loop
      vertex 47.25 -12.25 -0.75
      vertex 48 -12.25 21.55
      vertex 47.25 -12.25 0.75
    endloop
  endfacet
  facet normal 1 0 0
    outer loop
      vertex 48 -12.25 -21.55
      vertex 48 0 0
      vertex 48 -12.25 21.55
    endloop
  endfacet
  facet normal -1 0 0
    outer loop
      vertex 47.25 -12.25 0.75
      vertex 47.25 2 2.75
      vertex 47.25 2 0.75
    endloop
  endfacet
  facet normal -1 0 0
    outer loop
      vertex 47.25 -12.25 0.75
      vertex 47.25 -12.25 14.116666666666664
      vertex 47.25 0 9.4
    endloop
  endfacet
  facet normal -1 0 0
    outer loop
      vertex 47.25 -12.25 0.75
      vertex 47.25 0 9.4
      vertex 47.25 1.5 9.4
    endloop
  endfacet
  facet normal -1 0 0
    outer loop
      vertex 47.25 0 9.4
      vertex 47.25 -12.25 14.116666666666664
      vertex 47.25 0 12
    endloop
  endfacet
  facet normal 1 0 0
    outer loop
      vertex 48 -12.25 -21.55
      vertex 48 15.25 -21.55
      vertex 48 0.1 -12
    endloop
  endfacet
  facet normal -1 0 0
    outer loop
      vertex 47.25 15.25 -21.55
      vertex 47.25 3.5 -21.55
      vertex 47.25 3.5 -16.8
    endloop
  endfacet
  facet normal -1 0 0
    outer loop
      vertex 47.25 -12.25 -15.616666666666667
      vertex 47.25 15.25 -15.616666666666667
      vertex 47.25 3.5 -16.8
    endloop
  endfacet
  facet normal -1 0 0
    outer loop
      vertex 47.25 -12.25 -14.116666666666667
      vertex 47.25 0 -12.9
      vertex 47.25 15.25 -14.116666666666667
    endloop
  endfacet
  facet normal 1 0 0
    outer loop
      vertex 48 15.25 -21.55
      vertex 48 0.1 -11.9
      vertex 48 0.1 -12
    endloop
  endfacet
  facet normal -1 0 0
    outer loop
      vertex 47.25 0 -12.9
      vertex 47.25 1.5 -12.9
      vertex 47.25 15.25 -14.116666666666667
    endloop
  endfacet
  facet normal -1 0 0
    outer loop
      vertex 47.25 1.5 -12.9
      vertex 47.25 1.5 -9.4
      vertex 47.25 15.25 -14.116666666666667
    endloop
  endfacet
  facet normal 0 1 0
    outer loop
      vertex 47.25 15.25 -21.55
      vertex 47.25 15.25 -15.616666666666667
      vertex 48 15.25 -21.55
    endloop
  endfacet
  facet normal -1 0 0
    outer loop
      vertex 47.25 15.25 -21.55
      vertex 47.25 3.5 -16.8
      vertex 47.25 15.25 -15.616666666666667
    endloop
  endfacet
  facet normal 0 1 0
    outer loop
      vertex 48 15.25 -21.55
      vertex 47.25 15.25 -15.616666666666667
      vertex 47.25 15.25 -14.116666666666667
    endloop
  endfacet
  facet normal 0 1 0
    outer loop
      vertex 48 15.25 -21.55
      vertex 47.25 15.25 -14.116666666666667
      vertex 47.25 15.25 -0.75
    endloop
  endfacet
  facet normal 1 0 0
    outer loop
      vertex 48 0 -11.9
      vertex 48 0.1 -11.9
      vertex 48 0.1 0
    endloop
  endfacet
  facet normal -1 0 0
    outer loop
      vertex 47.25 -12.25 -14.116666666666667
      vertex 47.25 15.25 -0.75
      vertex 47.25 0 -9.4
    endloop
  endfacet
  facet normal 1 0 0
    outer loop
      vertex 48 15.25 -21.55
      vertex 48 0.1 0
      vertex 48 0.1 -11.9
    endloop
  endfacet
  facet normal -1 0 0
    outer loop
      vertex 47.25 0 -9.4
      vertex 47.25 15.25 -0.75
      vertex 47.25 1.5 -9.4
    endloop
  endfacet
  facet normal 1 0 0
    outer loop
      vertex 48 0 -11.9
      vertex 48 0.1 0
      vertex 48 0 0
    endloop
  endfacet
  facet normal -1 0 0
    outer loop
      vertex 47.25 -12.25 -14.116666666666667
      vertex 47.25 3.5 -2.75
      vertex 47.25 15.25 -0.75
    endloop
  endfacet
  facet normal -1 0 0
    outer loop
      vertex 47.25 15.25 -0.75
      vertex 47.25 3.5 -2.75
      vertex 47.25 3.5 -0.75
    endloop
  endfacet
  facet normal -1 0 0
    outer loop
      vertex 47.25 15.25 -14.116666666666667
      vertex 47.25 1.5 -9.4
      vertex 47.25 15.25 -0.75
    endloop
  endfacet
  facet normal 0 1 0
    outer loop
      vertex 48 15.25 -21.55
      vertex 47.25 15.25 -0.75
      vertex 47.25 15.25 0.75
    endloop
  endfacet
  facet normal 0 1 0
    outer loop
      vertex 48 15.25 -21.55
      vertex 47.25 15.25 0.75
      vertex 47.25 15.25 14.116666666666664
    endloop
  endfacet
  facet normal -1 0 0
    outer loop
      vertex 47.25 -12.25 0.75
      vertex 47.25 15.25 14.116666666666664
      vertex 47.25 2 2.75
    endloop
  endfacet
  facet normal 1 0 0
    outer loop
      vertex 48 15.25 -21.55
      vertex 48 0.1 21.55
      vertex 48 0.1 0
    endloop
  endfacet
  facet normal -1 0 0
    outer loop
      vertex 47.25 15.25 0.75
      vertex 47.25 3.5 0.75
      vertex 47.25 3.5 2.75
    endloop
  endfacet
  facet normal -1 0 0
    outer loop
      vertex 47.25 -12.25 0.75
      vertex 47.25 1.5 9.4
      vertex 47.25 15.25 14.116666666666664
    endloop
  endfacet
  facet normal -1 0 0
    outer loop
      vertex 47.25 15.25 14.116666666666664
      vertex 47.25 3.5 2.75
      vertex 47.25 2 2.75
    endloop
  endfacet
  facet normal -1 0 0
    outer loop
      vertex 47.25 15.25 0.75
      vertex 47.25 3.5 2.75
      vertex 47.25 15.25 14.116666666666664
    endloop
  endfacet
  facet normal 0 1 0
    outer loop
      vertex 48 15.25 -21.55
      vertex 47.25 15.25 14.116666666666664
      vertex 47.25 15.25 15.616666666666664
    endloop
  endfacet
  facet normal 0 1 0
    outer loop
      vertex 48 15.25 -21.55
      vertex 47.25 15.25 15.616666666666664
      vertex 47.25 15.25 21.55
    endloop
  endfacet
  facet normal 1 0 0
    outer loop
      vertex 48 15.25 -21.55
      vertex 48 15.25 21.55
      vertex 48 0.1 21.55
    endloop
  endfacet
  facet normal 0 1 0
    outer loop
      vertex 48 15.25 -21.55
      vertex 47.25 15.25 21.55
      vertex 48 15.25 21.55
    endloop
  endfacet
  facet normal 0 -1 0
    outer loop
      vertex 47.25 -12.25 0.75
      vertex 48 -12.25 21.55
      vertex 47.25 -12.25 14.116666666666664
    endloop
  endfacet
  facet normal 0 -1 0
    outer loop
      vertex 47.25 -12.25 14.116666666666664
      vertex 48 -12.25 21.55
      vertex 47.25 -12.25 15.616666666666664
    endloop
  endfacet
  facet normal 0 -1 0
    outer loop
      vertex 47.25 -12.25 15.616666666666664
      vertex 48 -12.25 21.55
      vertex 47.25 -12.25 21.55
    endloop
  endfacet
  facet normal -1 0 0
    outer loop
      vertex 47.25 -12.25 14.116666666666664
      vertex 47.25 0 12.1
      vertex 47.25 0 12
    endloop
  endfacet
  facet normal -1 0 0
    outer loop
      vertex 47.25 -12.25 14.116666666666664
      vertex 47.25 0 12.9
      vertex 47.25 0 12.1
    endloop
  endfacet
  facet normal 1 0 0
    outer loop
      vertex 48 0 0
      vertex 48 0 21.55
      vertex 48 -12.25 21.55
    endloop
  endfacet
  facet normal -1 0 0
    outer loop
      vertex 47.25 -12.25 15.616666666666664
      vertex 47.25 -12.25 21.55
      vertex 47.25 15.25 21.55
    endloop
  endfacet
  facet normal -1 0 0
    outer loop
      vertex 47.25 -12.25 14.116666666666664
      vertex 47.25 15.25 14.116666666666664
      vertex 47.25 0 12.9
    endloop
  endfacet
  facet normal -1 0 0
    outer loop
      vertex 47.25 0 12.9
      vertex 47.25 15.25 14.116666666666664
      vertex 47.25 1.5 12.9
    endloop
  endfacet
  facet normal -1 0 0
    outer loop
      vertex 47.25 1.5 9.4
      vertex 47.25 1.5 12.9
      vertex 47.25 15.25 14.116666666666664
    endloop
  endfacet
  facet normal -1 0 0
    outer loop
      vertex 47.25 -12.25 15.616666666666664
      vertex 47.25 15.25 21.55
      vertex 47.25 15.25 15.616666666666664
    endloop
  endfacet
  facet normal 0 -1 0
    outer loop
      vertex -48 -12.25 -21.55
      vertex -47.25 -12.25 -21.55
      vertex -47.25 -12.25 -15.616666666666667
    endloop
  endfacet
  facet normal 0 -1 0
    outer loop
      vertex -48 -12.25 -21.55
      vertex -47.25 -12.25 -15.616666666666667
      vertex -47.25 -12.25 -14.116666666666667
    endloop
  endfacet
  facet normal 0 -1 0
    outer loop
      vertex -48 -12.25 -21.55
      vertex -47.25 -12.25 -14.116666666666667
      vertex -47.25 -12.25 -0.75
    endloop
  endfacet
  facet normal 1 0 0
    outer loop
      vertex -47.25 -12.25 -21.55
      vertex -47.25 2 -21.55
      vertex -47.25 2 -16.8
    endloop
  endfacet
  facet normal 1 0 0
    outer loop
      vertex -47.25 -12.25 -21.55
      vertex -47.25 2 -16.8
      vertex -47.25 -12.25 -15.616666666666667
    endloop
  endfacet
  facet normal 1 0 0
    outer loop
      vertex -47.25 -12.25 -15.616666666666667
      vertex -47.25 2 -16.8
      vertex -47.25 3.5 -16.8
    endloop
  endfacet
  facet normal 1 0 0
    outer loop
      vertex -47.25 -12.25 -14.116666666666667
      vertex -47.25 0 -12.9
      vertex -47.25 0 -9.4
    endloop
  endfacet
  facet normal 0 -1 0
    outer loop
      vertex -48 -12.25 -21.55
      vertex -47.25 -12.25 -0.75
      vertex -47.25 -12.25 0.75
    endloop
  endfacet
  facet normal 0 -1 0
    outer loop
      vertex -48 -12.25 -21.55
      vertex -47.25 -12.25 0.75
      vertex -47.25 -12.25 14.116666666666664
    endloop
  endfacet
  facet normal 1 0 0
    outer loop
      vertex -47.25 -12.25 -14.116666666666667
      vertex -47.25 0 -9.4
      vertex -47.25 -12.25 -0.75
    endloop
  endfacet
  facet normal -1 0 0
    outer loop
      vertex -48 -12.25 -21.55
      vertex -48 0 0
      vertex -48 0.1 0
    endloop
  endfacet
  facet normal 1 0 0
    outer loop
      vertex -47.25 -12.25 -0.75
      vertex -47.25 0 -9.4
      vertex -47.25 1.5 -9.4
    endloop
  endfacet
  facet normal 1 0 0
    outer loop
      vertex -47.25 -12.25 -0.75
      vertex -47.25 2 -2.75
      vertex -47.25 2 -0.75
    endloop
  endfacet
  facet normal 0 -1 0
    outer loop
      vertex -48 -12.25 -21.55
      vertex -47.25 -12.25 14.116666666666664
      vertex -47.25 -12.25 15.616666666666664
    endloop
  endfacet
  facet normal 0 -1 0
    outer loop
      vertex -48 -12.25 -21.55
      vertex -47.25 -12.25 15.616666666666664
      vertex -47.25 -12.25 21.55
    endloop
  endfacet
  facet normal 0 -1 0
    outer loop
      vertex -48 -12.25 -21.55
      vertex -47.25 -12.25 21.55
      vertex -48 -12.25 21.55
    endloop
  endfacet
  facet normal -1 0 0
    outer loop
      vertex -48 -12.25 -21.55
      vertex -48 -12.25 21.55
      vertex -48 0 0
    endloop
  endfacet
  facet normal 1 0 0
    outer loop
      vertex -47.25 -12.25 0.75
      vertex -47.25 2 2.75
      vertex -47.25 -12.25 14.116666666666664
    endloop
  endfacet
  facet normal 1 0 0
    outer loop
      vertex -47.25 -12.25 0.75
      vertex -47.25 2 0.75
      vertex -47.25 2 2.75
    endloop
  endfacet
  facet normal 1 0 0
    outer loop
      vertex -47.25 -12.25 14.116666666666664
      vertex -47.25 2 2.75
      vertex -47.25 3.5 2.75
    endloop
  endfacet
  facet normal 1 0 0
    outer loop
      vertex -47.25 -12.25 -15.616666666666667
      vertex -47.25 3.5 -16.8
      vertex -47.25 15.25 -15.616666666666667
    endloop
  endfacet
  facet normal 1 0 0
    outer loop
      vertex -47.25 -12.25 -14.116666666666667
      vertex -47.25 15.25 -14.116666666666667
      vertex -47.25 0 -12.9
    endloop
  endfacet
  facet normal 1 0 0
    outer loop
      vertex -47.25 15.25 -15.616666666666667
      vertex -47.25 3.5 -16.8
      vertex -47.25 3.5 -21.55
    endloop
  endfacet
  facet normal 1 0 0
    outer loop
      vertex -47.25 0 -12.9
      vertex -47.25 15.25 -14.116666666666667
      vertex -47.25 1.5 -12.9
    endloop
  endfacet
  facet normal 1 0 0
    outer loop
      vertex -47.25 1.5 -12.9
      vertex -47.25 15.25 -14.116666666666667
      vertex -47.25 1.5 -9.4
    endloop
  endfacet
  facet normal 1 0 0
    outer loop
      vertex -47.25 15.25 -21.55
      vertex -47.25 15.25 -15.616666666666667
      vertex -47.25 3.5 -21.55
    endloop
  endfacet
  facet normal 1 0 0
    outer loop
      vertex -47.25 15.25 -14.116666666666667
      vertex -47.25 -12.25 -0.75
      vertex -47.25 1.5 -9.4
    endloop
  endfacet
  facet normal -1 0 0
    outer loop
      vertex -48 -12.25 -21.55
      vertex -48 15.25 21.55
      vertex -48 15.25 -21.55
    endloop
  endfacet
  facet normal 1 0 0
    outer loop
      vertex -47.25 15.25 -14.116666666666667
      vertex -47.25 3.5 -2.75
      vertex -47.25 2 -2.75
    endloop
  endfacet
  facet normal 1 0 0
    outer loop
      vertex -47.25 15.25 -14.116666666666667
      vertex -47.25 2 -2.75
      vertex -47.25 -12.25 -0.75
    endloop
  endfacet
  facet normal 1 0 0
    outer loop
      vertex -47.25 15.25 -0.75
      vertex -47.25 3.5 -0.75
      vertex -47.25 3.5 -2.75
    endloop
  endfacet
  facet normal 0 1 0
    outer loop
      vertex -48 15.25 -21.55
      vertex -48 15.25 21.55
      vertex -47.25 15.25 -21.55
    endloop
  endfacet
  facet normal 1 0 0
    outer loop
      vertex -47.25 15.25 -14.116666666666667
      vertex -47.25 15.25 -0.75
      vertex -47.25 3.5 -2.75
    endloop
  endfacet
  facet normal 0 1 0
    outer loop
      vertex -47.25 15.25 -21.55
      vertex -48 15.25 21.55
      vertex -47.25 15.25 -15.616666666666667
    endloop
  endfacet
  facet normal 0 1 0
    outer loop
      vertex -47.25 15.25 -15.616666666666667
      vertex -48 15.25 21.55
      vertex -47.25 15.25 -14.116666666666667
    endloop
  endfacet
  facet normal -1 0 0
    outer loop
      vertex -48 -12.25 -21.55
      vertex -48 0.1 0
      vertex -48 15.25 21.55
    endloop
  endfacet
  facet normal 1 0 0
    outer loop
      vertex -47.25 15.25 0.75
      vertex -47.25 -12.25 14.116666666666664
      vertex -47.25 3.5 2.75
    endloop
  endfacet
  facet normal 1 0 0
    outer loop
      vertex -47.25 15.25 0.75
      vertex -47.25 3.5 2.75
      vertex -47.25 3.5 0.75
    endloop
  endfacet
  facet normal 1 0 0
    outer loop
      vertex -47.25 0 9.4
      vertex -47.25 -12.25 14.116666666666664
      vertex -47.25 15.25 0.75
    endloop
  endfacet
  facet normal 1 0 0
    outer loop
      vertex -47.25 0 9.4
      vertex -47.25 15.25 0.75
      vertex -47.25 1.5 9.4
    endloop
  endfacet
  facet normal 0 1 0
    outer loop
      vertex -47.25 15.25 -14.116666666666667
      vertex -48 15.25 21.55
      vertex -47.25 15.25 -0.75
    endloop
  endfacet
  facet normal 1 0 0
    outer loop
      vertex -47.25 1.5 9.4
      vertex -47.25 15.25 0.75
      vertex -47.25 15.25 14.116666666666664
    endloop
  endfacet
  facet normal 0 1 0
    outer loop
      vertex -47.25 15.25 -0.75
      vertex -48 15.25 21.55
      vertex -47.25 15.25 0.75
    endloop
  endfacet
  facet normal 1 0 0
    outer loop
      vertex -47.25 0 9.4
      vertex -47.25 0 12.9
      vertex -47.25 -12.25 14.116666666666664
    endloop
  endfacet
  facet normal 1 0 0
    outer loop
      vertex -47.25 -12.25 14.116666666666664
      vertex -47.25 0 12.9
      vertex -47.25 1.5 12.9
    endloop
  endfacet
  facet normal -1 0 0
    outer loop
      vertex -48 0 0
      vertex -48 -12.25 21.55
      vertex -48 0 21.55
    endloop
  endfacet
  facet normal 1 0 0
    outer loop
      vertex -47.25 -12.25 15.616666666666664
      vertex -47.25 15.25 15.616666666666664
      vertex -47.25 -12.25 21.55
    endloop
  endfacet
  facet normal 1 0 0
    outer loop
      vertex -47.25 -12.25 14.116666666666664
      vertex -47.25 1.5 12.9
      vertex -47.25 15.25 14.116666666666664
    endloop
  endfacet
  facet normal -1 0 0
    outer loop
      vertex -48 0.1 0
      vertex -48 0.1 21.55
      vertex -48 15.25 21.55
    endloop
  endfacet
  facet normal 1 0 0
    outer loop
      vertex -47.25 1.5 9.4
      vertex -47.25 15.25 14.116666666666664
      vertex -47.25 1.5 12.9
    endloop
  endfacet
  facet normal 1 0 0
    outer loop
      vertex -47.25 -12.25 21.55
      vertex -47.25 15.25 15.616666666666664
      vertex -47.25 15.25 21.55
    endloop
  endfacet
  facet normal 0 1 0
    outer loop
      vertex -47.25 15.25 0.75
      vertex -48 15.25 21.55
      vertex -47.25 15.25 14.116666666666664
    endloop
  endfacet
  facet normal 0 1 0
    outer loop
      vertex -47.25 15.25 14.116666666666664
      vertex -48 15.25 21.55
      vertex -47.25 15.25 15.616666666666664
    endloop
  endfacet
  facet normal 0 1 0
    outer loop
      vertex -47.25 15.25 15.616666666666664
      vertex -48 15.25 21.55
      vertex -47.25 15.25 21.55
    endloop
  endfacet
  facet normal 0 0 -1
    outer loop
      vertex -45.875 28.25 20.175
      vertex -45.875 29 20.175
      vertex -44.5 29 20.175
    endloop
  endfacet
  facet normal -1 0 0
    outer loop
      vertex -48 28.25 21.55
      vertex -48 29 22.3
      vertex -48 29 21.55
    endloop
  endfacet
  facet normal -1 0 0
    outer loop
      vertex -48 28.25 21.55
      vertex -48 29.75 23.675
      vertex -48 29 22.3
    endloop
  endfacet
  facet normal -1 0 0
    outer loop
      vertex -48 28.25 21.55
      vertex -48 28.25 23.675
      vertex -48 29.75 23.675
    endloop
  endfacet
  facet normal -1 0 0
    outer loop
      vertex -48 29 22.3
      vertex -48 29.75 23.675
      vertex -48 29.75 22.3
    endloop
  endfacet
  facet normal 0 1 0
    outer loop
      vertex -48 29.75 22.3
      vertex -48 29.75 23.675
      vertex -44.5 29.75 22.3
    endloop
  endfacet
  facet normal 0 0 -1
    outer loop
      vertex -45.875 28.25 20.175
      vertex -44.5 29 20.175
      vertex 45.875 28.25 20.175
    endloop
  endfacet
  facet normal 0 0 -1
    outer loop
      vertex -44.5 29 20.175
      vertex -44.5 29.75 20.175
      vertex 44.5 29.75 20.175
    endloop
  endfacet
  facet normal 0 -1 0
    outer loop
      vertex -48 28.25 20.175
      vertex 48 28.25 23.675
      vertex -48 28.25 21.55
    endloop
  endfacet
  facet normal 0 -1 0
    outer loop
      vertex -48 28.25 21.55
      vertex 48 28.25 23.675
      vertex -48 28.25 23.675
    endloop
  endfacet
  facet normal 0 0 1
    outer loop
      vertex -48 28.25 23.675
      vertex 48 28.25 23.675
      vertex -48 29.75 23.675
    endloop
  endfacet
  facet normal 0 -1 0
    outer loop
      vertex -48 28.25 20.175
      vertex -45.875 28.25 20.175
      vertex 48 28.25 23.675
    endloop
  endfacet
  facet normal 0 1 0
    outer loop
      vertex -48 29.75 23.675
      vertex 44.5 29.75 22.3
      vertex -44.5 29.75 22.3
    endloop
  endfacet
  facet normal 0 1 0
    outer loop
      vertex -44.5 29.75 20.175
      vertex -44.5 29.75 22.3
      vertex 44.5 29.75 22.3
    endloop
  endfacet
  facet normal 0 0 -1
    outer loop
      vertex -44.5 29 20.175
      vertex 44.5 29 20.175
      vertex 45.875 28.25 20.175
    endloop
  endfacet
  facet normal 0 0 -1
    outer loop
      vertex -44.5 29 20.175
      vertex 44.5 29.75 20.175
      vertex 44.5 29 20.175
    endloop
  endfacet
  facet normal 0 -1 0
    outer loop
      vertex -45.875 28.25 20.175
      vertex 45.875 28.25 20.175
      vertex 48 28.25 23.675
    endloop
  endfacet
  facet normal 0 0 1
    outer loop
      vertex -48 29.75 23.675
      vertex 48 28.25 23.675
      vertex 48 29.75 23.675
    endloop
  endfacet
  facet normal 0 1 0
    outer loop
      vertex -44.5 29.75 20.175
      vertex 44.5 29.75 22.3
      vertex 44.5 29.75 20.175
    endloop
  endfacet
  facet normal 0 1 0
    outer loop
      vertex -48 29.75 23.675
      vertex 48 29.75 23.675
      vertex 44.5 29.75 22.3
    endloop
  endfacet
  facet normal 0 0 -1
    outer loop
      vertex 45.875 28.25 20.175
      vertex 44.5 29 20.175
      vertex 45.875 29 20.175
    endloop
  endfacet
  facet normal 0 -1 0
    outer loop
      vertex 45.875 28.25 20.175
      vertex 48 28.25 20.175
      vertex 48 28.25 21.55
    endloop
  endfacet
  facet normal 0 -1 0
    outer loop
      vertex 45.875 28.25 20.175
      vertex 48 28.25 21.55
      vertex 48 28.25 23.675
    endloop
  endfacet
  facet normal 1 0 0
    outer loop
      vertex 48 28.25 21.55
      vertex 48 29 21.55
      vertex 48 29 22.3
    endloop
  endfacet
  facet normal 1 0 0
    outer loop
      vertex 48 28.25 21.55
      vertex 48 29 22.3
      vertex 48 28.25 23.675
    endloop
  endfacet
  facet normal 1 0 0
    outer loop
      vertex 48 28.25 23.675
      vertex 48 29 22.3
      vertex 48 29.75 23.675
    endloop
  endfacet
  facet normal 1 0 0
    outer loop
      vertex 48 29 22.3
      vertex 48 29.75 22.3
      vertex 48 29.75 23.675
    endloop
  endfacet
  facet normal 0 1 0
    outer loop
      vertex 44.5 29.75 22.3
      vertex 48 29.75 23.675
      vertex 48 29.75 22.3
    endloop
  endfacet
  facet normal -1 0 0
    outer loop
      vertex -48 28.25 -23.675
      vertex -48 28.25 -21.55
      vertex -48 29 -22.3
    endloop
  endfacet
  facet normal -1 0 0
    outer loop
      vertex -48 28.25 -23.675
      vertex -48 29 -22.3
      vertex -48 29.75 -23.675
    endloop
  endfacet
  facet normal -1 0 0
    outer loop
      vertex -48 29.75 -23.675
      vertex -48 29 -22.3
      vertex -48 29.75 -22.3
    endloop
  endfacet
  facet normal -1 0 0
    outer loop
      vertex -48 28.25 -21.55
      vertex -48 29 -21.55
      vertex -48 29 -22.3
    endloop
  endfacet
  facet normal 0 -1 0
    outer loop
      vertex -48 28.25 -21.55
      vertex -45.875 28.25 -20.175
      vertex -48 28.25 -20.175
    endloop
  endfacet
  facet normal 0 0 1
    outer loop
      vertex -45.875 28.25 -20.175
      vertex -44.5 29 -20.175
      vertex -45.875 29 -20.175
    endloop
  endfacet
  facet normal 0 1 0
    outer loop
      vertex -48 29.75 -23.675
      vertex -48 29.75 -22.3
      vertex -44.5 29.75 -22.3
    endloop
  endfacet
  facet normal 0 0 -1
    outer loop
      vertex -48 28.25 -23.675
      vertex -48 29.75 -23.675
      vertex 48 29.75 -23.675
    endloop
  endfacet
  facet normal 0 -1 0
    outer loop
      vertex -48 28.25 -23.675
      vertex 48 28.25 -20.175
      vertex -48 28.25 -21.55
    endloop
  endfacet
  facet normal 0 -1 0
    outer loop
      vertex -48 28.25 -21.55
      vertex 45.875 28.25 -20.175
      vertex -45.875 28.25 -20.175
    endloop
  endfacet
  facet normal 0 0 1
    outer loop
      vertex -45.875 28.25 -20.175
      vertex 44.5 29 -20.175
      vertex -44.5 29 -20.175
    endloop
  endfacet
  facet normal 0 0 1
    outer loop
      vertex -44.5 29 -20.175
      vertex 44.5 29 -20.175
      vertex -44.5 29.75 -20.175
    endloop
  endfacet
  facet normal 0 1 0
    outer loop
      vertex -48 29.75 -23.675
      vertex -44.5 29.75 -22.3
      vertex 48 29.75 -23.675
    endloop
  endfacet
  facet normal 0 1 0
    outer loop
      vertex -44.5 29.75 -22.3
      vertex -44.5 29.75 -20.175
      vertex 44.5 29.75 -20.175
    endloop
  endfacet
  facet normal 0 -1 0
    outer loop
      vertex -48 28.25 -23.675
      vertex 48 28.25 -23.675
      vertex 48 28.25 -21.55
    endloop
  endfacet
  facet normal 0 0 -1
    outer loop
      vertex -48 28.25 -23.675
      vertex 48 29.75 -23.675
      vertex 48 28.25 -23.675
    endloop
  endfacet
  facet normal 0 -1 0
    outer loop
      vertex -48 28.25 -23.675
      vertex 48 28.25 -21.55
      vertex 48 28.25 -20.175
    endloop
  endfacet
  facet normal 0 -1 0
    outer loop
      vertex -48 28.25 -21.55
      vertex 48 28.25 -20.175
      vertex 45.875 28.25 -20.175
    endloop
  endfacet
  facet normal 0 0 1
    outer loop
      vertex -45.875 28.25 -20.175
      vertex 45.875 28.25 -20.175
      vertex 44.5 29 -20.175
    endloop
  endfacet
  facet normal 0 0 1
    outer loop
      vertex -44.5 29.75 -20.175
      vertex 44.5 29 -20.175
      vertex 44.5 29.75 -20.175
    endloop
  endfacet
  facet normal 0 1 0
    outer loop
      vertex -44.5 29.75 -22.3
      vertex 44.5 29.75 -22.3
      vertex 48 29.75 -23.675
    endloop
  endfacet
  facet normal 0 1 0
    outer loop
      vertex -44.5 29.75 -22.3
      vertex 44.5 29.75 -20.175
      vertex 44.5 29.75 -22.3
    endloop
  endfacet
  facet normal 0 0 1
    outer loop
      vertex 45.875 28.25 -20.175
      vertex 45.875 29 -20.175
      vertex 44.5 29 -20.175
    endloop
  endfacet
  facet normal 1 0 0
    outer loop
      vertex 48 28.25 -23.675
      vertex 48 29.75 -23.675
      vertex 48 28.25 -21.55
    endloop
  endfacet
  facet normal 1 0 0
    outer loop
      vertex 48 28.25 -21.55
      vertex 48 29.75 -23.675
      vertex 48 29 -22.3
    endloop
  endfacet
  facet normal 1 0 0
    outer loop
      vertex 48 29.75 -23.675
      vertex 48 29.75 -22.3
      vertex 48 29 -22.3
    endloop
  endfacet
  facet normal 1 0 0
    outer loop
      vertex 48 28.25 -21.55
      vertex 48 29 -22.3
      vertex 48 29 -21.55
    endloop
  endfacet
  facet normal 0 1 0
    outer loop
      vertex 44.5 29.75 -22.3
      vertex 48 29.75 -22.3
      vertex 48 29.75 -23.675
    endloop
  endfacet
  facet normal -1 0 0
    outer loop
      vertex 45.875 28.25 -20.175
      vertex 45.875 29 -18.8
      vertex 45.875 29 -20.175
    endloop
  endfacet
  facet normal 0 -1 0
    outer loop
      vertex 48 28.25 -21.55
      vertex 49.375 28.25 -21.55
      vertex 48 28.25 -20.175
    endloop
  endfacet
  facet normal 0 0 -1
    outer loop
      vertex 48 28.25 -21.55
      vertex 48 29 -21.55
      vertex 49.375 29.75 -21.55
    endloop
  endfacet
  facet normal 0 0 -1
    outer loop
      vertex 48 29 -21.55
      vertex 48 29.75 -21.55
      vertex 49.375 29.75 -21.55
    endloop
  endfacet
  facet normal 0 0 -1
    outer loop
      vertex 48 28.25 -21.55
      vertex 49.375 29.75 -21.55
      vertex 49.375 28.25 -21.55
    endloop
  endfacet
  facet normal 0 1 0
    outer loop
      vertex 48 29.75 -21.55
      vertex 48 29.75 -18.8
      vertex 49.375 29.75 -21.55
    endloop
  endfacet
  facet normal -1 0 0
    outer loop
      vertex 45.875 28.25 -20.175
      vertex 45.875 28.25 20.175
      vertex 45.875 29 -18.8
    endloop
  endfacet
  facet normal 0 -1 0
    outer loop
      vertex 45.875 28.25 -20.175
      vertex 48 28.25 -20.175
      vertex 49.375 28.25 21.55
    endloop
  endfacet
  facet normal 0 -1 0
    outer loop
      vertex 49.375 28.25 -21.55
      vertex 49.375 28.25 21.55
      vertex 48 28.25 -20.175
    endloop
  endfacet
  facet normal 1 0 0
    outer loop
      vertex 49.375 28.25 -21.55
      vertex 49.375 29.75 -21.55
      vertex 49.375 28.25 21.55
    endloop
  endfacet
  facet normal 0 1 0
    outer loop
      vertex 45.875 29.75 -18.8
      vertex 45.875 29.75 18.8
      vertex 48 29.75 -18.8
    endloop
  endfacet
  facet normal 0 1 0
    outer loop
      vertex 49.375 29.75 -21.55
      vertex 48 29.75 -18.8
      vertex 45.875 29.75 18.8
    endloop
  endfacet
  facet normal -1 0 0
    outer loop
      vertex 45.875 29 -18.8
      vertex 45.875 28.25 20.175
      vertex 45.875 29.75 -18.8
    endloop
  endfacet
  facet normal 0 1 0
    outer loop
      vertex 49.375 29.75 -21.55
      vertex 45.875 29.75 18.8
      vertex 48 29.75 18.8
    endloop
  endfacet
  facet normal -1 0 0
    outer loop
      vertex 45.875 29.75 -18.8
      vertex 45.875 28.25 20.175
      vertex 45.875 29 18.8
    endloop
  endfacet
  facet normal -1 0 0
    outer loop
      vertex 45.875 29.75 -18.8
      vertex 45.875 29 18.8
      vertex 45.875 29.75 18.8
    endloop
  endfacet
  facet normal 0 -1 0
    outer loop
      vertex 45.875 28.25 -20.175
      vertex 48 28.25 20.175
      vertex 45.875 28.25 20.175
    endloop
  endfacet
  facet normal 0 -1 0
    outer loop
      vertex 45.875 28.25 -20.175
      vertex 49.375 28.25 21.55
      vertex 48 28.25 20.175
    endloop
  endfacet
  facet normal 1 0 0
    outer loop
      vertex 49.375 29.75 -21.55
      vertex 49.375 29.75 21.55
      vertex 49.375 28.25 21.55
    endloop
  endfacet
  facet normal 0 1 0
    outer loop
      vertex 49.375 29.75 -21.55
      vertex 48 29.75 18.8
      vertex 49.375 29.75 21.55
    endloop
  endfacet
  facet normal -1 0 0
    outer loop
      vertex 45.875 28.25 20.175
      vertex 45.875 29 20.175
      vertex 45.875 29 18.8
    endloop
  endfacet
  facet normal 0 -1 0
    outer loop
      vertex 48 28.25 20.175
      vertex 49.375 28.25 21.55
      vertex 48 28.25 21.55
    endloop
  endfacet
  facet normal 0 0 1
    outer loop
      vertex 48 28.25 21.55
      vertex 49.375 28.25 21.55
      vertex 48 29 21.55
    endloop
  endfacet
  facet normal 0 0 1
    outer loop
      vertex 48 29 21.55
      vertex 49.375 28.25 21.55
      vertex 48 29.75 21.55
    endloop
  endfacet
  facet normal 0 0 1
    outer loop
      vertex 48 29.75 21.55
      vertex 49.375 28.25 21.55
      vertex 49.375 29.75 21.55
    endloop
  endfacet
  facet normal 0 1 0
    outer loop
      vertex 48 29.75 18.8
      vertex 48 29.75 21.55
      vertex 49.375 29.75 21.55
    endloop
  endfacet
  facet normal 0 0 -1
    outer loop
      vertex -49.375 28.25 -21.55
      vertex -48 29 -21.55
      vertex -48 28.25 -21.55
    endloop
  endfacet
  facet normal 0 -1 0
    outer loop
      vertex -49.375 28.25 -21.55
      vertex -48 28.25 -21.55
      vertex -48 28.25 -20.175
    endloop
  endfacet
  facet normal 0 0 -1
    outer loop
      vertex -49.375 28.25 -21.55
      vertex -49.375 29.75 -21.55
      vertex -48 29.75 -21.55
    endloop
  endfacet
  facet normal 0 0 -1
    outer loop
      vertex -49.375 28.25 -21.55
      vertex -48 29.75 -21.55
      vertex -48 29 -21.55
    endloop
  endfacet
  facet normal 1 0 0
    outer loop
      vertex -45.875 28.25 -20.175
      vertex -45.875 29 -20.175
      vertex -45.875 29 -18.8
    endloop
  endfacet
  facet normal 0 1 0
    outer loop
      vertex -49.375 29.75 -21.55
      vertex -48 29.75 -18.8
      vertex -48 29.75 -21.55
    endloop
  endfacet
  facet normal -1 0 0
    outer loop
      vertex -49.375 28.25 -21.55
      vertex -49.375 29.75 21.55
      vertex -49.375 29.75 -21.55
    endloop
  endfacet
  facet normal 0 -1 0
    outer loop
      vertex -49.375 28.25 -21.55
      vertex -48 28.25 -20.175
      vertex -45.875 28.25 20.175
    endloop
  endfacet
  facet normal 0 -1 0
    outer loop
      vertex -48 28.25 -20.175
      vertex -45.875 28.25 -20.175
      vertex -45.875 28.25 20.175
    endloop
  endfacet
  facet normal 1 0 0
    outer loop
      vertex -45.875 28.25 -20.175
      vertex -45.875 29 -18.8
      vertex -45.875 29.75 18.8
    endloop
  endfacet
  facet normal 1 0 0
    outer loop
      vertex -45.875 29 -18.8
      vertex -45.875 29.75 -18.8
      vertex -45.875 29.75 18.8
    endloop
  endfacet
  facet normal 0 1 0
    outer loop
      vertex -49.375 29.75 -21.55
      vertex -49.375 29.75 21.55
      vertex -48 29.75 -18.8
    endloop
  endfacet
  facet normal 0 1 0
    outer loop
      vertex -48 29.75 -18.8
      vertex -49.375 29.75 21.55
      vertex -45.875 29.75 -18.8
    endloop
  endfacet
  facet normal 1 0 0
    outer loop
      vertex -45.875 28.25 -20.175
      vertex -45.875 29.75 18.8
      vertex -45.875 29 18.8
    endloop
  endfacet
  facet normal 0 -1 0
    outer loop
      vertex -49.375 28.25 -21.55
      vertex -48 28.25 20.175
      vertex -49.375 28.25 21.55
    endloop
  endfacet
  facet normal -1 0 0
    outer loop
      vertex -49.375 28.25 -21.55
      vertex -49.375 28.25 21.55
      vertex -49.375 29.75 21.55
    endloop
  endfacet
  facet normal 0 -1 0
    outer loop
      vertex -49.375 28.25 -21.55
      vertex -45.875 28.25 20.175
      vertex -48 28.25 20.175
    endloop
  endfacet
  facet normal 1 0 0
    outer loop
      vertex -45.875 28.25 -20.175
      vertex -45.875 29 18.8
      vertex -45.875 28.25 20.175
    endloop
  endfacet
  facet normal 0 1 0
    outer loop
      vertex -45.875 29.75 -18.8
      vertex -49.375 29.75 21.55
      vertex -48 29.75 18.8
    endloop
  endfacet
  facet normal 0 1 0
    outer loop
      vertex -45.875 29.75 -18.8
      vertex -48 29.75 18.8
      vertex -45.875 29.75 18.8
    endloop
  endfacet
  facet normal 1 0 0
    outer loop
      vertex -45.875 28.25 20.175
      vertex -45.875 29 18.8
      vertex -45.875 29 20.175
    endloop
  endfacet
  facet normal 0 -1 0
    outer loop
      vertex -48 28.25 20.175
      vertex -48 28.25 21.55
      vertex -49.375 28.25 21.55
    endloop
  endfacet
  facet normal 0 0 1
    outer loop
      vertex -49.375 28.25 21.55
      vertex -48 28.25 21.55
      vertex -49.375 29.75 21.55
    endloop
  endfacet
  facet normal 0 0 1
    outer loop
      vertex -48 28.25 21.55
      vertex -48 29 21.55
      vertex -49.375 29.75 21.55
    endloop
  endfacet
  facet normal 0 0 1
    outer loop
      vertex -49.375 29.75 21.55
      vertex -48 29 21.55
      vertex -48 29.75 21.55
    endloop
  endfacet
  facet normal 0 1 0
    outer loop
      vertex -48 29.75 18.8
      vertex -49.375 29.75 21.55
      vertex -48 29.75 21.55
    endloop
  endfacet
  facet normal 0 -1 0
    outer loop
      vertex -47.25 0 9.4
      vertex -36 0 9.4
      vertex -47.25 0 12.9
    endloop
  endfacet
  facet normal 0 0 -1
    outer loop
      vertex -47.25 0 9.4
      vertex -36 0.1 9.4
      vertex -36 0 9.4
    endloop
  endfacet
  facet normal 0 -1 0
    outer loop
      vertex -36 0 9.4
      vertex -36 0 12.9
      vertex -47.25 0 12.9
    endloop
  endfacet
  facet normal 0 0 -1
    outer loop
      vertex -35.9 0 9.4
      vertex -35.9 0.1 9.4
      vertex -24 0.1 9.4
    endloop
  endfacet
  facet normal 0 -1 0
    outer loop
      vertex -35.9 0 9.4
      vertex -24 0 9.4
      vertex -35.9 0 12.9
    endloop
  endfacet
  facet normal 0 0 -1
    outer loop
      vertex -35.9 0 9.4
      vertex -24 0.1 9.4
      vertex -24 0 9.4
    endloop
  endfacet
  facet normal 0 -1 0
    outer loop
      vertex -24 0 9.4
      vertex -24 0 12.9
      vertex -35.9 0 12.9
    endloop
  endfacet
  facet normal 0 0 -1
    outer loop
      vertex -23.9 0 9.4
      vertex -23.9 0.1 9.4
      vertex -12 0.1 9.4
    endloop
  endfacet
  facet normal 0 -1 0
    outer loop
      vertex -23.9 0 9.4
      vertex -12 0 9.4
      vertex -23.9 0 12.9
    endloop
  endfacet
  facet normal 0 0 -1
    outer loop
      vertex -23.9 0 9.4
      vertex -12 0.1 9.4
      vertex -12 0 9.4
    endloop
  endfacet
  facet normal 0 0 -1
    outer loop
      vertex -47.25 0 9.4
      vertex -47.25 1.5 9.4
      vertex 47.25 1.5 9.4
    endloop
  endfacet
  facet normal 0 -1 0
    outer loop
      vertex -12 0 9.4
      vertex -12 0 12.9
      vertex -23.9 0 12.9
    endloop
  endfacet
  facet normal 0 1 0
    outer loop
      vertex -47.25 1.5 9.4
      vertex -47.25 1.5 12.9
      vertex 47.25 1.5 12.9
    endloop
  endfacet
  facet normal 0 0 -1
    outer loop
      vertex -47.25 0 9.4
      vertex 47.25 1.5 9.4
      vertex -36 0.1 9.4
    endloop
  endfacet
  facet normal 0 0 -1
    outer loop
      vertex -11.9 0 9.4
      vertex -11.9 0.1 9.4
      vertex 0 0.1 9.4
    endloop
  endfacet
  facet normal 0 0 -1
    outer loop
      vertex -36 0.1 9.4
      vertex 47.25 1.5 9.4
      vertex -35.9 0.1 9.4
    endloop
  endfacet
  facet normal 0 -1 0
    outer loop
      vertex -11.9 0 9.4
      vertex 0 0 9.4
      vertex -11.9 0 12.9
    endloop
  endfacet
  facet normal 0 0 -1
    outer loop
      vertex -11.9 0 9.4
      vertex 0 0.1 9.4
      vertex 0 0 9.4
    endloop
  endfacet
  facet normal 0 0 -1
    outer loop
      vertex -35.9 0.1 9.4
      vertex 47.25 1.5 9.4
      vertex -24 0.1 9.4
    endloop
  endfacet
  facet normal 0 -1 0
    outer loop
      vertex 0 0 9.4
      vertex 0 0 12.9
      vertex -11.9 0 12.9
    endloop
  endfacet
  facet normal 0 0 -1
    outer loop
      vertex -24 0.1 9.4
      vertex 47.25 1.5 9.4
      vertex -23.9 0.1 9.4
    endloop
  endfacet
  facet normal 0 0 -1
    outer loop
      vertex -23.9 0.1 9.4
      vertex 47.25 1.5 9.4
      vertex -12 0.1 9.4
    endloop
  endfacet
  facet normal 0 0 -1
    outer loop
      vertex 0.1 0 9.4
      vertex 0.1 0.1 9.4
      vertex 12 0.1 9.4
    endloop
  endfacet
  facet normal 0 -1 0
    outer loop
      vertex 0.1 0 9.4
      vertex 12 0 9.4
      vertex 0.1 0 12
    endloop
  endfacet
  facet normal 0 0 -1
    outer loop
      vertex -12 0.1 9.4
      vertex 47.25 1.5 9.4
      vertex -11.9 0.1 9.4
    endloop
  endfacet
  facet normal 0 0 -1
    outer loop
      vertex 0.1 0 9.4
      vertex 12 0.1 9.4
      vertex 12 0 9.4
    endloop
  endfacet
  facet normal 0 -1 0
    outer loop
      vertex 12 0 9.4
      vertex 12 0 12
      vertex 0.1 0 12
    endloop
  endfacet
  facet normal 0 0 -1
    outer loop
      vertex -11.9 0.1 9.4
      vertex 47.25 1.5 9.4
      vertex 0 0.1 9.4
    endloop
  endfacet
  facet normal 0 0 -1
    outer loop
      vertex 0 0.1 9.4
      vertex 47.25 1.5 9.4
      vertex 0.1 0.1 9.4
    endloop
  endfacet
  facet normal 0 0 -1
    outer loop
      vertex 12.1 0 9.4
      vertex 12.1 0.1 9.4
      vertex 24 0.1 9.4
    endloop
  endfacet
  facet normal 0 -1 0
    outer loop
      vertex 12.1 0 9.4
      vertex 24 0 9.4
      vertex 12.1 0 12
    endloop
  endfacet
  facet normal 0 1 0
    outer loop
      vertex -47.25 1.5 9.4
      vertex 47.25 1.5 12.9
      vertex 47.25 1.5 9.4
    endloop
  endfacet
  facet normal 0 0 -1
    outer loop
      vertex 0.1 0.1 9.4
      vertex 47.25 1.5 9.4
      vertex 12 0.1 9.4
    endloop
  endfacet
  facet normal 0 0 -1
    outer loop
      vertex 12.1 0 9.4
      vertex 24 0.1 9.4
      vertex 24 0 9.4
    endloop
  endfacet
  facet normal 0 -1 0
    outer loop
      vertex 12.1 0 12
      vertex 24 0 9.4
      vertex 24 0 12
    endloop
  endfacet
  facet normal 0 0 1
    outer loop
      vertex -47.25 0 12.9
      vertex -36 0.1 12.9
      vertex -47.25 1.5 12.9
    endloop
  endfacet
  facet normal 0 0 1
    outer loop
      vertex -47.25 0 12.9
      vertex -36 0 12.9
      vertex -36 0.1 12.9
    endloop
  endfacet
  facet normal 0 0 1
    outer loop
      vertex -47.25 1.5 12.9
      vertex -36 0.1 12.9
      vertex -35.9 0.1 12.9
    endloop
  endfacet
  facet normal 0 0 1
    outer loop
      vertex -47.25 1.5 12.9
      vertex -35.9 0.1 12.9
      vertex -24 0.1 12.9
    endloop
  endfacet
  facet normal 0 0 1
    outer loop
      vertex -35.9 0 12.9
      vertex -24 0 12.9
      vertex -35.9 0.1 12.9
    endloop
  endfacet
  facet normal 0 0 1
    outer loop
      vertex -47.25 1.5 12.9
      vertex -24 0.1 12.9
      vertex -23.9 0.1 12.9
    endloop
  endfacet
  facet normal 0 0 1
    outer loop
      vertex -35.9 0.1 12.9
      vertex -24 0 12.9
      vertex -24 0.1 12.9
    endloop
  endfacet
  facet normal 0 0 1
    outer loop
      vertex -47.25 1.5 12.9
      vertex -23.9 0.1 12.9
      vertex -12 0.1 12.9
    endloop
  endfacet
  facet normal 0 0 1
    outer loop
      vertex -47.25 1.5 12.9
      vertex -12 0.1 12.9
      vertex -11.9 0.1 12.9
    endloop
  endfacet
  facet normal 0 0 1
    outer loop
      vertex -23.9 0 12.9
      vertex -12 0 12.9
      vertex -23.9 0.1 12.9
    endloop
  endfacet
  facet normal 0 0 1
    outer loop
      vertex -47.25 1.5 12.9
      vertex -11.9 0.1 12.9
      vertex 0 0.1 12.9
    endloop
  endfacet
  facet normal 0 0 1
    outer loop
      vertex -23.9 0.1 12.9
      vertex -12 0 12.9
      vertex -12 0.1 12.9
    endloop
  endfacet
  facet normal 0 0 1
    outer loop
      vertex -47.25 1.5 12.9
      vertex 0 0.1 12.9
      vertex 0.1 0.1 12.9
    endloop
  endfacet
  facet normal 0 0 1
    outer loop
      vertex -47.25 1.5 12.9
      vertex 0.1 0.1 12.9
      vertex 12 0.1 12.9
    endloop
  endfacet
  facet normal 0 0 1
    outer loop
      vertex -11.9 0 12.9
      vertex 0 0 12.9
      vertex -11.9 0.1 12.9
    endloop
  endfacet
  facet normal 0 0 1
    outer loop
      vertex -47.25 1.5 12.9
      vertex 12 0.1 12.9
      vertex 12.1 0.1 12.9
    endloop
  endfacet
  facet normal 0 0 1
    outer loop
      vertex -11.9 0.1 12.9
      vertex 0 0 12.9
      vertex 0 0.1 12.9
    endloop
  endfacet
  facet normal 0 0 1
    outer loop
      vertex -47.25 1.5 12.9
      vertex 12.1 0.1 12.9
      vertex 24 0.1 12.9
    endloop
  endfacet
  facet normal 0 0 1
    outer loop
      vertex -47.25 1.5 12.9
      vertex 24 0.1 12.9
      vertex 24.1 0.1 12.9
    endloop
  endfacet
  facet normal 0 -1 0
    outer loop
      vertex 0.1 0 12.1
      vertex 12 0 12.1
      vertex 0.1 0 12.9
    endloop
  endfacet
  facet normal 0 0 1
    outer loop
      vertex 0.1 0 12.9
      vertex 12 0 12.9
      vertex 0.1 0.1 12.9
    endloop
  endfacet
  facet normal 0 0 1
    outer loop
      vertex -47.25 1.5 12.9
      vertex 24.1 0.1 12.9
      vertex 36 0.1 12.9
    endloop
  endfacet
  facet normal 0 -1 0
    outer loop
      vertex 0.1 0 12.9
      vertex 12 0 12.1
      vertex 12 0 12.9
    endloop
  endfacet
  facet normal 0 0 1
    outer loop
      vertex 0.1 0.1 12.9
      vertex 12 0 12.9
      vertex 12 0.1 12.9
    endloop
  endfacet
  facet normal 0 0 1
    outer loop
      vertex -47.25 1.5 12.9
      vertex 36 0.1 12.9
      vertex 36.1 0.1 12.9
    endloop
  endfacet
  facet normal 0 0 1
    outer loop
      vertex -47.25 1.5 12.9
      vertex 36.1 0.1 12.9
      vertex 47.25 0 12.9
    endloop
  endfacet
  facet normal 0 -1 0
    outer loop
      vertex 12.1 0 12.1
      vertex 24 0 12.9
      vertex 12.1 0 12.9
    endloop
  endfacet
  facet normal 0 0 1
    outer loop
      vertex 12.1 0 12.9
      vertex 24 0 12.9
      vertex 12.1 0.1 12.9
    endloop
  endfacet
  facet normal 0 0 1
    outer loop
      vertex -47.25 1.5 12.9
      vertex 47.25 0 12.9
      vertex 47.25 1.5 12.9
    endloop
  endfacet
  facet normal 0 -1 0
    outer loop
      vertex 12.1 0 12.1
      vertex 24 0 12.1
      vertex 24 0 12.9
    endloop
  endfacet
  facet normal 0 0 1
    outer loop
      vertex 12.1 0.1 12.9
      vertex 24 0 12.9
      vertex 24 0.1 12.9
    endloop
  endfacet
  facet normal 0 0 -1
    outer loop
      vertex 12 0.1 9.4
      vertex 47.25 1.5 9.4
      vertex 12.1 0.1 9.4
    endloop
  endfacet
  facet normal 0 0 -1
    outer loop
      vertex 12.1 0.1 9.4
      vertex 47.25 1.5 9.4
      vertex 24 0.1 9.4
    endloop
  endfacet
  facet normal 0 0 -1
    outer loop
      vertex 24.1 0 9.4
      vertex 24.1 0.1 9.4
      vertex 36 0.1 9.4
    endloop
  endfacet
  facet normal 0 -1 0
    outer loop
      vertex 24.1 0 9.4
      vertex 36 0 9.4
      vertex 24.1 0 12
    endloop
  endfacet
  facet normal 0 0 -1
    outer loop
      vertex 24 0.1 9.4
      vertex 47.25 1.5 9.4
      vertex 24.1 0.1 9.4
    endloop
  endfacet
  facet normal 0 0 -1
    outer loop
      vertex 24.1 0 9.4
      vertex 36 0.1 9.4
      vertex 36 0 9.4
    endloop
  endfacet
  facet normal 0 -1 0
    outer loop
      vertex 36 0 9.4
      vertex 36 0 12
      vertex 24.1 0 12
    endloop
  endfacet
  facet normal 0 0 -1
    outer loop
      vertex 24.1 0.1 9.4
      vertex 47.25 1.5 9.4
      vertex 36 0.1 9.4
    endloop
  endfacet
  facet normal 0 0 -1
    outer loop
      vertex 36.1 0 9.4
      vertex 36.1 0.1 9.4
      vertex 47.25 0 9.4
    endloop
  endfacet
  facet normal 0 0 -1
    outer loop
      vertex 36 0.1 9.4
      vertex 47.25 1.5 9.4
      vertex 36.1 0.1 9.4
    endloop
  endfacet
  facet normal 0 -1 0
    outer loop
      vertex 36.1 0 9.4
      vertex 47.25 0 9.4
      vertex 36.1 0 12
    endloop
  endfacet
  facet normal 0 0 -1
    outer loop
      vertex 36.1 0.1 9.4
      vertex 47.25 1.5 9.4
      vertex 47.25 0 9.4
    endloop
  endfacet
  facet normal 0 -1 0
    outer loop
      vertex 47.25 0 9.4
      vertex 47.25 0 12
      vertex 36.1 0 12
    endloop
  endfacet
  facet normal 0 -1 0
    outer loop
      vertex 24.1 0 12.1
      vertex 36 0 12.1
      vertex 24.1 0 12.9
    endloop
  endfacet
  facet normal 0 0 1
    outer loop
      vertex 24.1 0 12.9
      vertex 36 0 12.9
      vertex 24.1 0.1 12.9
    endloop
  endfacet
  facet normal 0 -1 0
    outer loop
      vertex 24.1 0 12.9
      vertex 36 0 12.1
      vertex 36 0 12.9
    endloop
  endfacet
  facet normal 0 0 1
    outer loop
      vertex 24.1 0.1 12.9
      vertex 36 0 12.9
      vertex 36 0.1 12.9
    endloop
  endfacet
  facet normal 0 -1 0
    outer loop
      vertex 36.1 0 12.1
      vertex 47.25 0 12.1
      vertex 36.1 0 12.9
    endloop
  endfacet
  facet normal 0 0 1
    outer loop
      vertex 36.1 0 12.9
      vertex 47.25 0 12.9
      vertex 36.1 0.1 12.9
    endloop
  endfacet
  facet normal 0 -1 0
    outer loop
      vertex 36.1 0 12.9
      vertex 47.25 0 12.1
      vertex 47.25 0 12.9
    endloop
  endfacet
  facet normal 0 -1 0
    outer loop
      vertex -47.25 0 -12.9
      vertex 0 0 -12
      vertex 0 0 -11.9
    endloop
  endfacet
  facet normal 0 0 -1
    outer loop
      vertex -47.25 0 -12.9
      vertex -47.25 1.5 -12.9
      vertex 47.25 1.5 -12.9
    endloop
  endfacet
  facet normal 0 -1 0
    outer loop
      vertex -47.25 0 -12.9
      vertex 0 0 -11.9
      vertex -47.25 0 -9.4
    endloop
  endfacet
  facet normal 0 1 0
    outer loop
      vertex -47.25 1.5 -12.9
      vertex -47.25 1.5 -9.4
      vertex 47.25 1.5 -9.4
    endloop
  endfacet
  facet normal 0 0 1
    outer loop
      vertex -47.25 0 -9.4
      vertex 47.25 0 -9.4
      vertex -47.25 1.5 -9.4
    endloop
  endfacet
  facet normal 0 -1 0
    outer loop
      vertex -47.25 0 -12.9
      vertex 47.25 0 -12
      vertex 0 0 -12
    endloop
  endfacet
  facet normal 0 0 -1
    outer loop
      vertex -47.25 0 -12.9
      vertex 47.25 1.5 -12.9
      vertex 47.25 0 -12.9
    endloop
  endfacet
  facet normal 0 -1 0
    outer loop
      vertex -47.25 0 -12.9
      vertex 47.25 0 -12.9
      vertex 47.25 0 -12
    endloop
  endfacet
  facet normal 0 -1 0
    outer loop
      vertex -47.25 0 -9.4
      vertex 0 0 -11.9
      vertex 47.25 0 -9.4
    endloop
  endfacet
  facet normal 0 1 0
    outer loop
      vertex -47.25 1.5 -12.9
      vertex 47.25 1.5 -9.4
      vertex 47.25 1.5 -12.9
    endloop
  endfacet
  facet normal 0 0 1
    outer loop
      vertex -47.25 1.5 -9.4
      vertex 47.25 0 -9.4
      vertex 47.25 1.5 -9.4
    endloop
  endfacet
  facet normal 0 -1 0
    outer loop
      vertex 0 0 -11.9
      vertex 47.25 0 -11.9
      vertex 47.25 0 -9.4
    endloop
  endfacet
  facet normal 0 -1 0
    outer loop
      vertex 44.5 29 18.8
      vertex 45.875 29 18.8
      vertex 45.875 29 20.175
    endloop
  endfacet
  facet normal 0 0 -1
    outer loop
      vertex 44.5 29 18.8
      vertex 45.875 29.75 18.8
      vertex 45.875 29 18.8
    endloop
  endfacet
  facet normal -1 0 0
    outer loop
      vertex 44.5 29 18.8
      vertex 44.5 29 20.175
      vertex 44.5 29.75 20.175
    endloop
  endfacet
  facet normal 0 -1 0
    outer loop
      vertex 44.5 29 18.8
      vertex 45.875 29 20.175
      vertex 44.5 29 20.175
    endloop
  endfacet
  facet normal 1 0 0
    outer loop
      vertex 48 29 21.55
      vertex 48 29.75 21.55
      vertex 48 29 22.3
    endloop
  endfacet
  facet normal -1 0 0
    outer loop
      vertex 44.5 29 18.8
      vertex 44.5 29.75 20.175
      vertex 44.5 101 22.3
    endloop
  endfacet
  facet normal -1 0 0
    outer loop
      vertex 44.5 29.75 20.175
      vertex 44.5 29.75 22.3
      vertex 44.5 101 22.3
    endloop
  endfacet
  facet normal 0 0 1
    outer loop
      vertex 44.5 29.75 22.3
      vertex 48 29.75 22.3
      vertex 44.5 101 22.3
    endloop
  endfacet
  facet normal 0 0 -1
    outer loop
      vertex 44.5 29 18.8
      vertex 48 101 18.8
      vertex 45.875 29.75 18.8
    endloop
  endfacet
  facet normal 0 0 -1
    outer loop
      vertex 45.875 29.75 18.8
      vertex 48 101 18.8
      vertex 48 29.75 18.8
    endloop
  endfacet
  facet normal 1 0 0
    outer loop
      vertex 48 29.75 18.8
      vertex 48 101 18.8
      vertex 48 29.75 21.55
    endloop
  endfacet
  facet normal 1 0 0
    outer loop
      vertex 48 29.75 21.55
      vertex 48 101 18.8
      vertex 48 29 22.3
    endloop
  endfacet
  facet normal 1 0 0
    outer loop
      vertex 48 29 22.3
      vertex 48 101 18.8
      vertex 48 29.75 22.3
    endloop
  endfacet
  facet normal 0 0 -1
    outer loop
      vertex 44.5 29 18.8
      vertex 44.5 101 18.8
      vertex 48 101 18.8
    endloop
  endfacet
  facet normal -1 0 0
    outer loop
      vertex 44.5 29 18.8
      vertex 44.5 101 22.3
      vertex 44.5 101 18.8
    endloop
  endfacet
  facet normal 0 0 1
    outer loop
      vertex 48 29.75 22.3
      vertex 48 101 22.3
      vertex 44.5 101 22.3
    endloop
  endfacet
  facet normal 1 0 0
    outer loop
      vertex 48 29.75 22.3
      vertex 48 101 18.8
      vertex 48 101 22.3
    endloop
  endfacet
  facet normal 0 -1 0
    outer loop
      vertex 44.5 29 -20.175
      vertex 45.875 29 -20.175
      vertex 44.5 29 -18.8
    endloop
  endfacet
  facet normal 0 -1 0
    outer loop
      vertex 45.875 29 -20.175
      vertex 45.875 29 -18.8
      vertex 44.5 29 -18.8
    endloop
  endfacet
  facet normal 0 0 1
    outer loop
      vertex 44.5 29 -18.8
      vertex 45.875 29 -18.8
      vertex 45.875 29.75 -18.8
    endloop
  endfacet
  facet normal 1 0 0
    outer loop
      vertex 48 29 -22.3
      vertex 48 29.75 -21.55
      vertex 48 29 -21.55
    endloop
  endfacet
  facet normal 1 0 0
    outer loop
      vertex 48 29 -22.3
      vertex 48 29.75 -22.3
      vertex 48 29.75 -21.55
    endloop
  endfacet
  facet normal -1 0 0
    outer loop
      vertex 44.5 29.75 -22.3
      vertex 44.5 29.75 -20.175
      vertex 44.5 101 -22.3
    endloop
  endfacet
  facet normal -1 0 0
    outer loop
      vertex 44.5 29 -20.175
      vertex 44.5 29 -18.8
      vertex 44.5 101 -18.8
    endloop
  endfacet
  facet normal -1 0 0
    outer loop
      vertex 44.5 29 -20.175
      vertex 44.5 101 -18.8
      vertex 44.5 29.75 -20.175
    endloop
  endfacet
  facet normal 0 0 1
    outer loop
      vertex 44.5 29 -18.8
      vertex 45.875 29.75 -18.8
      vertex 44.5 101 -18.8
    endloop
  endfacet
  facet normal 0 0 -1
    outer loop
      vertex 44.5 29.75 -22.3
      vertex 48 101 -22.3
      vertex 48 29.75 -22.3
    endloop
  endfacet
  facet normal 1 0 0
    outer loop
      vertex 48 29.75 -22.3
      vertex 48 101 -22.3
      vertex 48 29.75 -21.55
    endloop
  endfacet
  facet normal 1 0 0
    outer loop
      vertex 48 29.75 -21.55
      vertex 48 101 -18.8
      vertex 48 29.75 -18.8
    endloop
  endfacet
  facet normal 0 0 1
    outer loop
      vertex 45.875 29.75 -18.8
      vertex 48 29.75 -18.8
      vertex 44.5 101 -18.8
    endloop
  endfacet
  facet normal 0 0 -1
    outer loop
      vertex 44.5 29.75 -22.3
      vertex 44.5 101 -22.3
      vertex 48 101 -22.3
    endloop
  endfacet
  facet normal -1 0 0
    outer loop
      vertex 44.5 29.75 -20.175
      vertex 44.5 101 -18.8
      vertex 44.5 101 -22.3
    endloop
  endfacet
  facet normal 1 0 0
    outer loop
      vertex 48 29.75 -21.55
      vertex 48 101 -22.3
      vertex 48 101 -18.8
    endloop
  endfacet
  facet normal 0 0 1
    outer loop
      vertex 48 29.75 -18.8
      vertex 48 101 -18.8
      vertex 44.5 101 -18.8
    endloop
  endfacet
  facet normal 0 -1 0
    outer loop
      vertex -45.875 29 18.8
      vertex -44.5 29 18.8
      vertex -45.875 29 20.175
    endloop
  endfacet
  facet normal 0 0 -1
    outer loop
      vertex -45.875 29 18.8
      vertex -45.875 29.75 18.8
      vertex -44.5 29 18.8
    endloop
  endfacet
  facet normal 0 -1 0
    outer loop
      vertex -45.875 29 20.175
      vertex -44.5 29 18.8
      vertex -44.5 29 20.175
    endloop
  endfacet
  facet normal -1 0 0
    outer loop
      vertex -48 29 21.55
      vertex -48 29 22.3
      vertex -48 29.75 21.55
    endloop
  endfacet
  facet normal -1 0 0
    outer loop
      vertex -48 29.75 21.55
      vertex -48 29 22.3
      vertex -48 29.75 22.3
    endloop
  endfacet
  facet normal -1 0 0
    outer loop
      vertex -48 29.75 18.8
      vertex -48 29.75 21.55
      vertex -48 101 18.8
    endloop
  endfacet
  facet normal 0 0 -1
    outer loop
      vertex -48 29.75 18.8
      vertex -44.5 101 18.8
      vertex -45.875 29.75 18.8
    endloop
  endfacet
  facet normal 0 0 -1
    outer loop
      vertex -45.875 29.75 18.8
      vertex -44.5 101 18.8
      vertex -44.5 29 18.8
    endloop
  endfacet
  facet normal -1 0 0
    outer loop
      vertex -48 29.75 21.55
      vertex -48 29.75 22.3
      vertex -48 101 22.3
    endloop
  endfacet
  facet normal 0 0 1
    outer loop
      vertex -48 29.75 22.3
      vertex -44.5 29.75 22.3
      vertex -48 101 22.3
    endloop
  endfacet
  facet normal 1 0 0
    outer loop
      vertex -44.5 29 18.8
      vertex -44.5 101 18.8
      vertex -44.5 29 20.175
    endloop
  endfacet
  facet normal 1 0 0
    outer loop
      vertex -44.5 29 20.175
      vertex -44.5 101 18.8
      vertex -44.5 29.75 20.175
    endloop
  endfacet
  facet normal 1 0 0
    outer loop
      vertex -44.5 29.75 20.175
      vertex -44.5 101 22.3
      vertex -44.5 29.75 22.3
    endloop
  endfacet
  facet normal -1 0 0
    outer loop
      vertex -48 29.75 21.55
      vertex -48 101 22.3
      vertex -48 101 18.8
    endloop
  endfacet
  facet normal 0 0 -1
    outer loop
      vertex -48 29.75 18.8
      vertex -48 101 18.8
      vertex -44.5 101 18.8
    endloop
  endfacet
  facet normal 0 0 1
    outer loop
      vertex -44.5 29.75 22.3
      vertex -44.5 101 22.3
      vertex -48 101 22.3
    endloop
  endfacet
  facet normal 1 0 0
    outer loop
      vertex -44.5 29.75 20.175
      vertex -44.5 101 18.8
      vertex -44.5 101 22.3
    endloop
  endfacet
  facet normal -1 0 0
    outer loop
      vertex -48 29 -22.3
      vertex -48 29 -21.55
      vertex -48 29.75 -21.55
    endloop
  endfacet
  facet normal 0 -1 0
    outer loop
      vertex -45.875 29 -20.175
      vertex -44.5 29 -20.175
      vertex -44.5 29 -18.8
    endloop
  endfacet
  facet normal 0 -1 0
    outer loop
      vertex -45.875 29 -20.175
      vertex -44.5 29 -18.8
      vertex -45.875 29 -18.8
    endloop
  endfacet
  facet normal 0 0 1
    outer loop
      vertex -45.875 29 -18.8
      vertex -44.5 29 -18.8
      vertex -45.875 29.75 -18.8
    endloop
  endfacet
  facet normal 1 0 0
    outer loop
      vertex -44.5 29 -20.175
      vertex -44.5 29.75 -20.175
      vertex -44.5 29 -18.8
    endloop
  endfacet
  facet normal -1 0 0
    outer loop
      vertex -48 29 -22.3
      vertex -48 101 -18.8
      vertex -48 29.75 -22.3
    endloop
  endfacet
  facet normal 0 0 -1
    outer loop
      vertex -48 29.75 -22.3
      vertex -44.5 101 -22.3
      vertex -44.5 29.75 -22.3
    endloop
  endfacet
  facet normal -1 0 0
    outer loop
      vertex -48 29 -22.3
      vertex -48 29.75 -21.55
      vertex -48 101 -18.8
    endloop
  endfacet
  facet normal -1 0 0
    outer loop
      vertex -48 29.75 -21.55
      vertex -48 29.75 -18.8
      vertex -48 101 -18.8
    endloop
  endfacet
  facet normal 0 0 1
    outer loop
      vertex -48 29.75 -18.8
      vertex -45.875 29.75 -18.8
      vertex -48 101 -18.8
    endloop
  endfacet
  facet normal 0 0 1
    outer loop
      vertex -45.875 29.75 -18.8
      vertex -44.5 29 -18.8
      vertex -48 101 -18.8
    endloop
  endfacet
  facet normal 1 0 0
    outer loop
      vertex -44.5 29.75 -22.3
      vertex -44.5 101 -22.3
      vertex -44.5 29.75 -20.175
    endloop
  endfacet
  facet normal 1 0 0
    outer loop
      vertex -44.5 29.75 -20.175
      vertex -44.5 101 -22.3
      vertex -44.5 29 -18.8
    endloop
  endfacet
  facet normal -1 0 0
    outer loop
      vertex -48 29.75 -22.3
      vertex -48 101 -18.8
      vertex -48 101 -22.3
    endloop
  endfacet
  facet normal 0 0 -1
    outer loop
      vertex -48 29.75 -22.3
      vertex -48 101 -22.3
      vertex -44.5 101 -22.3
    endloop
  endfacet
  facet normal 0 0 1
    outer loop
      vertex -44.5 29 -18.8
      vertex -44.5 101 -18.8
      vertex -48 101 -18.8
    endloop
  endfacet
  facet normal 1 0 0
    outer loop
      vertex -44.5 29 -18.8
      vertex -44.5 101 -22.3
      vertex -44.5 101 -18.8
    endloop
  endfacet
  facet normal -1 0 0
    outer loop
      vertex -48 101 16.8
      vertex -48 102.5 22.3
      vertex -48 102.5 16.8
    endloop
  endfacet
  facet normal -1 0 0
    outer loop
      vertex -48 101 16.8
      vertex -48 101 18.8
      vertex -48 102.5 22.3
    endloop
  endfacet
  facet normal 0 -1 0
    outer loop
      vertex -48 101 16.8
      vertex -44.5 101 18.8
      vertex -48 101 18.8
    endloop
  endfacet
  facet normal -1 0 0
    outer loop
      vertex -48 101 18.8
      vertex -48 101 22.3
      vertex -48 102.5 22.3
    endloop
  endfacet
  facet normal 0 0 1
    outer loop
      vertex -48 101 22.3
      vertex -44.5 101 22.3
      vertex -48 102.5 22.3
    endloop
  endfacet
  facet normal 0 0 -1
    outer loop
      vertex -48 101 16.8
      vertex -48 102.5 16.8
      vertex 48 102.5 16.8
    endloop
  endfacet
  facet normal 0 -1 0
    outer loop
      vertex -48 101 16.8
      vertex 44.5 101 22.3
      vertex -44.5 101 18.8
    endloop
  endfacet
  facet normal 0 1 0
    outer loop
      vertex -48 102.5 16.8
      vertex -48 102.5 22.3
      vertex 48 102.5 16.8
    endloop
  endfacet
  facet normal 0 0 1
    outer loop
      vertex -48 102.5 22.3
      vertex -44.5 101 22.3
      vertex 44.5 101 22.3
    endloop
  endfacet
  facet normal 0 -1 0
    outer loop
      vertex -44.5 101 18.8
      vertex 44.5 101 22.3
      vertex -44.5 101 22.3
    endloop
  endfacet
  facet normal 0 -1 0
    outer loop
      vertex -48 101 16.8
      vertex 44.5 101 18.8
      vertex 44.5 101 22.3
    endloop
  endfacet
  facet normal 0 -1 0
    outer loop
      vertex -48 101 16.8
      vertex 48 101 16.8
      vertex 44.5 101 18.8
    endloop
  endfacet
  facet normal 0 0 -1
    outer loop
      vertex -48 101 16.8
      vertex 48 102.5 16.8
      vertex 48 101 16.8
    endloop
  endfacet
  facet normal 0 1 0
    outer loop
      vertex -48 102.5 22.3
      vertex 48 102.5 22.3
      vertex 48 102.5 16.8
    endloop
  endfacet
  facet normal 0 0 1
    outer loop
      vertex -48 102.5 22.3
      vertex 44.5 101 22.3
      vertex 48 101 22.3
    endloop
  endfacet
  facet normal 0 0 1
    outer loop
      vertex -48 102.5 22.3
      vertex 48 101 22.3
      vertex 48 102.5 22.3
    endloop
  endfacet
  facet normal 1 0 0
    outer loop
      vertex 48 101 16.8
      vertex 48 102.5 16.8
      vertex 48 101 18.8
    endloop
  endfacet
  facet normal 0 -1 0
    outer loop
      vertex 48 101 16.8
      vertex 48 101 18.8
      vertex 44.5 101 18.8
    endloop
  endfacet
  facet normal 1 0 0
    outer loop
      vertex 48 102.5 16.8
      vertex 48 101 22.3
      vertex 48 101 18.8
    endloop
  endfacet
  facet normal 1 0 0
    outer loop
      vertex 48 102.5 16.8
      vertex 48 102.5 22.3
      vertex 48 101 22.3
    endloop
  endfacet
  facet normal -1 0 0
    outer loop
      vertex -48 101 -22.3
      vertex -48 102.5 -16.8
      vertex -48 102.5 -22.3
    endloop
  endfacet
  facet normal -1 0 0
    outer loop
      vertex -48 101 -22.3
      vertex -48 101 -18.8
      vertex -48 102.5 -16.8
    endloop
  endfacet
  facet normal 0 -1 0
    outer loop
      vertex -48 101 -18.8
      vertex -44.5 101 -18.8
      vertex -48 101 -16.8
    endloop
  endfacet
  facet normal -1 0 0
    outer loop
      vertex -48 101 -18.8
      vertex -48 101 -16.8
      vertex -48 102.5 -16.8
    endloop
  endfacet
  facet normal 0 0 -1
    outer loop
      vertex -48 101 -22.3
      vertex -48 102.5 -22.3
      vertex 48 102.5 -22.3
    endloop
  endfacet
  facet normal 0 0 -1
    outer loop
      vertex -48 101 -22.3
      vertex 48 102.5 -22.3
      vertex -44.5 101 -22.3
    endloop
  endfacet
  facet normal 0 1 0
    outer loop
      vertex -48 102.5 -22.3
      vertex -48 102.5 -16.8
      vertex 48 102.5 -22.3
    endloop
  endfacet
  facet normal 0 -1 0
    outer loop
      vertex -44.5 101 -22.3
      vertex 48 101 -16.8
      vertex -44.5 101 -18.8
    endloop
  endfacet
  facet normal 0 0 1
    outer loop
      vertex -48 101 -16.8
      vertex 48 101 -16.8
      vertex -48 102.5 -16.8
    endloop
  endfacet
  facet normal 0 -1 0
    outer loop
      vertex -44.5 101 -18.8
      vertex 48 101 -16.8
      vertex -48 101 -16.8
    endloop
  endfacet
  facet normal 0 -1 0
    outer loop
      vertex -44.5 101 -22.3
      vertex 44.5 101 -22.3
      vertex 44.5 101 -18.8
    endloop
  endfacet
  facet normal 0 0 -1
    outer loop
      vertex -44.5 101 -22.3
      vertex 48 102.5 -22.3
      vertex 44.5 101 -22.3
    endloop
  endfacet
  facet normal 0 -1 0
    outer loop
      vertex -44.5 101 -22.3
      vertex 44.5 101 -18.8
      vertex 48 101 -16.8
    endloop
  endfacet
  facet normal 0 1 0
    outer loop
      vertex -48 102.5 -16.8
      vertex 48 102.5 -16.8
      vertex 48 102.5 -22.3
    endloop
  endfacet
  facet normal 0 0 1
    outer loop
      vertex -48 102.5 -16.8
      vertex 48 101 -16.8
      vertex 48 102.5 -16.8
    endloop
  endfacet
  facet normal 0 0 -1
    outer loop
      vertex 44.5 101 -22.3
      vertex 48 102.5 -22.3
      vertex 48 101 -22.3
    endloop
  endfacet
  facet normal 1 0 0
    outer loop
      vertex 48 101 -22.3
      vertex 48 102.5 -22.3
      vertex 48 101 -18.8
    endloop
  endfacet
  facet normal 0 -1 0
    outer loop
      vertex 44.5 101 -18.8
      vertex 48 101 -18.8
      vertex 48 101 -16.8
    endloop
  endfacet
  facet normal 1 0 0
    outer loop
      vertex 48 102.5 -22.3
      vertex 48 101 -16.8
      vertex 48 101 -18.8
    endloop
  endfacet
  facet normal 1 0 0
    outer loop
      vertex 48 102.5 -22.3
      vertex 48 102.5 -16.8
      vertex 48 101 -16.8
    endloop
  endfacet
  facet normal -1 0 0
    outer loop
      vertex -48 18.347549557949655 -2.3857565396533893
      vertex -48 19.576277624383145 -1.5253918851268224
      vertex -48 21.50221995788041 -6.891092783242845
    endloop
  endfacet
  facet normal -1 0 0
    outer loop
      vertex -48 19.576277624383145 -1.5253918851268224
      vertex -48 22.730948024313896 -6.030728128716277
      vertex -48 21.50221995788041 -6.891092783242845
    endloop
  endfacet
  facet normal 0 0.5735764363510462 -0.8191520442889917
    outer loop
      vertex -48 21.50221995788041 -6.891092783242845
      vertex -48 22.730948024313896 -6.030728128716277
      vertex 48 22.730948024313896 -6.030728128716277
    endloop
  endfacet
  facet normal 0 -0.8191520442889918 -0.5735764363510462
    outer loop
      vertex -48 18.347549557949655 -2.3857565396533893
      vertex -48 21.50221995788041 -6.891092783242845
      vertex 48 18.347549557949655 -2.3857565396533893
    endloop
  endfacet
  facet normal 0 -0.5735764363510444 0.819152044288993
    outer loop
      vertex -48 18.347549557949655 -2.3857565396533893
      vertex 48 18.347549557949655 -2.3857565396533893
      vertex -48 19.576277624383145 -1.5253918851268224
    endloop
  endfacet
  facet normal 0 0.819152044288992 0.5735764363510459
    outer loop
      vertex -48 19.576277624383145 -1.5253918851268224
      vertex 48 22.730948024313896 -6.030728128716277
      vertex -48 22.730948024313896 -6.030728128716277
    endloop
  endfacet
  facet normal 0 -0.5735764363510465 0.8191520442889914
    outer loop
      vertex -48 19.576277624383145 -1.5253918851268224
      vertex 14.305756524523082 19.255503992828913 -1.75
      vertex 14.626530156077315 19.576277624383145 -1.5253918851268224
    endloop
  endfacet
  facet normal 0 0.819152044288991 0.5735764363510472
    outer loop
      vertex -48 19.576277624383145 -1.5253918851268224
      vertex 14.626530156077315 19.576277624383145 -1.5253918851268224
      vertex 14.783802451254587 19.733549919560417 -1.75
    endloop
  endfacet
  facet normal -7.656995933584528e-18 0.819152044288992 0.5735764363510456
    outer loop
      vertex -48 19.576277624383145 -1.5253918851268224
      vertex 14.783802451254587 19.733549919560417 -1.75
      vertex 48 22.730948024313896 -6.030728128716277
    endloop
  endfacet
  facet normal 2.980956698150182e-17 -0.5735764363510427 0.8191520442889941
    outer loop
      vertex -48 19.576277624383145 -1.5253918851268224
      vertex 48 18.347549557949655 -2.3857565396533893
      vertex 14.305756524523082 19.255503992828913 -1.75
    endloop
  endfacet
  facet normal 0 0.5735764363510462 -0.8191520442889917
    outer loop
      vertex -48 21.50221995788041 -6.891092783242845
      vertex 48 22.730948024313896 -6.030728128716277
      vertex 48 21.50221995788041 -6.891092783242845
    endloop
  endfacet
  facet normal 0 -0.8191520442889918 -0.5735764363510462
    outer loop
      vertex -48 21.50221995788041 -6.891092783242845
      vertex 48 21.50221995788041 -6.891092783242845
      vertex 48 18.347549557949655 -2.3857565396533893
    endloop
  endfacet
  facet normal 0 0.819152044288992 0.5735764363510458
    outer loop
      vertex 14.783802451254587 19.733549919560417 -1.75
      vertex 16.905122794814233 19.733549919560417 -1.75
      vertex 48 22.730948024313896 -6.030728128716277
    endloop
  endfacet
  facet normal -9.606059063397597e-16 -0.5735764363510674 0.8191520442889768
    outer loop
      vertex 14.305756524523082 19.255503992828913 -1.75
      vertex 48 18.347549557949655 -2.3857565396533893
      vertex 16.427076868082725 19.25550399282891 -1.75
    endloop
  endfacet
  facet normal 1.1129060891363733e-16 -0.5735764363510425 0.8191520442889945
    outer loop
      vertex 16.427076868082725 19.25550399282891 -1.75
      vertex 48 18.347549557949655 -2.3857565396533893
      vertex 16.74785049963696 19.576277624383145 -1.5253918851268224
    endloop
  endfacet
  facet normal 0 0.8191520442889909 0.5735764363510473
    outer loop
      vertex 16.905122794814233 19.733549919560417 -1.75
      vertex 16.74785049963696 19.576277624383145 -1.5253918851268224
      vertex 48 19.576277624383145 -1.5253918851268224
    endloop
  endfacet
  facet normal 1.4281748305987874e-17 0.819152044288992 0.5735764363510459
    outer loop
      vertex 16.905122794814233 19.733549919560417 -1.75
      vertex 48 19.576277624383145 -1.5253918851268224
      vertex 48 22.730948024313896 -6.030728128716277
    endloop
  endfacet
  facet normal 0 -0.5735764363510444 0.819152044288993
    outer loop
      vertex 16.74785049963696 19.576277624383145 -1.5253918851268224
      vertex 48 18.347549557949655 -2.3857565396533893
      vertex 48 19.576277624383145 -1.5253918851268224
    endloop
  endfacet
  facet normal 1 0 0
    outer loop
      vertex 48 18.347549557949655 -2.3857565396533893
      vertex 48 21.50221995788041 -6.891092783242845
      vertex 48 19.576277624383145 -1.5253918851268224
    endloop
  endfacet
  facet normal 1 0 0
    outer loop
      vertex 48 19.576277624383145 -1.5253918851268224
      vertex 48 21.50221995788041 -6.891092783242845
      vertex 48 22.730948024313896 -6.030728128716277
    endloop
  endfacet
  facet normal 0 -1 0
    outer loop
      vertex -47.25 2 -21.55
      vertex -39.15 2 -18.05
      vertex -47.25 2 -16.8
    endloop
  endfacet
  facet normal 0 1 0
    outer loop
      vertex -39.15 3.5 -18.05
      vertex -47.25 3.5 -21.55
      vertex -47.25 3.5 -16.8
    endloop
  endfacet
  facet normal 0 -1 0
    outer loop
      vertex -47.25 2 -21.55
      vertex -39.15 2 -21.55
      vertex -39.15 2 -18.05
    endloop
  endfacet
  facet normal 0 1 0
    outer loop
      vertex -39.15 3.5 -21.55
      vertex -47.25 3.5 -21.55
      vertex -39.15 3.5 -18.05
    endloop
  endfacet
  facet normal 0 -1 0
    outer loop
      vertex -39.15 2 -18.05
      vertex -37.65 2 -18.05
      vertex -47.25 2 -16.8
    endloop
  endfacet
  facet normal 0 1 0
    outer loop
      vertex -39.15 3.5 -18.05
      vertex -47.25 3.5 -16.8
      vertex -37.65 3.5 -18.05
    endloop
  endfacet
  facet normal 0 1 0
    outer loop
      vertex -37.65 3.5 -18.05
      vertex -19.95 3.5 -21.55
      vertex -37.65 3.5 -21.55
    endloop
  endfacet
  facet normal 0 -1 0
    outer loop
      vertex -37.65 2 -18.05
      vertex -37.65 2 -21.55
      vertex -19.95 2 -18.05
    endloop
  endfacet
  facet normal 0 -1 0
    outer loop
      vertex -37.65 2 -18.05
      vertex -19.95 2 -18.05
      vertex -47.25 2 -16.8
    endloop
  endfacet
  facet normal 0 1 0
    outer loop
      vertex -37.65 3.5 -18.05
      vertex -47.25 3.5 -16.8
      vertex -19.95 3.5 -18.05
    endloop
  endfacet
  facet normal 0 -1 0
    outer loop
      vertex -19.95 2 -18.05
      vertex -37.65 2 -21.55
      vertex -19.95 2 -21.55
    endloop
  endfacet
  facet normal 0 1 0
    outer loop
      vertex -37.65 3.5 -18.05
      vertex -19.95 3.5 -18.05
      vertex -19.95 3.5 -21.55
    endloop
  endfacet
  facet normal 0 -1 0
    outer loop
      vertex -19.95 2 -18.05
      vertex -18.45 2 -18.05
      vertex -47.25 2 -16.8
    endloop
  endfacet
  facet normal 0 -1 0
    outer loop
      vertex -18.45 2 -18.05
      vertex -0.75 2 -18.05
      vertex -47.25 2 -16.8
    endloop
  endfacet
  facet normal 0 -1 0
    outer loop
      vertex -0.75 2 -18.05
      vertex 0.75 2 -18.05
      vertex -47.25 2 -16.8
    endloop
  endfacet
  facet normal 0 0 1
    outer loop
      vertex -47.25 2 -16.8
      vertex 47.25 2 -16.8
      vertex -47.25 3.5 -16.8
    endloop
  endfacet
  facet normal 0 -1 0
    outer loop
      vertex -18.45 2 -21.55
      vertex -0.75 2 -21.55
      vertex -18.45 2 -18.05
    endloop
  endfacet
  facet normal 0 1 0
    outer loop
      vertex -18.45 3.5 -18.05
      vertex -0.75 3.5 -18.05
      vertex -18.45 3.5 -21.55
    endloop
  endfacet
  facet normal 0 1 0
    outer loop
      vertex -0.75 3.5 -21.55
      vertex -18.45 3.5 -21.55
      vertex -0.75 3.5 -18.05
    endloop
  endfacet
  facet normal 0 -1 0
    outer loop
      vertex -18.45 2 -18.05
      vertex -0.75 2 -21.55
      vertex -0.75 2 -18.05
    endloop
  endfacet
  facet normal 0 -1 0
    outer loop
      vertex 0.75 2 -18.05
      vertex 18.450000000000003 2 -18.05
      vertex -47.25 2 -16.8
    endloop
  endfacet
  facet normal 0 1 0
    outer loop
      vertex -19.95 3.5 -18.05
      vertex -47.25 3.5 -16.8
      vertex 47.25 3.5 -16.8
    endloop
  endfacet
  facet normal 0 -1 0
    outer loop
      vertex 18.450000000000003 2 -18.05
      vertex 19.950000000000003 2 -18.05
      vertex -47.25 2 -16.8
    endloop
  endfacet
  facet normal 0 1 0
    outer loop
      vertex -19.95 3.5 -18.05
      vertex 47.25 3.5 -16.8
      vertex -18.45 3.5 -18.05
    endloop
  endfacet
  facet normal 0 -1 0
    outer loop
      vertex 0.75 2 -21.55
      vertex 18.450000000000003 2 -21.55
      vertex 0.75 2 -18.05
    endloop
  endfacet
  facet normal 0 1 0
    outer loop
      vertex 0.75 3.5 -18.05
      vertex 18.450000000000003 3.5 -18.05
      vertex 0.75 3.5 -21.55
    endloop
  endfacet
  facet normal 0 1 0
    outer loop
      vertex 18.450000000000003 3.5 -21.55
      vertex 0.75 3.5 -21.55
      vertex 18.450000000000003 3.5 -18.05
    endloop
  endfacet
  facet normal 0 -1 0
    outer loop
      vertex 0.75 2 -18.05
      vertex 18.450000000000003 2 -21.55
      vertex 18.450000000000003 2 -18.05
    endloop
  endfacet
  facet normal 0 -1 0
    outer loop
      vertex 19.950000000000003 2 -18.05
      vertex 47.25 2 -16.8
      vertex -47.25 2 -16.8
    endloop
  endfacet
  facet normal 0 1 0
    outer loop
      vertex -18.45 3.5 -18.05
      vertex 47.25 3.5 -16.8
      vertex -0.75 3.5 -18.05
    endloop
  endfacet
  facet normal 0 1 0
    outer loop
      vertex -0.75 3.5 -18.05
      vertex 47.25 3.5 -16.8
      vertex 0.75 3.5 -18.05
    endloop
  endfacet
  facet normal 0 0 1
    outer loop
      vertex 47.25 3.5 -16.8
      vertex -47.25 3.5 -16.8
      vertex 47.25 2 -16.8
    endloop
  endfacet
  facet normal 0 1 0
    outer loop
      vertex 0.75 3.5 -18.05
      vertex 47.25 3.5 -16.8
      vertex 18.450000000000003 3.5 -18.05
    endloop
  endfacet
  facet normal 0 1 0
    outer loop
      vertex 19.950000000000003 3.5 -18.05
      vertex 37.650000000000006 3.5 -21.55
      vertex 19.950000000000003 3.5 -21.55
    endloop
  endfacet
  facet normal 0 -1 0
    outer loop
      vertex 37.650000000000006 2 -18.05
      vertex 19.950000000000003 2 -18.05
      vertex 19.950000000000003 2 -21.55
    endloop
  endfacet
  facet normal 0 -1 0
    outer loop
      vertex 37.650000000000006 2 -18.05
      vertex 19.950000000000003 2 -21.55
      vertex 37.650000000000006 2 -21.55
    endloop
  endfacet
  facet normal 0 1 0
    outer loop
      vertex 19.950000000000003 3.5 -18.05
      vertex 37.650000000000006 3.5 -18.05
      vertex 37.650000000000006 3.5 -21.55
    endloop
  endfacet
  facet normal 0 1 0
    outer loop
      vertex 18.450000000000003 3.5 -18.05
      vertex 47.25 3.5 -16.8
      vertex 19.950000000000003 3.5 -18.05
    endloop
  endfacet
  facet normal 0 -1 0
    outer loop
      vertex 37.650000000000006 2 -18.05
      vertex 47.25 2 -16.8
      vertex 19.950000000000003 2 -18.05
    endloop
  endfacet
  facet normal 0 1 0
    outer loop
      vertex 19.950000000000003 3.5 -18.05
      vertex 47.25 3.5 -16.8
      vertex 37.650000000000006 3.5 -18.05
    endloop
  endfacet
  facet normal 0 -1 0
    outer loop
      vertex 37.650000000000006 2 -18.05
      vertex 39.150000000000006 2 -18.05
      vertex 47.25 2 -16.8
    endloop
  endfacet
  facet normal 0 1 0
    outer loop
      vertex 37.650000000000006 3.5 -18.05
      vertex 47.25 3.5 -16.8
      vertex 39.150000000000006 3.5 -18.05
    endloop
  endfacet
  facet normal 0 -1 0
    outer loop
      vertex 39.150000000000006 2 -18.05
      vertex 39.150000000000006 2 -21.55
      vertex 47.25 2 -21.55
    endloop
  endfacet
  facet normal 0 1 0
    outer loop
      vertex 39.150000000000006 3.5 -21.55
      vertex 39.150000000000006 3.5 -18.05
      vertex 47.25 3.5 -21.55
    endloop
  endfacet
  facet normal 0 -1 0
    outer loop
      vertex 39.150000000000006 2 -18.05
      vertex 47.25 2 -21.55
      vertex 47.25 2 -16.8
    endloop
  endfacet
  facet normal 0 1 0
    outer loop
      vertex 39.150000000000006 3.5 -18.05
      vertex 47.25 3.5 -16.8
      vertex 47.25 3.5 -21.55
    endloop
  endfacet
  facet normal -1 0 0
    outer loop
      vertex 6 2 -2.75
      vertex 6 3.5 2.75
      vertex 6 3.5 -2.75
    endloop
  endfacet
  facet normal 0 0 -1
    outer loop
      vertex 6 2 -2.75
      vertex 6 3.5 -2.75
      vertex 47.25 3.5 -2.75
    endloop
  endfacet
  facet normal 0 1 0
    outer loop
      vertex 6 3.5 -2.75
      vertex 6 3.5 2.75
      vertex 47.25 3.5 -2.75
    endloop
  endfacet
  facet normal -1 0 0
    outer loop
      vertex 6 2 -2.75
      vertex 6 2 2.75
      vertex 6 3.5 2.75
    endloop
  endfacet
  facet normal 0 -1 0
    outer loop
      vertex 6 2 -2.75
      vertex 47.25 2 2.75
      vertex 6 2 2.75
    endloop
  endfacet
  facet normal 0 0 1
    outer loop
      vertex 6 2 2.75
      vertex 47.25 2 2.75
      vertex 6 3.5 2.75
    endloop
  endfacet
  facet normal 0 -1 0
    outer loop
      vertex 6 2 -2.75
      vertex 43.75 2 -0.75
      vertex 43.75 2 0.75
    endloop
  endfacet
  facet normal 0 -1 0
    outer loop
      vertex 6 2 -2.75
      vertex 47.25 2 -0.75
      vertex 43.75 2 -0.75
    endloop
  endfacet
  facet normal 0 1 0
    outer loop
      vertex 6 3.5 2.75
      vertex 43.75 3.5 -0.75
      vertex 47.25 3.5 -2.75
    endloop
  endfacet
  facet normal 0 0 -1
    outer loop
      vertex 6 2 -2.75
      vertex 47.25 3.5 -2.75
      vertex 47.25 2 -2.75
    endloop
  endfacet
  facet normal 0 -1 0
    outer loop
      vertex 6 2 -2.75
      vertex 47.25 2 -2.75
      vertex 47.25 2 -0.75
    endloop
  endfacet
  facet normal 0 1 0
    outer loop
      vertex 6 3.5 2.75
      vertex 43.75 3.5 0.75
      vertex 43.75 3.5 -0.75
    endloop
  endfacet
  facet normal 0 -1 0
    outer loop
      vertex 6 2 -2.75
      vertex 43.75 2 0.75
      vertex 47.25 2 2.75
    endloop
  endfacet
  facet normal 0 1 0
    outer loop
      vertex 6 3.5 2.75
      vertex 47.25 3.5 0.75
      vertex 43.75 3.5 0.75
    endloop
  endfacet
  facet normal 0 1 0
    outer loop
      vertex 6 3.5 2.75
      vertex 47.25 3.5 2.75
      vertex 47.25 3.5 0.75
    endloop
  endfacet
  facet normal 0 0 1
    outer loop
      vertex 6 3.5 2.75
      vertex 47.25 2 2.75
      vertex 47.25 3.5 2.75
    endloop
  endfacet
  facet normal 0 1 0
    outer loop
      vertex 47.25 3.5 -2.75
      vertex 43.75 3.5 -0.75
      vertex 47.25 3.5 -0.75
    endloop
  endfacet
  facet normal 0 -1 0
    outer loop
      vertex 43.75 2 0.75
      vertex 47.25 2 0.75
      vertex 47.25 2 2.75
    endloop
  endfacet
  facet normal 0 -1 0
    outer loop
      vertex -43.75 2 -0.75
      vertex -47.25 2 -0.75
      vertex -47.25 2 -2.75
    endloop
  endfacet
  facet normal 0 0 -1
    outer loop
      vertex -6 3.5 -2.75
      vertex -47.25 2 -2.75
      vertex -47.25 3.5 -2.75
    endloop
  endfacet
  facet normal 0 1 0
    outer loop
      vertex -6 3.5 -2.75
      vertex -47.25 3.5 -2.75
      vertex -47.25 3.5 -0.75
    endloop
  endfacet
  facet normal 0 -1 0
    outer loop
      vertex -6 2 2.75
      vertex -43.75 2 -0.75
      vertex -47.25 2 -2.75
    endloop
  endfacet
  facet normal 0 1 0
    outer loop
      vertex -6 3.5 -2.75
      vertex -47.25 3.5 -0.75
      vertex -43.75 3.5 -0.75
    endloop
  endfacet
  facet normal 0 1 0
    outer loop
      vertex -47.25 3.5 0.75
      vertex -47.25 3.5 2.75
      vertex -43.75 3.5 0.75
    endloop
  endfacet
  facet normal 0 -1 0
    outer loop
      vertex -6 2 2.75
      vertex -47.25 2 2.75
      vertex -47.25 2 0.75
    endloop
  endfacet
  facet normal 0 0 1
    outer loop
      vertex -6 2 2.75
      vertex -47.25 3.5 2.75
      vertex -47.25 2 2.75
    endloop
  endfacet
  facet normal 0 -1 0
    outer loop
      vertex -6 2 2.75
      vertex -47.25 2 0.75
      vertex -43.75 2 0.75
    endloop
  endfacet
  facet normal 0 1 0
    outer loop
      vertex -6 3.5 -2.75
      vertex -43.75 3.5 0.75
      vertex -47.25 3.5 2.75
    endloop
  endfacet
  facet normal 0 1 0
    outer loop
      vertex -6 3.5 -2.75
      vertex -43.75 3.5 -0.75
      vertex -43.75 3.5 0.75
    endloop
  endfacet
  facet normal 0 0 -1
    outer loop
      vertex -6 2 -2.75
      vertex -47.25 2 -2.75
      vertex -6 3.5 -2.75
    endloop
  endfacet
  facet normal 0 -1 0
    outer loop
      vertex -6 2 -2.75
      vertex -6 2 2.75
      vertex -47.25 2 -2.75
    endloop
  endfacet
  facet normal 0 -1 0
    outer loop
      vertex -6 2 2.75
      vertex -43.75 2 0.75
      vertex -43.75 2 -0.75
    endloop
  endfacet
  facet normal 0 1 0
    outer loop
      vertex -6 3.5 -2.75
      vertex -47.25 3.5 2.75
      vertex -6 3.5 2.75
    endloop
  endfacet
  facet normal 0 0 1
    outer loop
      vertex -6 2 2.75
      vertex -6 3.5 2.75
      vertex -47.25 3.5 2.75
    endloop
  endfacet
  facet normal 1 0 0
    outer loop
      vertex -6 2 -2.75
      vertex -6 3.5 -2.75
      vertex -6 2 2.75
    endloop
  endfacet
  facet normal 1 0 0
    outer loop
      vertex -6 3.5 -2.75
      vertex -6 3.5 2.75
      vertex -6 2 2.75
    endloop
  endfacet
  facet normal -0.7071067811865476 -0.7071067811865476 0
    outer loop
      vertex -38.53731957466684 -33.58757210636101 -1.75
      vertex -37.476659402887016 -34.64823227814083 -1.75
      vertex -37.476659402887016 -34.64823227814083 1.75
    endloop
  endfacet
  facet normal -0.7071067811865476 -0.7071067811865476 0
    outer loop
      vertex -38.53731957466684 -33.58757210636101 -1.75
      vertex -37.476659402887016 -34.64823227814083 1.75
      vertex -38.53731957466684 -33.58757210636101 1.75
    endloop
  endfacet
  facet normal 0 0 -1
    outer loop
      vertex -38.53731957466684 -33.58757210636101 -1.75
      vertex 14.305756524523082 19.255503992828913 -1.75
      vertex -37.476659402887016 -34.64823227814083 -1.75
    endloop
  endfacet
  facet normal 0.7071067811865476 -0.7071067811865476 0
    outer loop
      vertex -37.476659402887016 -34.64823227814083 -1.75
      vertex 16.427076868082725 19.25550399282891 -1.75
      vertex -37.476659402887016 -34.64823227814083 1.75
    endloop
  endfacet
  facet normal -0.7071067811865475 0.7071067811865475 0
    outer loop
      vertex -38.53731957466684 -33.58757210636101 -1.75
      vertex -38.53731957466684 -33.58757210636101 1.75
      vertex 33.58757210636101 38.53731957466684 1.75
    endloop
  endfacet
  facet normal 0 0 1
    outer loop
      vertex -38.53731957466684 -33.58757210636101 1.75
      vertex -37.476659402887016 -34.64823227814083 1.75
      vertex 33.58757210636101 38.53731957466684 1.75
    endloop
  endfacet
  facet normal -0.7071067811865475 0.7071067811865475 0
    outer loop
      vertex -38.53731957466684 -33.58757210636101 -1.75
      vertex 14.626530156077315 19.576277624383145 -1.5253918851268224
      vertex 14.305756524523082 19.255503992828913 -1.75
    endloop
  endfacet
  facet normal 0 0 -1
    outer loop
      vertex -37.476659402887016 -34.64823227814083 -1.75
      vertex 14.305756524523082 19.255503992828913 -1.75
      vertex 16.427076868082725 19.25550399282891 -1.75
    endloop
  endfacet
  facet normal 0.7071067811865475 -0.7071067811865475 0
    outer loop
      vertex -37.476659402887016 -34.64823227814083 1.75
      vertex 16.427076868082725 19.25550399282891 -1.75
      vertex 16.74785049963696 19.576277624383145 -1.5253918851268224
    endloop
  endfacet
  facet normal -0.7071067811865476 0.7071067811865476 0
    outer loop
      vertex -38.53731957466684 -33.58757210636101 -1.75
      vertex 33.58757210636101 38.53731957466684 1.75
      vertex 14.626530156077315 19.576277624383145 -1.5253918851268224
    endloop
  endfacet
  facet normal 0.7071067811865476 -0.7071067811865476 0
    outer loop
      vertex -37.476659402887016 -34.64823227814083 1.75
      vertex 16.74785049963696 19.576277624383145 -1.5253918851268224
      vertex 34.64823227814083 37.476659402887016 -1.75
    endloop
  endfacet
  facet normal 0.7071067811865475 -0.7071067811865475 0
    outer loop
      vertex -37.476659402887016 -34.64823227814083 1.75
      vertex 34.64823227814083 37.476659402887016 -1.75
      vertex 34.64823227814083 37.476659402887016 1.75
    endloop
  endfacet
  facet normal 0 0 1
    outer loop
      vertex -37.476659402887016 -34.64823227814083 1.75
      vertex 34.64823227814083 37.476659402887016 1.75
      vertex 33.58757210636101 38.53731957466684 1.75
    endloop
  endfacet
  facet normal -0.7071067811865476 0.7071067811865476 0
    outer loop
      vertex 14.783802451254587 19.733549919560417 -1.75
      vertex 14.626530156077315 19.576277624383145 -1.5253918851268224
      vertex 33.58757210636101 38.53731957466684 1.75
    endloop
  endfacet
  facet normal 0 0 -1
    outer loop
      vertex 14.783802451254587 19.733549919560417 -1.75
      vertex 33.58757210636101 38.53731957466684 -1.75
      vertex 16.905122794814233 19.733549919560417 -1.75
    endloop
  endfacet
  facet normal 0.7071067811865475 -0.7071067811865475 0
    outer loop
      vertex 16.905122794814233 19.733549919560417 -1.75
      vertex 34.64823227814083 37.476659402887016 -1.75
      vertex 16.74785049963696 19.576277624383145 -1.5253918851268224
    endloop
  endfacet
  facet normal -0.7071067811865475 0.7071067811865475 0
    outer loop
      vertex 14.783802451254587 19.733549919560417 -1.75
      vertex 33.58757210636101 38.53731957466684 1.75
      vertex 33.58757210636101 38.53731957466684 -1.75
    endloop
  endfacet
  facet normal 0 0 -1
    outer loop
      vertex 16.905122794814233 19.733549919560417 -1.75
      vertex 33.58757210636101 38.53731957466684 -1.75
      vertex 34.64823227814083 37.476659402887016 -1.75
    endloop
  endfacet
  facet normal 0.7071067811865476 0.7071067811865476 0
    outer loop
      vertex 33.58757210636101 38.53731957466684 -1.75
      vertex 34.64823227814083 37.476659402887016 1.75
      vertex 34.64823227814083 37.476659402887016 -1.75
    endloop
  endfacet
  facet normal 0.7071067811865476 0.7071067811865476 0
    outer loop
      vertex 33.58757210636101 38.53731957466684 -1.75
      vertex 33.58757210636101 38.53731957466684 1.75
      vertex 34.64823227814083 37.476659402887016 1.75
    endloop
  endfacet
endsolid OpenSCAD_Model
