solid OpenSCAD_Model
  facet normal -1 0 0
    outer loop
      vertex -48 0 22.3
      vertex -48 0 60
      vertex -48 0.1 22.3
    endloop
  endfacet
  facet normal 0 1 0
    outer loop
      vertex -48 0.1 22.3
      vertex -48 0.1 60
      vertex -47.9 0.1 22.3
    endloop
  endfacet
  facet normal 0 -1 0
    outer loop
      vertex -48 0 22.3
      vertex -47.9 0 22.3
      vertex -47.9 0 60
    endloop
  endfacet
  facet normal 1 0 0
    outer loop
      vertex -47.9 0 22.3
      vertex -47.9 0.1 22.3
      vertex -47.9 0.1 60
    endloop
  endfacet
  facet normal 0 -1 0
    outer loop
      vertex -48 0 22.3
      vertex -47.9 0 60
      vertex -48 0 60
    endloop
  endfacet
  facet normal -1 0 0
    outer loop
      vertex -48 0.1 22.3
      vertex -48 0 60
      vertex -48 0.1 60
    endloop
  endfacet
  facet normal 1 0 0
    outer loop
      vertex -47.9 0 22.3
      vertex -47.9 0.1 60
      vertex -47.9 0 60
    endloop
  endfacet
  facet normal 0 1 0
    outer loop
      vertex -47.9 0.1 22.3
      vertex -48 0.1 60
      vertex -47.9 0.1 60
    endloop
  endfacet
  facet normal 0 0 1
    outer loop
      vertex -48 0 60
      vertex -47.9 0 60
      vertex -48 0.1 60
    endloop
  endfacet
  facet normal 0 0 1
    outer loop
      vertex -48 0.1 60
      vertex -47.9 0 60
      vertex -47.9 0.1 60
    endloop
  endfacet
  facet normal 0 0 -1
    outer loop
      vertex -36 0 0
      vertex -35.9 0.1 0
      vertex -35.9 0 0
    endloop
  endfacet
  facet normal 0 0 -1
    outer loop
      vertex -36 0 0
      vertex -36 0.1 0
      vertex -35.9 0.1 0
    endloop
  endfacet
  facet normal 0 -1 0
    outer loop
      vertex -36 0 0
      vertex -35.9 0 0
      vertex -35.9 0 9.4
    endloop
  endfacet
  facet normal -1 0 0
    outer loop
      vertex -36 0 0
      vertex -36 0 9.4
      vertex -36 0.1 0
    endloop
  endfacet
  facet normal 1 0 0
    outer loop
      vertex -35.9 0 0
      vertex -35.9 0.1 0
      vertex -35.9 0.1 9.4
    endloop
  endfacet
  facet normal 0 1 0
    outer loop
      vertex -36 0.1 0
      vertex -36 0.1 9.4
      vertex -35.9 0.1 0
    endloop
  endfacet
  facet normal 0 -1 0
    outer loop
      vertex -36 0 0
      vertex -35.9 0 9.4
      vertex -36 0 9.4
    endloop
  endfacet
  facet normal 1 0 0
    outer loop
      vertex -35.9 0 0
      vertex -35.9 0.1 9.4
      vertex -35.9 0 9.4
    endloop
  endfacet
  facet normal -1 0 0
    outer loop
      vertex -36 0.1 0
      vertex -36 0 9.4
      vertex -36 0.1 9.4
    endloop
  endfacet
  facet normal 0 1 0
    outer loop
      vertex -35.9 0.1 0
      vertex -36 0.1 9.4
      vertex -35.9 0.1 9.4
    endloop
  endfacet
  facet normal 0 -1 0
    outer loop
      vertex -35.9 0 12.9
      vertex -35.9 0 21.55
      vertex -36 0 12.9
    endloop
  endfacet
  facet normal -1 0 0
    outer loop
      vertex -36 0 12.9
      vertex -36 0 21.55
      vertex -36 0.1 12.9
    endloop
  endfacet
  facet normal 1 0 0
    outer loop
      vertex -35.9 0 12.9
      vertex -35.9 0.1 12.9
      vertex -35.9 0.1 21.55
    endloop
  endfacet
  facet normal 0 1 0
    outer loop
      vertex -36 0.1 12.9
      vertex -36 0.1 21.55
      vertex -35.9 0.1 12.9
    endloop
  endfacet
  facet normal 0 -1 0
    outer loop
      vertex -36 0 12.9
      vertex -35.9 0 21.55
      vertex -36 0 21.55
    endloop
  endfacet
  facet normal 1 0 0
    outer loop
      vertex -35.9 0 12.9
      vertex -35.9 0.1 21.55
      vertex -35.9 0 21.55
    endloop
  endfacet
  facet normal -1 0 0
    outer loop
      vertex -36 0.1 12.9
      vertex -36 0 21.55
      vertex -36 0.1 21.55
    endloop
  endfacet
  facet normal 0 1 0
    outer loop
      vertex -35.9 0.1 12.9
      vertex -36 0.1 21.55
      vertex -35.9 0.1 21.55
    endloop
  endfacet
  facet normal 0 -1 0
    outer loop
      vertex -35.9 0 22.3
      vertex -35.9 0 60
      vertex -36 0 22.3
    endloop
  endfacet
  facet normal -1 0 0
    outer loop
      vertex -36 0 22.3
      vertex -36 0 60
      vertex -36 0.1 22.3
    endloop
  endfacet
  facet normal 1 0 0
    outer loop
      vertex -35.9 0 22.3
      vertex -35.9 0.1 22.3
      vertex -35.9 0.1 60
    endloop
  endfacet
  facet normal 0 1 0
    outer loop
      vertex -36 0.1 22.3
      vertex -36 0.1 60
      vertex -35.9 0.1 22.3
    endloop
  endfacet
  facet normal 0 -1 0
    outer loop
      vertex -36 0 22.3
      vertex -35.9 0 60
      vertex -36 0 60
    endloop
  endfacet
  facet normal 1 0 0
    outer loop
      vertex -35.9 0 22.3
      vertex -35.9 0.1 60
      vertex -35.9 0 60
    endloop
  endfacet
  facet normal -1 0 0
    outer loop
      vertex -36 0.1 22.3
      vertex -36 0 60
      vertex -36 0.1 60
    endloop
  endfacet
  facet normal 0 1 0
    outer loop
      vertex -35.9 0.1 22.3
      vertex -36 0.1 60
      vertex -35.9 0.1 60
    endloop
  endfacet
  facet normal 0 0 1
    outer loop
      vertex -36 0 60
      vertex -35.9 0 60
      vertex -36 0.1 60
    endloop
  endfacet
  facet normal 0 0 1
    outer loop
      vertex -35.9 0 60
      vertex -35.9 0.1 60
      vertex -36 0.1 60
    endloop
  endfacet
  facet normal 0 0 -1
    outer loop
      vertex -24 0 0
      vertex -24 0.1 0
      vertex -23.9 0.1 0
    endloop
  endfacet
  facet normal 0 0 -1
    outer loop
      vertex -24 0 0
      vertex -23.9 0.1 0
      vertex -23.9 0 0
    endloop
  endfacet
  facet normal -1 0 0
    outer loop
      vertex -24 0 0
      vertex -24 0 9.4
      vertex -24 0.1 0
    endloop
  endfacet
  facet normal 0 1 0
    outer loop
      vertex -24 0.1 0
      vertex -24 0.1 9.4
      vertex -23.9 0.1 0
    endloop
  endfacet
  facet normal 0 -1 0
    outer loop
      vertex -24 0 0
      vertex -23.9 0 0
      vertex -23.9 0 9.4
    endloop
  endfacet
  facet normal 1 0 0
    outer loop
      vertex -23.9 0 0
      vertex -23.9 0.1 0
      vertex -23.9 0.1 9.4
    endloop
  endfacet
  facet normal 0 -1 0
    outer loop
      vertex -24 0 0
      vertex -23.9 0 9.4
      vertex -24 0 9.4
    endloop
  endfacet
  facet normal -1 0 0
    outer loop
      vertex -24 0.1 0
      vertex -24 0 9.4
      vertex -24 0.1 9.4
    endloop
  endfacet
  facet normal 1 0 0
    outer loop
      vertex -23.9 0 0
      vertex -23.9 0.1 9.4
      vertex -23.9 0 9.4
    endloop
  endfacet
  facet normal 0 1 0
    outer loop
      vertex -23.9 0.1 0
      vertex -24 0.1 9.4
      vertex -23.9 0.1 9.4
    endloop
  endfacet
  facet normal -1 0 0
    outer loop
      vertex -24 0 12.9
      vertex -24 0 21.55
      vertex -24 0.1 12.9
    endloop
  endfacet
  facet normal 0 1 0
    outer loop
      vertex -24 0.1 12.9
      vertex -24 0.1 21.55
      vertex -23.9 0.1 12.9
    endloop
  endfacet
  facet normal 0 -1 0
    outer loop
      vertex -24 0 12.9
      vertex -23.9 0 12.9
      vertex -23.9 0 21.55
    endloop
  endfacet
  facet normal 1 0 0
    outer loop
      vertex -23.9 0 12.9
      vertex -23.9 0.1 12.9
      vertex -23.9 0.1 21.55
    endloop
  endfacet
  facet normal 0 -1 0
    outer loop
      vertex -24 0 12.9
      vertex -23.9 0 21.55
      vertex -24 0 21.55
    endloop
  endfacet
  facet normal -1 0 0
    outer loop
      vertex -24 0.1 12.9
      vertex -24 0 21.55
      vertex -24 0.1 21.55
    endloop
  endfacet
  facet normal 1 0 0
    outer loop
      vertex -23.9 0 12.9
      vertex -23.9 0.1 21.55
      vertex -23.9 0 21.55
    endloop
  endfacet
  facet normal 0 1 0
    outer loop
      vertex -23.9 0.1 12.9
      vertex -24 0.1 21.55
      vertex -23.9 0.1 21.55
    endloop
  endfacet
  facet normal -1 0 0
    outer loop
      vertex -24 0 22.3
      vertex -24 0 60
      vertex -24 0.1 22.3
    endloop
  endfacet
  facet normal 0 1 0
    outer loop
      vertex -24 0.1 22.3
      vertex -24 0.1 60
      vertex -23.9 0.1 22.3
    endloop
  endfacet
  facet normal 0 -1 0
    outer loop
      vertex -24 0 22.3
      vertex -23.9 0 22.3
      vertex -23.9 0 60
    endloop
  endfacet
  facet normal 1 0 0
    outer loop
      vertex -23.9 0 22.3
      vertex -23.9 0.1 22.3
      vertex -23.9 0.1 60
    endloop
  endfacet
  facet normal 0 -1 0
    outer loop
      vertex -24 0 22.3
      vertex -23.9 0 60
      vertex -24 0 60
    endloop
  endfacet
  facet normal -1 0 0
    outer loop
      vertex -24 0.1 22.3
      vertex -24 0 60
      vertex -24 0.1 60
    endloop
  endfacet
  facet normal 1 0 0
    outer loop
      vertex -23.9 0 22.3
      vertex -23.9 0.1 60
      vertex -23.9 0 60
    endloop
  endfacet
  facet normal 0 1 0
    outer loop
      vertex -23.9 0.1 22.3
      vertex -24 0.1 60
      vertex -23.9 0.1 60
    endloop
  endfacet
  facet normal 0 0 1
    outer loop
      vertex -24 0 60
      vertex -23.9 0 60
      vertex -24 0.1 60
    endloop
  endfacet
  facet normal 0 0 1
    outer loop
      vertex -23.9 0 60
      vertex -23.9 0.1 60
      vertex -24 0.1 60
    endloop
  endfacet
  facet normal 0 0 -1
    outer loop
      vertex -12 0 0
      vertex -11.9 0.1 0
      vertex -11.9 0 0
    endloop
  endfacet
  facet normal 0 0 -1
    outer loop
      vertex -12 0 0
      vertex -12 0.1 0
      vertex -11.9 0.1 0
    endloop
  endfacet
  facet normal 0 -1 0
    outer loop
      vertex -12 0 0
      vertex -11.9 0 0
      vertex -11.9 0 9.4
    endloop
  endfacet
  facet normal -1 0 0
    outer loop
      vertex -12 0 0
      vertex -12 0 9.4
      vertex -12 0.1 0
    endloop
  endfacet
  facet normal 1 0 0
    outer loop
      vertex -11.9 0 0
      vertex -11.9 0.1 0
      vertex -11.9 0.1 9.4
    endloop
  endfacet
  facet normal 0 1 0
    outer loop
      vertex -12 0.1 0
      vertex -12 0.1 9.4
      vertex -11.9 0.1 0
    endloop
  endfacet
  facet normal 0 -1 0
    outer loop
      vertex -12 0 0
      vertex -11.9 0 9.4
      vertex -12 0 9.4
    endloop
  endfacet
  facet normal 1 0 0
    outer loop
      vertex -11.9 0 0
      vertex -11.9 0.1 9.4
      vertex -11.9 0 9.4
    endloop
  endfacet
  facet normal -1 0 0
    outer loop
      vertex -12 0.1 0
      vertex -12 0 9.4
      vertex -12 0.1 9.4
    endloop
  endfacet
  facet normal 0 1 0
    outer loop
      vertex -11.9 0.1 0
      vertex -12 0.1 9.4
      vertex -11.9 0.1 9.4
    endloop
  endfacet
  facet normal 0 -1 0
    outer loop
      vertex -11.9 0 12.9
      vertex -11.9 0 21.55
      vertex -12 0 12.9
    endloop
  endfacet
  facet normal -1 0 0
    outer loop
      vertex -12 0 12.9
      vertex -12 0 21.55
      vertex -12 0.1 12.9
    endloop
  endfacet
  facet normal 1 0 0
    outer loop
      vertex -11.9 0 12.9
      vertex -11.9 0.1 12.9
      vertex -11.9 0.1 21.55
    endloop
  endfacet
  facet normal 0 1 0
    outer loop
      vertex -12 0.1 12.9
      vertex -12 0.1 21.55
      vertex -11.9 0.1 12.9
    endloop
  endfacet
  facet normal 0 -1 0
    outer loop
      vertex -12 0 12.9
      vertex -11.9 0 21.55
      vertex -12 0 21.55
    endloop
  endfacet
  facet normal 1 0 0
    outer loop
      vertex -11.9 0 12.9
      vertex -11.9 0.1 21.55
      vertex -11.9 0 21.55
    endloop
  endfacet
  facet normal -1 0 0
    outer loop
      vertex -12 0.1 12.9
      vertex -12 0 21.55
      vertex -12 0.1 21.55
    endloop
  endfacet
  facet normal 0 1 0
    outer loop
      vertex -11.9 0.1 12.9
      vertex -12 0.1 21.55
      vertex -11.9 0.1 21.55
    endloop
  endfacet
  facet normal 0 -1 0
    outer loop
      vertex -11.9 0 22.3
      vertex -11.9 0 60
      vertex -12 0 22.3
    endloop
  endfacet
  facet normal -1 0 0
    outer loop
      vertex -12 0 22.3
      vertex -12 0 60
      vertex -12 0.1 22.3
    endloop
  endfacet
  facet normal 1 0 0
    outer loop
      vertex -11.9 0 22.3
      vertex -11.9 0.1 22.3
      vertex -11.9 0.1 60
    endloop
  endfacet
  facet normal 0 1 0
    outer loop
      vertex -12 0.1 22.3
      vertex -12 0.1 60
      vertex -11.9 0.1 22.3
    endloop
  endfacet
  facet normal 0 -1 0
    outer loop
      vertex -12 0 22.3
      vertex -11.9 0 60
      vertex -12 0 60
    endloop
  endfacet
  facet normal 1 0 0
    outer loop
      vertex -11.9 0 22.3
      vertex -11.9 0.1 60
      vertex -11.9 0 60
    endloop
  endfacet
  facet normal -1 0 0
    outer loop
      vertex -12 0.1 22.3
      vertex -12 0 60
      vertex -12 0.1 60
    endloop
  endfacet
  facet normal 0 1 0
    outer loop
      vertex -11.9 0.1 22.3
      vertex -12 0.1 60
      vertex -11.9 0.1 60
    endloop
  endfacet
  facet normal 0 0 1
    outer loop
      vertex -12 0 60
      vertex -11.9 0 60
      vertex -12 0.1 60
    endloop
  endfacet
  facet normal 0 0 1
    outer loop
      vertex -11.9 0 60
      vertex -11.9 0.1 60
      vertex -12 0.1 60
    endloop
  endfacet
  facet normal 0 0 -1
    outer loop
      vertex 0 0 0
      vertex 0.1 0.1 0
      vertex 0.1 0 0
    endloop
  endfacet
  facet normal 0 -1 0
    outer loop
      vertex 0 0 0
      vertex 0.1 0 0
      vertex 0.1 0 0.1
    endloop
  endfacet
  facet normal 0 0 -1
    outer loop
      vertex 0 0 0
      vertex 0 0.1 0
      vertex 0.1 0.1 0
    endloop
  endfacet
  facet normal -1 0 0
    outer loop
      vertex 0 0 0
      vertex 0 0 9.4
      vertex 0 0.1 0
    endloop
  endfacet
  facet normal 0 -1 0
    outer loop
      vertex 0 0 0
      vertex 0.1 0 0.1
      vertex 0.1 0 9.4
    endloop
  endfacet
  facet normal 0 1 0
    outer loop
      vertex 0 0.1 0
      vertex 0 0.1 9.4
      vertex 0.1 0.1 0
    endloop
  endfacet
  facet normal 0 1 0
    outer loop
      vertex 0.1 0.1 0
      vertex 0 0.1 9.4
      vertex 0.1 0.1 0.1
    endloop
  endfacet
  facet normal 1 0 0
    outer loop
      vertex 0.1 0 0.1
      vertex 0.1 0.1 0.1
      vertex 0.1 0.1 9.4
    endloop
  endfacet
  facet normal -1 0 0
    outer loop
      vertex 0 0.1 0
      vertex 0 0 9.4
      vertex 0 0.1 9.4
    endloop
  endfacet
  facet normal 0 -1 0
    outer loop
      vertex 0 0 0
      vertex 0.1 0 9.4
      vertex 0 0 9.4
    endloop
  endfacet
  facet normal 1 0 0
    outer loop
      vertex 0.1 0 0.1
      vertex 0.1 0.1 9.4
      vertex 0.1 0 9.4
    endloop
  endfacet
  facet normal 0 1 0
    outer loop
      vertex 0.1 0.1 0.1
      vertex 0 0.1 9.4
      vertex 0.1 0.1 9.4
    endloop
  endfacet
  facet normal -1 0 0
    outer loop
      vertex 0 0 12.9
      vertex 0 0 18.05
      vertex 0 0.1 12.9
    endloop
  endfacet
  facet normal 0 -1 0
    outer loop
      vertex 0 0 12.9
      vertex 0.1 0 12.9
      vertex 0.1 0 18.05
    endloop
  endfacet
  facet normal 1 0 0
    outer loop
      vertex 0.1 0 12.9
      vertex 0.1 0.1 12.9
      vertex 0.1 0.1 18.05
    endloop
  endfacet
  facet normal 0 1 0
    outer loop
      vertex 0 0.1 12.9
      vertex 0 0.1 18.05
      vertex 0.1 0.1 12.9
    endloop
  endfacet
  facet normal -1 0 0
    outer loop
      vertex 0 0.1 12.9
      vertex 0 0 18.05
      vertex 0 0.1 18.05
    endloop
  endfacet
  facet normal 0 -1 0
    outer loop
      vertex 0 0 12.9
      vertex 0.1 0 18.05
      vertex 0 0 18.05
    endloop
  endfacet
  facet normal 1 0 0
    outer loop
      vertex 0.1 0 12.9
      vertex 0.1 0.1 18.05
      vertex 0.1 0 18.05
    endloop
  endfacet
  facet normal 0 1 0
    outer loop
      vertex 0.1 0.1 12.9
      vertex 0 0.1 18.05
      vertex 0.1 0.1 18.05
    endloop
  endfacet
  facet normal 0 -1 0
    outer loop
      vertex 0 0 22.3
      vertex 0.1 0 22.3
      vertex 0.1 0 24
    endloop
  endfacet
  facet normal 1 0 0
    outer loop
      vertex 0.1 0 22.3
      vertex 0.1 0.1 22.3
      vertex 0.1 0.1 24
    endloop
  endfacet
  facet normal 0 -1 0
    outer loop
      vertex 0 0 22.3
      vertex 0.1 0 24
      vertex 0.1 0 24.1
    endloop
  endfacet
  facet normal 1 0 0
    outer loop
      vertex 0.1 0 22.3
      vertex 0.1 0.1 24
      vertex 0.1 0 24
    endloop
  endfacet
  facet normal 0 -1 0
    outer loop
      vertex 0 0 22.3
      vertex 0.1 0 24.1
      vertex 0.1 0 36
    endloop
  endfacet
  facet normal 1 0 0
    outer loop
      vertex 0.1 0 24.1
      vertex 0.1 0.1 24.1
      vertex 0.1 0 36
    endloop
  endfacet
  facet normal 0 -1 0
    outer loop
      vertex 0 0 22.3
      vertex 0.1 0 36
      vertex 0.1 0 36.1
    endloop
  endfacet
  facet normal 1 0 0
    outer loop
      vertex 0.1 0.1 24.1
      vertex 0.1 0.1 36
      vertex 0.1 0 36
    endloop
  endfacet
  facet normal -1 0 0
    outer loop
      vertex 0 0 22.3
      vertex 0 0 60
      vertex 0 0.1 22.3
    endloop
  endfacet
  facet normal 0 1 0
    outer loop
      vertex 0 0.1 22.3
      vertex 0 0.1 60
      vertex 0.1 0.1 22.3
    endloop
  endfacet
  facet normal 0 1 0
    outer loop
      vertex 0.1 0.1 22.3
      vertex 0 0.1 60
      vertex 0.1 0.1 24
    endloop
  endfacet
  facet normal 0 1 0
    outer loop
      vertex 0.1 0.1 24
      vertex 0 0.1 60
      vertex 0.1 0.1 24.1
    endloop
  endfacet
  facet normal 0 -1 0
    outer loop
      vertex 0 0 22.3
      vertex 0.1 0 36.1
      vertex 0.1 0 60
    endloop
  endfacet
  facet normal 0 1 0
    outer loop
      vertex 0.1 0.1 24.1
      vertex 0 0.1 60
      vertex 0.1 0.1 36
    endloop
  endfacet
  facet normal 1 0 0
    outer loop
      vertex 0.1 0 36.1
      vertex 0.1 0.1 36.1
      vertex 0.1 0 60
    endloop
  endfacet
  facet normal 0 1 0
    outer loop
      vertex 0.1 0.1 36
      vertex 0 0.1 60
      vertex 0.1 0.1 36.1
    endloop
  endfacet
  facet normal -1 0 0
    outer loop
      vertex 0 0.1 22.3
      vertex 0 0 60
      vertex 0 0.1 60
    endloop
  endfacet
  facet normal 0 -1 0
    outer loop
      vertex 0 0 22.3
      vertex 0.1 0 60
      vertex 0 0 60
    endloop
  endfacet
  facet normal 1 0 0
    outer loop
      vertex 0.1 0.1 36.1
      vertex 0.1 0.1 60
      vertex 0.1 0 60
    endloop
  endfacet
  facet normal 0 1 0
    outer loop
      vertex 0.1 0.1 36.1
      vertex 0 0.1 60
      vertex 0.1 0.1 60
    endloop
  endfacet
  facet normal 0 0 1
    outer loop
      vertex 0 0 60
      vertex 0.1 0 60
      vertex 0 0.1 60
    endloop
  endfacet
  facet normal 0 0 1
    outer loop
      vertex 0 0.1 60
      vertex 0.1 0 60
      vertex 0.1 0.1 60
    endloop
  endfacet
  facet normal 0 0 -1
    outer loop
      vertex 12 0 0
      vertex 12.1 0.1 0
      vertex 12.1 0 0
    endloop
  endfacet
  facet normal 0 -1 0
    outer loop
      vertex 12 0 0
      vertex 12.1 0 0
      vertex 12.1 0 0.1
    endloop
  endfacet
  facet normal 0 0 -1
    outer loop
      vertex 12 0 0
      vertex 12 0.1 0
      vertex 12.1 0.1 0
    endloop
  endfacet
  facet normal 0 1 0
    outer loop
      vertex 12 0.1 0
      vertex 12 0.1 0.1
      vertex 12.1 0.1 0
    endloop
  endfacet
  facet normal 0 -1 0
    outer loop
      vertex 12 0 0
      vertex 12.1 0 0.1
      vertex 12.1 0 9.4
    endloop
  endfacet
  facet normal 0 -1 0
    outer loop
      vertex 12 0 0
      vertex 12.1 0 9.4
      vertex 12 0 0.1
    endloop
  endfacet
  facet normal 0 1 0
    outer loop
      vertex 12 0.1 0.1
      vertex 12 0.1 9.4
      vertex 12.1 0.1 0
    endloop
  endfacet
  facet normal 0 1 0
    outer loop
      vertex 12.1 0.1 0
      vertex 12 0.1 9.4
      vertex 12.1 0.1 0.1
    endloop
  endfacet
  facet normal -1 0 0
    outer loop
      vertex 12 0 0.1
      vertex 12 0 9.4
      vertex 12 0.1 0.1
    endloop
  endfacet
  facet normal 1 0 0
    outer loop
      vertex 12.1 0 0.1
      vertex 12.1 0.1 0.1
      vertex 12.1 0.1 9.4
    endloop
  endfacet
  facet normal 0 -1 0
    outer loop
      vertex 12 0 0.1
      vertex 12.1 0 9.4
      vertex 12 0 9.4
    endloop
  endfacet
  facet normal -1 0 0
    outer loop
      vertex 12 0.1 0.1
      vertex 12 0 9.4
      vertex 12 0.1 9.4
    endloop
  endfacet
  facet normal 0 1 0
    outer loop
      vertex 12.1 0.1 0.1
      vertex 12 0.1 9.4
      vertex 12.1 0.1 9.4
    endloop
  endfacet
  facet normal 1 0 0
    outer loop
      vertex 12.1 0 0.1
      vertex 12.1 0.1 9.4
      vertex 12.1 0 9.4
    endloop
  endfacet
  facet normal 0 -1 0
    outer loop
      vertex 12 0 12.9
      vertex 12.1 0 12.9
      vertex 12.1 0 21.55
    endloop
  endfacet
  facet normal -1 0 0
    outer loop
      vertex 12 0 12.9
      vertex 12 0 21.55
      vertex 12 0.1 12.9
    endloop
  endfacet
  facet normal 0 1 0
    outer loop
      vertex 12 0.1 12.9
      vertex 12 0.1 21.55
      vertex 12.1 0.1 12.9
    endloop
  endfacet
  facet normal 1 0 0
    outer loop
      vertex 12.1 0 12.9
      vertex 12.1 0.1 12.9
      vertex 12.1 0.1 21.55
    endloop
  endfacet
  facet normal 0 -1 0
    outer loop
      vertex 12 0 12.9
      vertex 12.1 0 21.55
      vertex 12 0 21.55
    endloop
  endfacet
  facet normal -1 0 0
    outer loop
      vertex 12 0.1 12.9
      vertex 12 0 21.55
      vertex 12 0.1 21.55
    endloop
  endfacet
  facet normal 0 1 0
    outer loop
      vertex 12.1 0.1 12.9
      vertex 12 0.1 21.55
      vertex 12.1 0.1 21.55
    endloop
  endfacet
  facet normal 1 0 0
    outer loop
      vertex 12.1 0 12.9
      vertex 12.1 0.1 21.55
      vertex 12.1 0 21.55
    endloop
  endfacet
  facet normal 0 -1 0
    outer loop
      vertex 12 0 22.3
      vertex 12.1 0 22.3
      vertex 12.1 0 24
    endloop
  endfacet
  facet normal -1 0 0
    outer loop
      vertex 12 0 22.3
      vertex 12 0 24
      vertex 12 0.1 22.3
    endloop
  endfacet
  facet normal 0 1 0
    outer loop
      vertex 12 0.1 22.3
      vertex 12 0.1 24
      vertex 12.1 0.1 22.3
    endloop
  endfacet
  facet normal 1 0 0
    outer loop
      vertex 12.1 0 22.3
      vertex 12.1 0.1 22.3
      vertex 12.1 0.1 24
    endloop
  endfacet
  facet normal 0 -1 0
    outer loop
      vertex 12 0 22.3
      vertex 12.1 0 24
      vertex 12.1 0 24.1
    endloop
  endfacet
  facet normal -1 0 0
    outer loop
      vertex 12 0.1 22.3
      vertex 12 0 24
      vertex 12 0.1 24
    endloop
  endfacet
  facet normal 0 1 0
    outer loop
      vertex 12.1 0.1 22.3
      vertex 12 0.1 24
      vertex 12 0.1 24.1
    endloop
  endfacet
  facet normal 1 0 0
    outer loop
      vertex 12.1 0 22.3
      vertex 12.1 0.1 24
      vertex 12.1 0 24
    endloop
  endfacet
  facet normal 0 -1 0
    outer loop
      vertex 12 0 22.3
      vertex 12.1 0 24.1
      vertex 12.1 0 36
    endloop
  endfacet
  facet normal 0 1 0
    outer loop
      vertex 12.1 0.1 22.3
      vertex 12 0.1 24.1
      vertex 12 0.1 36
    endloop
  endfacet
  facet normal -1 0 0
    outer loop
      vertex 12 0 24.1
      vertex 12 0.1 36
      vertex 12 0.1 24.1
    endloop
  endfacet
  facet normal 1 0 0
    outer loop
      vertex 12.1 0 24.1
      vertex 12.1 0.1 24.1
      vertex 12.1 0 36
    endloop
  endfacet
  facet normal 0 -1 0
    outer loop
      vertex 12 0 22.3
      vertex 12.1 0 36
      vertex 12.1 0 36.1
    endloop
  endfacet
  facet normal 0 1 0
    outer loop
      vertex 12.1 0.1 22.3
      vertex 12 0.1 36
      vertex 12 0.1 36.1
    endloop
  endfacet
  facet normal -1 0 0
    outer loop
      vertex 12 0 24.1
      vertex 12 0 36
      vertex 12 0.1 36
    endloop
  endfacet
  facet normal 1 0 0
    outer loop
      vertex 12.1 0.1 24.1
      vertex 12.1 0.1 36
      vertex 12.1 0 36
    endloop
  endfacet
  facet normal 0 -1 0
    outer loop
      vertex 12 0 22.3
      vertex 12.1 0 60
      vertex 12 0 24
    endloop
  endfacet
  facet normal 0 1 0
    outer loop
      vertex 12.1 0.1 22.3
      vertex 12 0.1 60
      vertex 12.1 0.1 24
    endloop
  endfacet
  facet normal 0 -1 0
    outer loop
      vertex 12 0 24
      vertex 12.1 0 60
      vertex 12 0 24.1
    endloop
  endfacet
  facet normal 0 1 0
    outer loop
      vertex 12.1 0.1 24
      vertex 12 0.1 60
      vertex 12.1 0.1 24.1
    endloop
  endfacet
  facet normal 0 -1 0
    outer loop
      vertex 12 0 22.3
      vertex 12.1 0 36.1
      vertex 12.1 0 60
    endloop
  endfacet
  facet normal 0 1 0
    outer loop
      vertex 12.1 0.1 22.3
      vertex 12 0.1 36.1
      vertex 12 0.1 60
    endloop
  endfacet
  facet normal 0 -1 0
    outer loop
      vertex 12 0 24.1
      vertex 12.1 0 60
      vertex 12 0 36
    endloop
  endfacet
  facet normal 0 1 0
    outer loop
      vertex 12.1 0.1 24.1
      vertex 12 0.1 60
      vertex 12.1 0.1 36
    endloop
  endfacet
  facet normal 0 -1 0
    outer loop
      vertex 12 0 36
      vertex 12.1 0 60
      vertex 12 0 36.1
    endloop
  endfacet
  facet normal 0 1 0
    outer loop
      vertex 12.1 0.1 36
      vertex 12 0.1 60
      vertex 12.1 0.1 36.1
    endloop
  endfacet
  facet normal -1 0 0
    outer loop
      vertex 12 0 36.1
      vertex 12 0.1 60
      vertex 12 0.1 36.1
    endloop
  endfacet
  facet normal 1 0 0
    outer loop
      vertex 12.1 0 36.1
      vertex 12.1 0.1 36.1
      vertex 12.1 0 60
    endloop
  endfacet
  facet normal 0 -1 0
    outer loop
      vertex 12 0 36.1
      vertex 12.1 0 60
      vertex 12 0 60
    endloop
  endfacet
  facet normal -1 0 0
    outer loop
      vertex 12 0 36.1
      vertex 12 0 60
      vertex 12 0.1 60
    endloop
  endfacet
  facet normal 0 1 0
    outer loop
      vertex 12.1 0.1 36.1
      vertex 12 0.1 60
      vertex 12.1 0.1 60
    endloop
  endfacet
  facet normal 1 0 0
    outer loop
      vertex 12.1 0.1 36.1
      vertex 12.1 0.1 60
      vertex 12.1 0 60
    endloop
  endfacet
  facet normal 0 0 1
    outer loop
      vertex 12 0 60
      vertex 12.1 0 60
      vertex 12 0.1 60
    endloop
  endfacet
  facet normal 0 0 1
    outer loop
      vertex 12.1 0 60
      vertex 12.1 0.1 60
      vertex 12 0.1 60
    endloop
  endfacet
  facet normal 0 0 -1
    outer loop
      vertex 24 0 0
      vertex 24.1 0.1 0
      vertex 24.1 0 0
    endloop
  endfacet
  facet normal 0 -1 0
    outer loop
      vertex 24 0 0
      vertex 24.1 0 0
      vertex 24.1 0 0.1
    endloop
  endfacet
  facet normal 0 0 -1
    outer loop
      vertex 24 0 0
      vertex 24 0.1 0
      vertex 24.1 0.1 0
    endloop
  endfacet
  facet normal 0 1 0
    outer loop
      vertex 24 0.1 0
      vertex 24 0.1 0.1
      vertex 24.1 0.1 0
    endloop
  endfacet
  facet normal 0 -1 0
    outer loop
      vertex 24 0 0
      vertex 24.1 0 0.1
      vertex 24.1 0 9.4
    endloop
  endfacet
  facet normal 0 -1 0
    outer loop
      vertex 24 0 0
      vertex 24.1 0 9.4
      vertex 24 0 0.1
    endloop
  endfacet
  facet normal 0 1 0
    outer loop
      vertex 24 0.1 0.1
      vertex 24 0.1 9.4
      vertex 24.1 0.1 0
    endloop
  endfacet
  facet normal 0 1 0
    outer loop
      vertex 24.1 0.1 0
      vertex 24 0.1 9.4
      vertex 24.1 0.1 0.1
    endloop
  endfacet
  facet normal -1 0 0
    outer loop
      vertex 24 0 0.1
      vertex 24 0 9.4
      vertex 24 0.1 0.1
    endloop
  endfacet
  facet normal 1 0 0
    outer loop
      vertex 24.1 0 0.1
      vertex 24.1 0.1 0.1
      vertex 24.1 0.1 9.4
    endloop
  endfacet
  facet normal -1 0 0
    outer loop
      vertex 24 0.1 0.1
      vertex 24 0 9.4
      vertex 24 0.1 9.4
    endloop
  endfacet
  facet normal 0 -1 0
    outer loop
      vertex 24 0 0.1
      vertex 24.1 0 9.4
      vertex 24 0 9.4
    endloop
  endfacet
  facet normal 1 0 0
    outer loop
      vertex 24.1 0 0.1
      vertex 24.1 0.1 9.4
      vertex 24.1 0 9.4
    endloop
  endfacet
  facet normal 0 1 0
    outer loop
      vertex 24.1 0.1 0.1
      vertex 24 0.1 9.4
      vertex 24.1 0.1 9.4
    endloop
  endfacet
  facet normal -1 0 0
    outer loop
      vertex 24 0 12.9
      vertex 24 0 21.55
      vertex 24 0.1 12.9
    endloop
  endfacet
  facet normal 0 -1 0
    outer loop
      vertex 24 0 12.9
      vertex 24.1 0 12.9
      vertex 24.1 0 21.55
    endloop
  endfacet
  facet normal 1 0 0
    outer loop
      vertex 24.1 0 12.9
      vertex 24.1 0.1 12.9
      vertex 24.1 0.1 21.55
    endloop
  endfacet
  facet normal 0 1 0
    outer loop
      vertex 24 0.1 12.9
      vertex 24 0.1 21.55
      vertex 24.1 0.1 12.9
    endloop
  endfacet
  facet normal -1 0 0
    outer loop
      vertex 24 0.1 12.9
      vertex 24 0 21.55
      vertex 24 0.1 21.55
    endloop
  endfacet
  facet normal 0 -1 0
    outer loop
      vertex 24 0 12.9
      vertex 24.1 0 21.55
      vertex 24 0 21.55
    endloop
  endfacet
  facet normal 1 0 0
    outer loop
      vertex 24.1 0 12.9
      vertex 24.1 0.1 21.55
      vertex 24.1 0 21.55
    endloop
  endfacet
  facet normal 0 1 0
    outer loop
      vertex 24.1 0.1 12.9
      vertex 24 0.1 21.55
      vertex 24.1 0.1 21.55
    endloop
  endfacet
  facet normal -1 0 0
    outer loop
      vertex 24 0 22.3
      vertex 24 0 24
      vertex 24 0.1 22.3
    endloop
  endfacet
  facet normal 0 -1 0
    outer loop
      vertex 24 0 22.3
      vertex 24.1 0 22.3
      vertex 24.1 0 24
    endloop
  endfacet
  facet normal 1 0 0
    outer loop
      vertex 24.1 0 22.3
      vertex 24.1 0.1 22.3
      vertex 24.1 0.1 24
    endloop
  endfacet
  facet normal 0 1 0
    outer loop
      vertex 24 0.1 22.3
      vertex 24 0.1 24
      vertex 24.1 0.1 22.3
    endloop
  endfacet
  facet normal -1 0 0
    outer loop
      vertex 24 0.1 22.3
      vertex 24 0 24
      vertex 24 0.1 24
    endloop
  endfacet
  facet normal 0 -1 0
    outer loop
      vertex 24 0 22.3
      vertex 24.1 0 24
      vertex 24.1 0 24.1
    endloop
  endfacet
  facet normal 1 0 0
    outer loop
      vertex 24.1 0 22.3
      vertex 24.1 0.1 24
      vertex 24.1 0 24
    endloop
  endfacet
  facet normal 0 1 0
    outer loop
      vertex 24.1 0.1 22.3
      vertex 24 0.1 24
      vertex 24 0.1 24.1
    endloop
  endfacet
  facet normal 0 -1 0
    outer loop
      vertex 24 0 22.3
      vertex 24.1 0 24.1
      vertex 24.1 0 36
    endloop
  endfacet
  facet normal 0 1 0
    outer loop
      vertex 24.1 0.1 22.3
      vertex 24 0.1 24.1
      vertex 24 0.1 36
    endloop
  endfacet
  facet normal -1 0 0
    outer loop
      vertex 24 0 24.1
      vertex 24 0.1 36
      vertex 24 0.1 24.1
    endloop
  endfacet
  facet normal 1 0 0
    outer loop
      vertex 24.1 0 24.1
      vertex 24.1 0.1 24.1
      vertex 24.1 0 36
    endloop
  endfacet
  facet normal 0 -1 0
    outer loop
      vertex 24 0 22.3
      vertex 24.1 0 36
      vertex 24.1 0 36.1
    endloop
  endfacet
  facet normal 0 1 0
    outer loop
      vertex 24.1 0.1 22.3
      vertex 24 0.1 36
      vertex 24 0.1 36.1
    endloop
  endfacet
  facet normal -1 0 0
    outer loop
      vertex 24 0 24.1
      vertex 24 0 36
      vertex 24 0.1 36
    endloop
  endfacet
  facet normal 1 0 0
    outer loop
      vertex 24.1 0.1 24.1
      vertex 24.1 0.1 36
      vertex 24.1 0 36
    endloop
  endfacet
  facet normal 0 -1 0
    outer loop
      vertex 24 0 22.3
      vertex 24.1 0 60
      vertex 24 0 24
    endloop
  endfacet
  facet normal 0 1 0
    outer loop
      vertex 24.1 0.1 22.3
      vertex 24 0.1 60
      vertex 24.1 0.1 24
    endloop
  endfacet
  facet normal 0 -1 0
    outer loop
      vertex 24 0 24
      vertex 24.1 0 60
      vertex 24 0 24.1
    endloop
  endfacet
  facet normal 0 1 0
    outer loop
      vertex 24.1 0.1 24
      vertex 24 0.1 60
      vertex 24.1 0.1 24.1
    endloop
  endfacet
  facet normal 0 -1 0
    outer loop
      vertex 24 0 22.3
      vertex 24.1 0 36.1
      vertex 24.1 0 60
    endloop
  endfacet
  facet normal 0 1 0
    outer loop
      vertex 24.1 0.1 22.3
      vertex 24 0.1 36.1
      vertex 24 0.1 60
    endloop
  endfacet
  facet normal 0 -1 0
    outer loop
      vertex 24 0 24.1
      vertex 24.1 0 60
      vertex 24 0 36
    endloop
  endfacet
  facet normal 0 1 0
    outer loop
      vertex 24.1 0.1 24.1
      vertex 24 0.1 60
      vertex 24.1 0.1 36
    endloop
  endfacet
  facet normal -1 0 0
    outer loop
      vertex 24 0 36.1
      vertex 24 0.1 60
      vertex 24 0.1 36.1
    endloop
  endfacet
  facet normal 0 -1 0
    outer loop
      vertex 24 0 36
      vertex 24.1 0 60
      vertex 24 0 36.1
    endloop
  endfacet
  facet normal 1 0 0
    outer loop
      vertex 24.1 0 36.1
      vertex 24.1 0.1 36.1
      vertex 24.1 0 60
    endloop
  endfacet
  facet normal 0 1 0
    outer loop
      vertex 24.1 0.1 36
      vertex 24 0.1 60
      vertex 24.1 0.1 36.1
    endloop
  endfacet
  facet normal -1 0 0
    outer loop
      vertex 24 0 36.1
      vertex 24 0 60
      vertex 24 0.1 60
    endloop
  endfacet
  facet normal 0 -1 0
    outer loop
      vertex 24 0 36.1
      vertex 24.1 0 60
      vertex 24 0 60
    endloop
  endfacet
  facet normal 1 0 0
    outer loop
      vertex 24.1 0.1 36.1
      vertex 24.1 0.1 60
      vertex 24.1 0 60
    endloop
  endfacet
  facet normal 0 1 0
    outer loop
      vertex 24.1 0.1 36.1
      vertex 24 0.1 60
      vertex 24.1 0.1 60
    endloop
  endfacet
  facet normal 0 0 1
    outer loop
      vertex 24 0 60
      vertex 24.1 0 60
      vertex 24 0.1 60
    endloop
  endfacet
  facet normal 0 0 1
    outer loop
      vertex 24.1 0 60
      vertex 24.1 0.1 60
      vertex 24 0.1 60
    endloop
  endfacet
  facet normal 0 0 -1
    outer loop
      vertex 36 0 0
      vertex 36.1 0.1 0
      vertex 36.1 0 0
    endloop
  endfacet
  facet normal 0 -1 0
    outer loop
      vertex 36 0 0
      vertex 36.1 0 0
      vertex 36.1 0 0.1
    endloop
  endfacet
  facet normal 0 0 -1
    outer loop
      vertex 36 0 0
      vertex 36 0.1 0
      vertex 36.1 0.1 0
    endloop
  endfacet
  facet normal 0 1 0
    outer loop
      vertex 36 0.1 0
      vertex 36 0.1 0.1
      vertex 36.1 0.1 0
    endloop
  endfacet
  facet normal 0 -1 0
    outer loop
      vertex 36 0 0
      vertex 36.1 0 0.1
      vertex 36.1 0 9.4
    endloop
  endfacet
  facet normal 0 -1 0
    outer loop
      vertex 36 0 0
      vertex 36.1 0 9.4
      vertex 36 0 0.1
    endloop
  endfacet
  facet normal 0 1 0
    outer loop
      vertex 36 0.1 0.1
      vertex 36 0.1 9.4
      vertex 36.1 0.1 0
    endloop
  endfacet
  facet normal 0 1 0
    outer loop
      vertex 36.1 0.1 0
      vertex 36 0.1 9.4
      vertex 36.1 0.1 0.1
    endloop
  endfacet
  facet normal -1 0 0
    outer loop
      vertex 36 0 0.1
      vertex 36 0 9.4
      vertex 36 0.1 0.1
    endloop
  endfacet
  facet normal 1 0 0
    outer loop
      vertex 36.1 0 0.1
      vertex 36.1 0.1 0.1
      vertex 36.1 0.1 9.4
    endloop
  endfacet
  facet normal 0 -1 0
    outer loop
      vertex 36 0 0.1
      vertex 36.1 0 9.4
      vertex 36 0 9.4
    endloop
  endfacet
  facet normal -1 0 0
    outer loop
      vertex 36 0.1 0.1
      vertex 36 0 9.4
      vertex 36 0.1 9.4
    endloop
  endfacet
  facet normal 0 1 0
    outer loop
      vertex 36.1 0.1 0.1
      vertex 36 0.1 9.4
      vertex 36.1 0.1 9.4
    endloop
  endfacet
  facet normal 1 0 0
    outer loop
      vertex 36.1 0 0.1
      vertex 36.1 0.1 9.4
      vertex 36.1 0 9.4
    endloop
  endfacet
  facet normal 0 -1 0
    outer loop
      vertex 36 0 12.9
      vertex 36.1 0 12.9
      vertex 36.1 0 21.55
    endloop
  endfacet
  facet normal -1 0 0
    outer loop
      vertex 36 0 12.9
      vertex 36 0 21.55
      vertex 36 0.1 12.9
    endloop
  endfacet
  facet normal 0 1 0
    outer loop
      vertex 36 0.1 12.9
      vertex 36 0.1 21.55
      vertex 36.1 0.1 12.9
    endloop
  endfacet
  facet normal 1 0 0
    outer loop
      vertex 36.1 0 12.9
      vertex 36.1 0.1 12.9
      vertex 36.1 0.1 21.55
    endloop
  endfacet
  facet normal 0 -1 0
    outer loop
      vertex 36 0 12.9
      vertex 36.1 0 21.55
      vertex 36 0 21.55
    endloop
  endfacet
  facet normal -1 0 0
    outer loop
      vertex 36 0.1 12.9
      vertex 36 0 21.55
      vertex 36 0.1 21.55
    endloop
  endfacet
  facet normal 0 1 0
    outer loop
      vertex 36.1 0.1 12.9
      vertex 36 0.1 21.55
      vertex 36.1 0.1 21.55
    endloop
  endfacet
  facet normal 1 0 0
    outer loop
      vertex 36.1 0 12.9
      vertex 36.1 0.1 21.55
      vertex 36.1 0 21.55
    endloop
  endfacet
  facet normal 0 -1 0
    outer loop
      vertex 36 0 22.3
      vertex 36.1 0 22.3
      vertex 36.1 0 24
    endloop
  endfacet
  facet normal -1 0 0
    outer loop
      vertex 36 0 22.3
      vertex 36 0 24
      vertex 36 0.1 22.3
    endloop
  endfacet
  facet normal 0 1 0
    outer loop
      vertex 36 0.1 22.3
      vertex 36 0.1 24
      vertex 36.1 0.1 22.3
    endloop
  endfacet
  facet normal 1 0 0
    outer loop
      vertex 36.1 0 22.3
      vertex 36.1 0.1 22.3
      vertex 36.1 0.1 24
    endloop
  endfacet
  facet normal 0 -1 0
    outer loop
      vertex 36 0 22.3
      vertex 36.1 0 24
      vertex 36.1 0 24.1
    endloop
  endfacet
  facet normal -1 0 0
    outer loop
      vertex 36 0.1 22.3
      vertex 36 0 24
      vertex 36 0.1 24
    endloop
  endfacet
  facet normal 0 1 0
    outer loop
      vertex 36.1 0.1 22.3
      vertex 36 0.1 24
      vertex 36 0.1 24.1
    endloop
  endfacet
  facet normal 1 0 0
    outer loop
      vertex 36.1 0 22.3
      vertex 36.1 0.1 24
      vertex 36.1 0 24
    endloop
  endfacet
  facet normal 0 -1 0
    outer loop
      vertex 36 0 22.3
      vertex 36.1 0 24.1
      vertex 36.1 0 36
    endloop
  endfacet
  facet normal 0 1 0
    outer loop
      vertex 36.1 0.1 22.3
      vertex 36 0.1 24.1
      vertex 36 0.1 36
    endloop
  endfacet
  facet normal -1 0 0
    outer loop
      vertex 36 0 24.1
      vertex 36 0.1 36
      vertex 36 0.1 24.1
    endloop
  endfacet
  facet normal 1 0 0
    outer loop
      vertex 36.1 0 24.1
      vertex 36.1 0.1 24.1
      vertex 36.1 0 36
    endloop
  endfacet
  facet normal 0 -1 0
    outer loop
      vertex 36 0 22.3
      vertex 36.1 0 36
      vertex 36.1 0 36.1
    endloop
  endfacet
  facet normal 0 1 0
    outer loop
      vertex 36.1 0.1 22.3
      vertex 36 0.1 36
      vertex 36 0.1 36.1
    endloop
  endfacet
  facet normal -1 0 0
    outer loop
      vertex 36 0 24.1
      vertex 36 0 36
      vertex 36 0.1 36
    endloop
  endfacet
  facet normal 1 0 0
    outer loop
      vertex 36.1 0.1 24.1
      vertex 36.1 0.1 36
      vertex 36.1 0 36
    endloop
  endfacet
  facet normal 0 -1 0
    outer loop
      vertex 36 0 22.3
      vertex 36.1 0 60
      vertex 36 0 24
    endloop
  endfacet
  facet normal 0 1 0
    outer loop
      vertex 36.1 0.1 22.3
      vertex 36 0.1 60
      vertex 36.1 0.1 24
    endloop
  endfacet
  facet normal 0 -1 0
    outer loop
      vertex 36 0 24
      vertex 36.1 0 60
      vertex 36 0 24.1
    endloop
  endfacet
  facet normal 0 1 0
    outer loop
      vertex 36.1 0.1 24
      vertex 36 0.1 60
      vertex 36.1 0.1 24.1
    endloop
  endfacet
  facet normal 0 -1 0
    outer loop
      vertex 36 0 22.3
      vertex 36.1 0 36.1
      vertex 36.1 0 60
    endloop
  endfacet
  facet normal 0 1 0
    outer loop
      vertex 36.1 0.1 22.3
      vertex 36 0.1 36.1
      vertex 36 0.1 60
    endloop
  endfacet
  facet normal 0 -1 0
    outer loop
      vertex 36 0 24.1
      vertex 36.1 0 60
      vertex 36 0 36
    endloop
  endfacet
  facet normal 0 1 0
    outer loop
      vertex 36.1 0.1 24.1
      vertex 36 0.1 60
      vertex 36.1 0.1 36
    endloop
  endfacet
  facet normal 0 -1 0
    outer loop
      vertex 36 0 36
      vertex 36.1 0 60
      vertex 36 0 36.1
    endloop
  endfacet
  facet normal 0 1 0
    outer loop
      vertex 36.1 0.1 36
      vertex 36 0.1 60
      vertex 36.1 0.1 36.1
    endloop
  endfacet
  facet normal -1 0 0
    outer loop
      vertex 36 0 36.1
      vertex 36 0.1 60
      vertex 36 0.1 36.1
    endloop
  endfacet
  facet normal 1 0 0
    outer loop
      vertex 36.1 0 36.1
      vertex 36.1 0.1 36.1
      vertex 36.1 0 60
    endloop
  endfacet
  facet normal 0 -1 0
    outer loop
      vertex 36 0 36.1
      vertex 36.1 0 60
      vertex 36 0 60
    endloop
  endfacet
  facet normal -1 0 0
    outer loop
      vertex 36 0 36.1
      vertex 36 0 60
      vertex 36 0.1 60
    endloop
  endfacet
  facet normal 0 1 0
    outer loop
      vertex 36.1 0.1 36.1
      vertex 36 0.1 60
      vertex 36.1 0.1 60
    endloop
  endfacet
  facet normal 1 0 0
    outer loop
      vertex 36.1 0.1 36.1
      vertex 36.1 0.1 60
      vertex 36.1 0 60
    endloop
  endfacet
  facet normal 0 0 1
    outer loop
      vertex 36 0 60
      vertex 36.1 0 60
      vertex 36 0.1 60
    endloop
  endfacet
  facet normal 0 0 1
    outer loop
      vertex 36 0.1 60
      vertex 36.1 0 60
      vertex 36.1 0.1 60
    endloop
  endfacet
  facet normal 0 0 -1
    outer loop
      vertex 48 0 0
      vertex 48.1 0.1 0
      vertex 48.1 0 0
    endloop
  endfacet
  facet normal 0 -1 0
    outer loop
      vertex 48 0 0
      vertex 48.1 0 0
      vertex 48.1 0 0.1
    endloop
  endfacet
  facet normal 0 0 -1
    outer loop
      vertex 48 0 0
      vertex 48 0.1 0
      vertex 48.1 0.1 0
    endloop
  endfacet
  facet normal 0 1 0
    outer loop
      vertex 48 0.1 0
      vertex 48 0.1 9.4
      vertex 48.1 0.1 0
    endloop
  endfacet
  facet normal 0 -1 0
    outer loop
      vertex 48 0 0
      vertex 48.1 0 0.1
      vertex 48.1 0 12
    endloop
  endfacet
  facet normal 1 0 0
    outer loop
      vertex 48.1 0 0.1
      vertex 48.1 0.1 0.1
      vertex 48.1 0 12
    endloop
  endfacet
  facet normal 0 1 0
    outer loop
      vertex 48.1 0.1 0
      vertex 48 0.1 9.4
      vertex 48 0.1 12.9
    endloop
  endfacet
  facet normal 0 -1 0
    outer loop
      vertex 48 0 0
      vertex 48.1 0 12
      vertex 48.1 0 12.1
    endloop
  endfacet
  facet normal 1 0 0
    outer loop
      vertex 48.1 0.1 0.1
      vertex 48.1 0.1 12
      vertex 48.1 0 12
    endloop
  endfacet
  facet normal 0 1 0
    outer loop
      vertex 48.1 0.1 0
      vertex 48 0.1 12.9
      vertex 48 0.1 21.55
    endloop
  endfacet
  facet normal 0 -1 0
    outer loop
      vertex 48 0 0
      vertex 48.1 0 12.1
      vertex 48.1 0 24
    endloop
  endfacet
  facet normal 0 1 0
    outer loop
      vertex 48.1 0.1 0
      vertex 48 0.1 21.55
      vertex 48 0.1 22.3
    endloop
  endfacet
  facet normal 0 1 0
    outer loop
      vertex 48.1 0.1 0
      vertex 48 0.1 22.3
      vertex 48 0.1 24
    endloop
  endfacet
  facet normal 0 -1 0
    outer loop
      vertex 48 0 0
      vertex 48.1 0 24
      vertex 48.1 0 24.1
    endloop
  endfacet
  facet normal 1 0 0
    outer loop
      vertex 48.1 0 12.1
      vertex 48.1 0.1 12.1
      vertex 48.1 0 24
    endloop
  endfacet
  facet normal 0 1 0
    outer loop
      vertex 48.1 0.1 0
      vertex 48 0.1 24
      vertex 48 0.1 24.1
    endloop
  endfacet
  facet normal 0 -1 0
    outer loop
      vertex 48 0 0
      vertex 48.1 0 24.1
      vertex 48.1 0 36
    endloop
  endfacet
  facet normal 1 0 0
    outer loop
      vertex 48.1 0.1 12.1
      vertex 48.1 0.1 24
      vertex 48.1 0 24
    endloop
  endfacet
  facet normal 0 1 0
    outer loop
      vertex 48.1 0.1 0
      vertex 48 0.1 24.1
      vertex 48 0.1 36
    endloop
  endfacet
  facet normal 0 1 0
    outer loop
      vertex 48.1 0.1 0
      vertex 48 0.1 60
      vertex 48.1 0.1 0.1
    endloop
  endfacet
  facet normal -1 0 0
    outer loop
      vertex 48 0 22.3
      vertex 48 0 24
      vertex 48 0.1 22.3
    endloop
  endfacet
  facet normal -1 0 0
    outer loop
      vertex 48 0.1 22.3
      vertex 48 0 24
      vertex 48 0.1 24
    endloop
  endfacet
  facet normal 0 -1 0
    outer loop
      vertex 48 0 0
      vertex 48.1 0 36
      vertex 48.1 0 36.1
    endloop
  endfacet
  facet normal 0 1 0
    outer loop
      vertex 48.1 0.1 0
      vertex 48 0.1 36
      vertex 48 0.1 36.1
    endloop
  endfacet
  facet normal 0 1 0
    outer loop
      vertex 48.1 0.1 0.1
      vertex 48 0.1 60
      vertex 48.1 0.1 12
    endloop
  endfacet
  facet normal 0 -1 0
    outer loop
      vertex 48 0 0
      vertex 48.1 0 60
      vertex 48 0 21.55
    endloop
  endfacet
  facet normal -1 0 0
    outer loop
      vertex 48 0 24.1
      vertex 48 0.1 36
      vertex 48 0.1 24.1
    endloop
  endfacet
  facet normal 1 0 0
    outer loop
      vertex 48.1 0 24.1
      vertex 48.1 0.1 24.1
      vertex 48.1 0 36
    endloop
  endfacet
  facet normal 0 1 0
    outer loop
      vertex 48.1 0.1 12
      vertex 48 0.1 60
      vertex 48.1 0.1 12.1
    endloop
  endfacet
  facet normal -1 0 0
    outer loop
      vertex 48 0 24.1
      vertex 48 0 36
      vertex 48 0.1 36
    endloop
  endfacet
  facet normal 0 -1 0
    outer loop
      vertex 48 0 0
      vertex 48.1 0 36.1
      vertex 48.1 0 60
    endloop
  endfacet
  facet normal 1 0 0
    outer loop
      vertex 48.1 0.1 24.1
      vertex 48.1 0.1 36
      vertex 48.1 0 36
    endloop
  endfacet
  facet normal 0 1 0
    outer loop
      vertex 48.1 0.1 0
      vertex 48 0.1 36.1
      vertex 48 0.1 60
    endloop
  endfacet
  facet normal 0 1 0
    outer loop
      vertex 48.1 0.1 12.1
      vertex 48 0.1 60
      vertex 48.1 0.1 24
    endloop
  endfacet
  facet normal 0 -1 0
    outer loop
      vertex 48 0 21.55
      vertex 48.1 0 60
      vertex 48 0 22.3
    endloop
  endfacet
  facet normal 0 -1 0
    outer loop
      vertex 48 0 22.3
      vertex 48.1 0 60
      vertex 48 0 24
    endloop
  endfacet
  facet normal 0 -1 0
    outer loop
      vertex 48 0 24
      vertex 48.1 0 60
      vertex 48 0 24.1
    endloop
  endfacet
  facet normal 0 1 0
    outer loop
      vertex 48.1 0.1 24
      vertex 48 0.1 60
      vertex 48.1 0.1 24.1
    endloop
  endfacet
  facet normal 0 -1 0
    outer loop
      vertex 48 0 24.1
      vertex 48.1 0 60
      vertex 48 0 36
    endloop
  endfacet
  facet normal 0 1 0
    outer loop
      vertex 48.1 0.1 24.1
      vertex 48 0.1 60
      vertex 48.1 0.1 36
    endloop
  endfacet
  facet normal -1 0 0
    outer loop
      vertex 48 0 36.1
      vertex 48 0.1 60
      vertex 48 0.1 36.1
    endloop
  endfacet
  facet normal 0 -1 0
    outer loop
      vertex 48 0 36
      vertex 48.1 0 60
      vertex 48 0 36.1
    endloop
  endfacet
  facet normal 1 0 0
    outer loop
      vertex 48.1 0 36.1
      vertex 48.1 0.1 36.1
      vertex 48.1 0 60
    endloop
  endfacet
  facet normal 0 1 0
    outer loop
      vertex 48.1 0.1 36
      vertex 48 0.1 60
      vertex 48.1 0.1 36.1
    endloop
  endfacet
  facet normal -1 0 0
    outer loop
      vertex 48 0 36.1
      vertex 48 0 60
      vertex 48 0.1 60
    endloop
  endfacet
  facet normal 0 -1 0
    outer loop
      vertex 48 0 36.1
      vertex 48.1 0 60
      vertex 48 0 60
    endloop
  endfacet
  facet normal 1 0 0
    outer loop
      vertex 48.1 0.1 36.1
      vertex 48.1 0.1 60
      vertex 48.1 0 60
    endloop
  endfacet
  facet normal 0 1 0
    outer loop
      vertex 48.1 0.1 36.1
      vertex 48 0.1 60
      vertex 48.1 0.1 60
    endloop
  endfacet
  facet normal 0 0 1
    outer loop
      vertex 48 0 60
      vertex 48.1 0 60
      vertex 48 0.1 60
    endloop
  endfacet
  facet normal 0 0 1
    outer loop
      vertex 48 0.1 60
      vertex 48.1 0 60
      vertex 48.1 0.1 60
    endloop
  endfacet
  facet normal -1 0 0
    outer loop
      vertex 0 0 -36
      vertex 0 0 -35.9
      vertex 0 0.1 -35.9
    endloop
  endfacet
  facet normal -1 0 0
    outer loop
      vertex 0 0 -36
      vertex 0 0.1 -35.9
      vertex 0 0.1 -36
    endloop
  endfacet
  facet normal 0 -1 0
    outer loop
      vertex 0 0 -36
      vertex 96 0 -35.9
      vertex 0 0 -35.9
    endloop
  endfacet
  facet normal 0 0 1
    outer loop
      vertex 0 0 -35.9
      vertex 96 0 -35.9
      vertex 0 0.1 -35.9
    endloop
  endfacet
  facet normal 0 0 -1
    outer loop
      vertex 0 0 -36
      vertex 0 0.1 -36
      vertex 96 0.1 -36
    endloop
  endfacet
  facet normal 0 1 0
    outer loop
      vertex 0 0.1 -36
      vertex 0 0.1 -35.9
      vertex 96 0.1 -36
    endloop
  endfacet
  facet normal 0 -1 0
    outer loop
      vertex 0 0 -36
      vertex 96 0 -36
      vertex 96 0 -35.9
    endloop
  endfacet
  facet normal 0 0 -1
    outer loop
      vertex 0 0 -36
      vertex 96 0.1 -36
      vertex 96 0 -36
    endloop
  endfacet
  facet normal 0 1 0
    outer loop
      vertex 0 0.1 -35.9
      vertex 96 0.1 -35.9
      vertex 96 0.1 -36
    endloop
  endfacet
  facet normal 0 0 1
    outer loop
      vertex 0 0.1 -35.9
      vertex 96 0 -35.9
      vertex 96 0.1 -35.9
    endloop
  endfacet
  facet normal 1 0 0
    outer loop
      vertex 96 0 -36
      vertex 96 0.1 -36
      vertex 96 0 -35.9
    endloop
  endfacet
  facet normal 1 0 0
    outer loop
      vertex 96 0 -35.9
      vertex 96 0.1 -36
      vertex 96 0.1 -35.9
    endloop
  endfacet
  facet normal -1 0 0
    outer loop
      vertex 0 0 -24
      vertex 0 0 -23.9
      vertex 0 0.1 -23.9
    endloop
  endfacet
  facet normal -1 0 0
    outer loop
      vertex 0 0 -24
      vertex 0 0.1 -23.9
      vertex 0 0.1 -24
    endloop
  endfacet
  facet normal 0 -1 0
    outer loop
      vertex 0 0 -24
      vertex 96 0 -23.9
      vertex 0 0 -23.9
    endloop
  endfacet
  facet normal 0 0 1
    outer loop
      vertex 0 0 -23.9
      vertex 96 0 -23.9
      vertex 0 0.1 -23.9
    endloop
  endfacet
  facet normal 0 0 -1
    outer loop
      vertex 0 0 -24
      vertex 0 0.1 -24
      vertex 96 0.1 -24
    endloop
  endfacet
  facet normal 0 1 0
    outer loop
      vertex 0 0.1 -24
      vertex 0 0.1 -23.9
      vertex 96 0.1 -24
    endloop
  endfacet
  facet normal 0 -1 0
    outer loop
      vertex 0 0 -24
      vertex 96 0 -24
      vertex 96 0 -23.9
    endloop
  endfacet
  facet normal 0 0 -1
    outer loop
      vertex 0 0 -24
      vertex 96 0.1 -24
      vertex 96 0 -24
    endloop
  endfacet
  facet normal 0 0 1
    outer loop
      vertex 0 0.1 -23.9
      vertex 96 0 -23.9
      vertex 96 0.1 -23.9
    endloop
  endfacet
  facet normal 0 1 0
    outer loop
      vertex 0 0.1 -23.9
      vertex 96 0.1 -23.9
      vertex 96 0.1 -24
    endloop
  endfacet
  facet normal 1 0 0
    outer loop
      vertex 96 0 -24
      vertex 96 0.1 -24
      vertex 96 0 -23.9
    endloop
  endfacet
  facet normal 1 0 0
    outer loop
      vertex 96 0 -23.9
      vertex 96 0.1 -24
      vertex 96 0.1 -23.9
    endloop
  endfacet
  facet normal 0 -1 0
    outer loop
      vertex 48 0 -12
      vertex 96 0 -12
      vertex 48 0 -11.9
    endloop
  endfacet
  facet normal 0 0 1
    outer loop
      vertex 48 0 -11.9
      vertex 96 0 -11.9
      vertex 48 0.1 -11.9
    endloop
  endfacet
  facet normal 0 0 -1
    outer loop
      vertex 48 0 -12
      vertex 48 0.1 -12
      vertex 96 0.1 -12
    endloop
  endfacet
  facet normal 0 1 0
    outer loop
      vertex 48 0.1 -12
      vertex 48 0.1 -11.9
      vertex 96 0.1 -11.9
    endloop
  endfacet
  facet normal 0 0 -1
    outer loop
      vertex 48 0 -12
      vertex 96 0.1 -12
      vertex 96 0 -12
    endloop
  endfacet
  facet normal 0 -1 0
    outer loop
      vertex 48 0 -11.9
      vertex 96 0 -12
      vertex 96 0 -11.9
    endloop
  endfacet
  facet normal 0 0 1
    outer loop
      vertex 48 0.1 -11.9
      vertex 96 0 -11.9
      vertex 96 0.1 -11.9
    endloop
  endfacet
  facet normal 0 1 0
    outer loop
      vertex 48 0.1 -12
      vertex 96 0.1 -11.9
      vertex 96 0.1 -12
    endloop
  endfacet
  facet normal 1 0 0
    outer loop
      vertex 96 0 -12
      vertex 96 0.1 -12
      vertex 96 0 -11.9
    endloop
  endfacet
  facet normal 1 0 0
    outer loop
      vertex 96 0 -11.9
      vertex 96 0.1 -12
      vertex 96 0.1 -11.9
    endloop
  endfacet
  facet normal 0 -1 0
    outer loop
      vertex 0.1 0 0
      vertex 12 0 0
      vertex 0.1 0 0.1
    endloop
  endfacet
  facet normal 0 0 1
    outer loop
      vertex 0.1 0 0.1
      vertex 12 0 0.1
      vertex 0.1 0.1 0.1
    endloop
  endfacet
  facet normal 0 0 -1
    outer loop
      vertex 0.1 0 0
      vertex 0.1 0.1 0
      vertex 12 0.1 0
    endloop
  endfacet
  facet normal 0 1 0
    outer loop
      vertex 0.1 0.1 0
      vertex 0.1 0.1 0.1
      vertex 12 0.1 0.1
    endloop
  endfacet
  facet normal 0 0 -1
    outer loop
      vertex 0.1 0 0
      vertex 12 0.1 0
      vertex 12 0 0
    endloop
  endfacet
  facet normal 0 -1 0
    outer loop
      vertex 0.1 0 0.1
      vertex 12 0 0
      vertex 12 0 0.1
    endloop
  endfacet
  facet normal 0 0 1
    outer loop
      vertex 0.1 0.1 0.1
      vertex 12 0 0.1
      vertex 12 0.1 0.1
    endloop
  endfacet
  facet normal 0 1 0
    outer loop
      vertex 0.1 0.1 0
      vertex 12 0.1 0.1
      vertex 12 0.1 0
    endloop
  endfacet
  facet normal 0 -1 0
    outer loop
      vertex 12.1 0 0
      vertex 24 0 0
      vertex 12.1 0 0.1
    endloop
  endfacet
  facet normal 0 0 1
    outer loop
      vertex 12.1 0 0.1
      vertex 24 0 0.1
      vertex 12.1 0.1 0.1
    endloop
  endfacet
  facet normal 0 0 -1
    outer loop
      vertex 12.1 0 0
      vertex 12.1 0.1 0
      vertex 24 0.1 0
    endloop
  endfacet
  facet normal 0 1 0
    outer loop
      vertex 12.1 0.1 0
      vertex 12.1 0.1 0.1
      vertex 24 0.1 0.1
    endloop
  endfacet
  facet normal 0 0 -1
    outer loop
      vertex 12.1 0 0
      vertex 24 0.1 0
      vertex 24 0 0
    endloop
  endfacet
  facet normal 0 -1 0
    outer loop
      vertex 12.1 0 0.1
      vertex 24 0 0
      vertex 24 0 0.1
    endloop
  endfacet
  facet normal 0 0 1
    outer loop
      vertex 12.1 0.1 0.1
      vertex 24 0 0.1
      vertex 24 0.1 0.1
    endloop
  endfacet
  facet normal 0 1 0
    outer loop
      vertex 12.1 0.1 0
      vertex 24 0.1 0.1
      vertex 24 0.1 0
    endloop
  endfacet
  facet normal 0 -1 0
    outer loop
      vertex 24.1 0 0
      vertex 36 0 0
      vertex 24.1 0 0.1
    endloop
  endfacet
  facet normal 0 0 1
    outer loop
      vertex 24.1 0 0.1
      vertex 36 0 0.1
      vertex 24.1 0.1 0.1
    endloop
  endfacet
  facet normal 0 0 -1
    outer loop
      vertex 24.1 0 0
      vertex 24.1 0.1 0
      vertex 36 0.1 0
    endloop
  endfacet
  facet normal 0 1 0
    outer loop
      vertex 24.1 0.1 0
      vertex 24.1 0.1 0.1
      vertex 36 0.1 0.1
    endloop
  endfacet
  facet normal 0 0 -1
    outer loop
      vertex 24.1 0 0
      vertex 36 0.1 0
      vertex 36 0 0
    endloop
  endfacet
  facet normal 0 -1 0
    outer loop
      vertex 24.1 0 0.1
      vertex 36 0 0
      vertex 36 0 0.1
    endloop
  endfacet
  facet normal 0 0 1
    outer loop
      vertex 24.1 0.1 0.1
      vertex 36 0 0.1
      vertex 36 0.1 0.1
    endloop
  endfacet
  facet normal 0 1 0
    outer loop
      vertex 24.1 0.1 0
      vertex 36 0.1 0.1
      vertex 36 0.1 0
    endloop
  endfacet
  facet normal 0 -1 0
    outer loop
      vertex 36.1 0 0
      vertex 43.75 0 0
      vertex 36.1 0 0.1
    endloop
  endfacet
  facet normal 0 0 1
    outer loop
      vertex 36.1 0 0.1
      vertex 43.75 0 0.1
      vertex 36.1 0.1 0.1
    endloop
  endfacet
  facet normal 0 0 -1
    outer loop
      vertex 36.1 0 0
      vertex 36.1 0.1 0
      vertex 43.75 0.1 0
    endloop
  endfacet
  facet normal 0 1 0
    outer loop
      vertex 36.1 0.1 0
      vertex 36.1 0.1 0.1
      vertex 43.75 0.1 0.1
    endloop
  endfacet
  facet normal 0 0 -1
    outer loop
      vertex 36.1 0 0
      vertex 43.75 0.1 0
      vertex 43.75 0 0
    endloop
  endfacet
  facet normal 0 -1 0
    outer loop
      vertex 36.1 0 0.1
      vertex 43.75 0 0
      vertex 43.75 0 0.1
    endloop
  endfacet
  facet normal 0 0 1
    outer loop
      vertex 36.1 0.1 0.1
      vertex 43.75 0 0.1
      vertex 43.75 0.1 0.1
    endloop
  endfacet
  facet normal 0 1 0
    outer loop
      vertex 36.1 0.1 0
      vertex 43.75 0.1 0.1
      vertex 43.75 0.1 0
    endloop
  endfacet
  facet normal 0 -1 0
    outer loop
      vertex 48.1 0 0
      vertex 96 0 0
      vertex 48.1 0 0.1
    endloop
  endfacet
  facet normal 0 0 1
    outer loop
      vertex 48.1 0 0.1
      vertex 96 0 0.1
      vertex 48.1 0.1 0.1
    endloop
  endfacet
  facet normal 0 0 -1
    outer loop
      vertex 48.1 0 0
      vertex 48.1 0.1 0
      vertex 96 0.1 0
    endloop
  endfacet
  facet normal 0 1 0
    outer loop
      vertex 48.1 0.1 0
      vertex 48.1 0.1 0.1
      vertex 96 0.1 0.1
    endloop
  endfacet
  facet normal 0 0 -1
    outer loop
      vertex 48.1 0 0
      vertex 96 0.1 0
      vertex 96 0 0
    endloop
  endfacet
  facet normal 0 -1 0
    outer loop
      vertex 48.1 0 0.1
      vertex 96 0 0
      vertex 96 0 0.1
    endloop
  endfacet
  facet normal 0 0 1
    outer loop
      vertex 48.1 0.1 0.1
      vertex 96 0 0.1
      vertex 96 0.1 0.1
    endloop
  endfacet
  facet normal 0 1 0
    outer loop
      vertex 48.1 0.1 0
      vertex 96 0.1 0.1
      vertex 96 0.1 0
    endloop
  endfacet
  facet normal 1 0 0
    outer loop
      vertex 96 0 0
      vertex 96 0.1 0
      vertex 96 0 0.1
    endloop
  endfacet
  facet normal 1 0 0
    outer loop
      vertex 96 0 0.1
      vertex 96 0.1 0
      vertex 96 0.1 0.1
    endloop
  endfacet
  facet normal 0 -1 0
    outer loop
      vertex 48.1 0 12
      vertex 96 0 12
      vertex 48.1 0 12.1
    endloop
  endfacet
  facet normal 0 0 -1
    outer loop
      vertex 48.1 0 12
      vertex 48.1 0.1 12
      vertex 96 0.1 12
    endloop
  endfacet
  facet normal 0 1 0
    outer loop
      vertex 48.1 0.1 12
      vertex 48.1 0.1 12.1
      vertex 96 0.1 12.1
    endloop
  endfacet
  facet normal 0 0 1
    outer loop
      vertex 48.1 0 12.1
      vertex 96 0 12.1
      vertex 48.1 0.1 12.1
    endloop
  endfacet
  facet normal 0 -1 0
    outer loop
      vertex 48.1 0 12.1
      vertex 96 0 12
      vertex 96 0 12.1
    endloop
  endfacet
  facet normal 0 0 -1
    outer loop
      vertex 48.1 0 12
      vertex 96 0.1 12
      vertex 96 0 12
    endloop
  endfacet
  facet normal 0 1 0
    outer loop
      vertex 48.1 0.1 12
      vertex 96 0.1 12.1
      vertex 96 0.1 12
    endloop
  endfacet
  facet normal 0 0 1
    outer loop
      vertex 48.1 0.1 12.1
      vertex 96 0 12.1
      vertex 96 0.1 12.1
    endloop
  endfacet
  facet normal 1 0 0
    outer loop
      vertex 96 0 12
      vertex 96 0.1 12
      vertex 96 0 12.1
    endloop
  endfacet
  facet normal 1 0 0
    outer loop
      vertex 96 0.1 12
      vertex 96 0.1 12.1
      vertex 96 0 12.1
    endloop
  endfacet
  facet normal 0 -1 0
    outer loop
      vertex 0.1 0 24
      vertex 12 0 24
      vertex 0.1 0 24.1
    endloop
  endfacet
  facet normal 0 0 -1
    outer loop
      vertex 0.1 0 24
      vertex 0.1 0.1 24
      vertex 12 0.1 24
    endloop
  endfacet
  facet normal 0 0 1
    outer loop
      vertex 0.1 0 24.1
      vertex 12 0 24.1
      vertex 0.1 0.1 24.1
    endloop
  endfacet
  facet normal 0 1 0
    outer loop
      vertex 0.1 0.1 24
      vertex 0.1 0.1 24.1
      vertex 12 0.1 24.1
    endloop
  endfacet
  facet normal 0 0 -1
    outer loop
      vertex 0.1 0 24
      vertex 12 0.1 24
      vertex 12 0 24
    endloop
  endfacet
  facet normal 0 1 0
    outer loop
      vertex 0.1 0.1 24
      vertex 12 0.1 24.1
      vertex 12 0.1 24
    endloop
  endfacet
  facet normal 0 -1 0
    outer loop
      vertex 0.1 0 24.1
      vertex 12 0 24
      vertex 12 0 24.1
    endloop
  endfacet
  facet normal 0 0 1
    outer loop
      vertex 0.1 0.1 24.1
      vertex 12 0 24.1
      vertex 12 0.1 24.1
    endloop
  endfacet
  facet normal 0 -1 0
    outer loop
      vertex 12.1 0 24
      vertex 24 0 24
      vertex 12.1 0 24.1
    endloop
  endfacet
  facet normal 0 0 -1
    outer loop
      vertex 12.1 0 24
      vertex 12.1 0.1 24
      vertex 24 0.1 24
    endloop
  endfacet
  facet normal 0 0 1
    outer loop
      vertex 12.1 0 24.1
      vertex 24 0 24.1
      vertex 12.1 0.1 24.1
    endloop
  endfacet
  facet normal 0 1 0
    outer loop
      vertex 12.1 0.1 24
      vertex 12.1 0.1 24.1
      vertex 24 0.1 24.1
    endloop
  endfacet
  facet normal 0 0 -1
    outer loop
      vertex 12.1 0 24
      vertex 24 0.1 24
      vertex 24 0 24
    endloop
  endfacet
  facet normal 0 1 0
    outer loop
      vertex 12.1 0.1 24
      vertex 24 0.1 24.1
      vertex 24 0.1 24
    endloop
  endfacet
  facet normal 0 -1 0
    outer loop
      vertex 12.1 0 24.1
      vertex 24 0 24
      vertex 24 0 24.1
    endloop
  endfacet
  facet normal 0 0 1
    outer loop
      vertex 12.1 0.1 24.1
      vertex 24 0 24.1
      vertex 24 0.1 24.1
    endloop
  endfacet
  facet normal 0 -1 0
    outer loop
      vertex 24.1 0 24
      vertex 36 0 24
      vertex 24.1 0 24.1
    endloop
  endfacet
  facet normal 0 0 -1
    outer loop
      vertex 24.1 0 24
      vertex 24.1 0.1 24
      vertex 36 0.1 24
    endloop
  endfacet
  facet normal 0 0 1
    outer loop
      vertex 24.1 0 24.1
      vertex 36 0 24.1
      vertex 24.1 0.1 24.1
    endloop
  endfacet
  facet normal 0 1 0
    outer loop
      vertex 24.1 0.1 24
      vertex 24.1 0.1 24.1
      vertex 36 0.1 24.1
    endloop
  endfacet
  facet normal 0 0 -1
    outer loop
      vertex 24.1 0 24
      vertex 36 0.1 24
      vertex 36 0 24
    endloop
  endfacet
  facet normal 0 1 0
    outer loop
      vertex 24.1 0.1 24
      vertex 36 0.1 24.1
      vertex 36 0.1 24
    endloop
  endfacet
  facet normal 0 -1 0
    outer loop
      vertex 24.1 0 24.1
      vertex 36 0 24
      vertex 36 0 24.1
    endloop
  endfacet
  facet normal 0 0 1
    outer loop
      vertex 24.1 0.1 24.1
      vertex 36 0 24.1
      vertex 36 0.1 24.1
    endloop
  endfacet
  facet normal 0 -1 0
    outer loop
      vertex 36.1 0 24
      vertex 48 0 24
      vertex 36.1 0 24.1
    endloop
  endfacet
  facet normal 0 0 -1
    outer loop
      vertex 36.1 0 24
      vertex 36.1 0.1 24
      vertex 48 0.1 24
    endloop
  endfacet
  facet normal 0 0 1
    outer loop
      vertex 36.1 0 24.1
      vertex 48 0 24.1
      vertex 36.1 0.1 24.1
    endloop
  endfacet
  facet normal 0 1 0
    outer loop
      vertex 36.1 0.1 24
      vertex 36.1 0.1 24.1
      vertex 48 0.1 24.1
    endloop
  endfacet
  facet normal 0 0 -1
    outer loop
      vertex 36.1 0 24
      vertex 48 0.1 24
      vertex 48 0 24
    endloop
  endfacet
  facet normal 0 1 0
    outer loop
      vertex 36.1 0.1 24
      vertex 48 0.1 24.1
      vertex 48 0.1 24
    endloop
  endfacet
  facet normal 0 -1 0
    outer loop
      vertex 36.1 0 24.1
      vertex 48 0 24
      vertex 48 0 24.1
    endloop
  endfacet
  facet normal 0 0 1
    outer loop
      vertex 36.1 0.1 24.1
      vertex 48 0 24.1
      vertex 48 0.1 24.1
    endloop
  endfacet
  facet normal 0 -1 0
    outer loop
      vertex 48.1 0 24
      vertex 96 0 24
      vertex 48.1 0 24.1
    endloop
  endfacet
  facet normal 0 0 -1
    outer loop
      vertex 48.1 0 24
      vertex 48.1 0.1 24
      vertex 96 0.1 24
    endloop
  endfacet
  facet normal 0 0 1
    outer loop
      vertex 48.1 0 24.1
      vertex 96 0 24.1
      vertex 48.1 0.1 24.1
    endloop
  endfacet
  facet normal 0 1 0
    outer loop
      vertex 48.1 0.1 24
      vertex 48.1 0.1 24.1
      vertex 96 0.1 24.1
    endloop
  endfacet
  facet normal 0 0 -1
    outer loop
      vertex 48.1 0 24
      vertex 96 0.1 24
      vertex 96 0 24
    endloop
  endfacet
  facet normal 0 1 0
    outer loop
      vertex 48.1 0.1 24
      vertex 96 0.1 24.1
      vertex 96 0.1 24
    endloop
  endfacet
  facet normal 0 -1 0
    outer loop
      vertex 48.1 0 24.1
      vertex 96 0 24
      vertex 96 0 24.1
    endloop
  endfacet
  facet normal 0 0 1
    outer loop
      vertex 48.1 0.1 24.1
      vertex 96 0 24.1
      vertex 96 0.1 24.1
    endloop
  endfacet
  facet normal 1 0 0
    outer loop
      vertex 96 0 24
      vertex 96 0.1 24
      vertex 96 0 24.1
    endloop
  endfacet
  facet normal 1 0 0
    outer loop
      vertex 96 0.1 24
      vertex 96 0.1 24.1
      vertex 96 0 24.1
    endloop
  endfacet
  facet normal 0 -1 0
    outer loop
      vertex 0.1 0 36
      vertex 12 0 36
      vertex 0.1 0 36.1
    endloop
  endfacet
  facet normal 0 0 -1
    outer loop
      vertex 0.1 0 36
      vertex 0.1 0.1 36
      vertex 12 0.1 36
    endloop
  endfacet
  facet normal 0 0 1
    outer loop
      vertex 0.1 0 36.1
      vertex 12 0 36.1
      vertex 0.1 0.1 36.1
    endloop
  endfacet
  facet normal 0 1 0
    outer loop
      vertex 0.1 0.1 36
      vertex 0.1 0.1 36.1
      vertex 12 0.1 36.1
    endloop
  endfacet
  facet normal 0 0 -1
    outer loop
      vertex 0.1 0 36
      vertex 12 0.1 36
      vertex 12 0 36
    endloop
  endfacet
  facet normal 0 1 0
    outer loop
      vertex 0.1 0.1 36
      vertex 12 0.1 36.1
      vertex 12 0.1 36
    endloop
  endfacet
  facet normal 0 -1 0
    outer loop
      vertex 0.1 0 36.1
      vertex 12 0 36
      vertex 12 0 36.1
    endloop
  endfacet
  facet normal 0 0 1
    outer loop
      vertex 0.1 0.1 36.1
      vertex 12 0 36.1
      vertex 12 0.1 36.1
    endloop
  endfacet
  facet normal 0 -1 0
    outer loop
      vertex 12.1 0 36
      vertex 24 0 36
      vertex 12.1 0 36.1
    endloop
  endfacet
  facet normal 0 0 -1
    outer loop
      vertex 12.1 0 36
      vertex 12.1 0.1 36
      vertex 24 0.1 36
    endloop
  endfacet
  facet normal 0 0 1
    outer loop
      vertex 12.1 0 36.1
      vertex 24 0 36.1
      vertex 12.1 0.1 36.1
    endloop
  endfacet
  facet normal 0 1 0
    outer loop
      vertex 12.1 0.1 36
      vertex 12.1 0.1 36.1
      vertex 24 0.1 36.1
    endloop
  endfacet
  facet normal 0 0 -1
    outer loop
      vertex 12.1 0 36
      vertex 24 0.1 36
      vertex 24 0 36
    endloop
  endfacet
  facet normal 0 1 0
    outer loop
      vertex 12.1 0.1 36
      vertex 24 0.1 36.1
      vertex 24 0.1 36
    endloop
  endfacet
  facet normal 0 -1 0
    outer loop
      vertex 12.1 0 36.1
      vertex 24 0 36
      vertex 24 0 36.1
    endloop
  endfacet
  facet normal 0 0 1
    outer loop
      vertex 12.1 0.1 36.1
      vertex 24 0 36.1
      vertex 24 0.1 36.1
    endloop
  endfacet
  facet normal 0 -1 0
    outer loop
      vertex 24.1 0 36
      vertex 36 0 36
      vertex 24.1 0 36.1
    endloop
  endfacet
  facet normal 0 0 -1
    outer loop
      vertex 24.1 0 36
      vertex 24.1 0.1 36
      vertex 36 0.1 36
    endloop
  endfacet
  facet normal 0 0 1
    outer loop
      vertex 24.1 0 36.1
      vertex 36 0 36.1
      vertex 24.1 0.1 36.1
    endloop
  endfacet
  facet normal 0 1 0
    outer loop
      vertex 24.1 0.1 36
      vertex 24.1 0.1 36.1
      vertex 36 0.1 36.1
    endloop
  endfacet
  facet normal 0 0 -1
    outer loop
      vertex 24.1 0 36
      vertex 36 0.1 36
      vertex 36 0 36
    endloop
  endfacet
  facet normal 0 1 0
    outer loop
      vertex 24.1 0.1 36
      vertex 36 0.1 36.1
      vertex 36 0.1 36
    endloop
  endfacet
  facet normal 0 -1 0
    outer loop
      vertex 24.1 0 36.1
      vertex 36 0 36
      vertex 36 0 36.1
    endloop
  endfacet
  facet normal 0 0 1
    outer loop
      vertex 24.1 0.1 36.1
      vertex 36 0 36.1
      vertex 36 0.1 36.1
    endloop
  endfacet
  facet normal 0 -1 0
    outer loop
      vertex 36.1 0 36
      vertex 48 0 36
      vertex 36.1 0 36.1
    endloop
  endfacet
  facet normal 0 0 -1
    outer loop
      vertex 36.1 0 36
      vertex 36.1 0.1 36
      vertex 48 0.1 36
    endloop
  endfacet
  facet normal 0 0 1
    outer loop
      vertex 36.1 0 36.1
      vertex 48 0 36.1
      vertex 36.1 0.1 36.1
    endloop
  endfacet
  facet normal 0 1 0
    outer loop
      vertex 36.1 0.1 36
      vertex 36.1 0.1 36.1
      vertex 48 0.1 36.1
    endloop
  endfacet
  facet normal 0 0 -1
    outer loop
      vertex 36.1 0 36
      vertex 48 0.1 36
      vertex 48 0 36
    endloop
  endfacet
  facet normal 0 1 0
    outer loop
      vertex 36.1 0.1 36
      vertex 48 0.1 36.1
      vertex 48 0.1 36
    endloop
  endfacet
  facet normal 0 -1 0
    outer loop
      vertex 36.1 0 36.1
      vertex 48 0 36
      vertex 48 0 36.1
    endloop
  endfacet
  facet normal 0 0 1
    outer loop
      vertex 36.1 0.1 36.1
      vertex 48 0 36.1
      vertex 48 0.1 36.1
    endloop
  endfacet
  facet normal 0 -1 0
    outer loop
      vertex 48.1 0 36
      vertex 96 0 36
      vertex 48.1 0 36.1
    endloop
  endfacet
  facet normal 0 0 -1
    outer loop
      vertex 48.1 0 36
      vertex 48.1 0.1 36
      vertex 96 0.1 36
    endloop
  endfacet
  facet normal 0 0 1
    outer loop
      vertex 48.1 0 36.1
      vertex 96 0 36.1
      vertex 48.1 0.1 36.1
    endloop
  endfacet
  facet normal 0 1 0
    outer loop
      vertex 48.1 0.1 36
      vertex 48.1 0.1 36.1
      vertex 96 0.1 36.1
    endloop
  endfacet
  facet normal 0 0 -1
    outer loop
      vertex 48.1 0 36
      vertex 96 0.1 36
      vertex 96 0 36
    endloop
  endfacet
  facet normal 0 1 0
    outer loop
      vertex 48.1 0.1 36
      vertex 96 0.1 36.1
      vertex 96 0.1 36
    endloop
  endfacet
  facet normal 0 -1 0
    outer loop
      vertex 48.1 0 36.1
      vertex 96 0 36
      vertex 96 0 36.1
    endloop
  endfacet
  facet normal 0 0 1
    outer loop
      vertex 48.1 0.1 36.1
      vertex 96 0 36.1
      vertex 96 0.1 36.1
    endloop
  endfacet
  facet normal 1 0 0
    outer loop
      vertex 96 0 36
      vertex 96 0.1 36
      vertex 96 0 36.1
    endloop
  endfacet
  facet normal 1 0 0
    outer loop
      vertex 96 0.1 36
      vertex 96 0.1 36.1
      vertex 96 0 36.1
    endloop
  endfacet
  facet normal 0 -1 0
    outer loop
      vertex -39.15 -12.25 -21.55
      vertex -37.65 -12.25 -21.55
      vertex -37.65 -12.25 -18.05
    endloop
  endfacet
  facet normal 0 -1 0
    outer loop
      vertex -39.15 -12.25 -21.55
      vertex -37.65 -12.25 -18.05
      vertex -39.15 -12.25 -18.05
    endloop
  endfacet
  facet normal -1 0 0
    outer loop
      vertex -39.15 -12.25 -21.55
      vertex -39.15 -12.25 -18.05
      vertex -39.15 1.5 -21.55
    endloop
  endfacet
  facet normal 1 0 0
    outer loop
      vertex -37.65 -12.25 -21.55
      vertex -37.65 1.5 -21.55
      vertex -37.65 -12.25 -18.05
    endloop
  endfacet
  facet normal 0 0 1
    outer loop
      vertex -39.15 -12.25 -18.05
      vertex -37.65 -12.25 -18.05
      vertex -39.15 1.5 -18.05
    endloop
  endfacet
  facet normal -1 0 0
    outer loop
      vertex -39.15 -12.25 -18.05
      vertex -39.15 1.5 -18.05
      vertex -39.15 1.5 -21.55
    endloop
  endfacet
  facet normal 0 0 1
    outer loop
      vertex -37.65 -12.25 -18.05
      vertex -37.65 1.5 -18.05
      vertex -39.15 1.5 -18.05
    endloop
  endfacet
  facet normal 1 0 0
    outer loop
      vertex -37.65 -12.25 -18.05
      vertex -37.65 1.5 -21.55
      vertex -37.65 1.5 -18.05
    endloop
  endfacet
  facet normal 0 -1 0
    outer loop
      vertex -19.95 -12.25 -21.55
      vertex -18.45 -12.25 -21.55
      vertex -18.45 -12.25 -18.05
    endloop
  endfacet
  facet normal 0 -1 0
    outer loop
      vertex -19.95 -12.25 -21.55
      vertex -18.45 -12.25 -18.05
      vertex -19.95 -12.25 -18.05
    endloop
  endfacet
  facet normal -1 0 0
    outer loop
      vertex -19.95 -12.25 -21.55
      vertex -19.95 -12.25 -18.05
      vertex -19.95 1.5 -21.55
    endloop
  endfacet
  facet normal 1 0 0
    outer loop
      vertex -18.45 -12.25 -21.55
      vertex -18.45 1.5 -21.55
      vertex -18.45 -12.25 -18.05
    endloop
  endfacet
  facet normal 0 0 1
    outer loop
      vertex -19.95 -12.25 -18.05
      vertex -18.45 -12.25 -18.05
      vertex -19.95 1.5 -18.05
    endloop
  endfacet
  facet normal -1 0 0
    outer loop
      vertex -19.95 -12.25 -18.05
      vertex -19.95 1.5 -18.05
      vertex -19.95 1.5 -21.55
    endloop
  endfacet
  facet normal 1 0 0
    outer loop
      vertex -18.45 -12.25 -18.05
      vertex -18.45 1.5 -21.55
      vertex -18.45 1.5 -18.05
    endloop
  endfacet
  facet normal 0 0 1
    outer loop
      vertex -18.45 -12.25 -18.05
      vertex -18.45 1.5 -18.05
      vertex -19.95 1.5 -18.05
    endloop
  endfacet
  facet normal 0 -1 0
    outer loop
      vertex -0.75 -12.25 -21.55
      vertex 0.75 -12.25 -21.55
      vertex 0.75 -12.25 -18.05
    endloop
  endfacet
  facet normal 0 -1 0
    outer loop
      vertex -0.75 -12.25 -21.55
      vertex 0.75 -12.25 -18.05
      vertex -0.75 -12.25 -18.05
    endloop
  endfacet
  facet normal -1 0 0
    outer loop
      vertex -0.75 -12.25 -21.55
      vertex -0.75 -12.25 -18.05
      vertex -0.75 1.5 -21.55
    endloop
  endfacet
  facet normal 1 0 0
    outer loop
      vertex 0.75 -12.25 -21.55
      vertex 0.75 1.5 -21.55
      vertex 0.75 -12.25 -18.05
    endloop
  endfacet
  facet normal 0 0 1
    outer loop
      vertex -0.75 -12.25 -18.05
      vertex 0.75 -12.25 -18.05
      vertex -0.75 1.5 -18.05
    endloop
  endfacet
  facet normal -1 0 0
    outer loop
      vertex -0.75 -12.25 -18.05
      vertex -0.75 1.5 -18.05
      vertex -0.75 1.5 -21.55
    endloop
  endfacet
  facet normal 0 0 1
    outer loop
      vertex 0.75 -12.25 -18.05
      vertex 0.75 1.5 -18.05
      vertex -0.75 1.5 -18.05
    endloop
  endfacet
  facet normal 1 0 0
    outer loop
      vertex 0.75 -12.25 -18.05
      vertex 0.75 1.5 -21.55
      vertex 0.75 1.5 -18.05
    endloop
  endfacet
  facet normal 0 -1 0
    outer loop
      vertex 18.450000000000003 -12.25 -21.55
      vertex 19.950000000000003 -12.25 -21.55
      vertex 19.950000000000003 -12.25 -18.05
    endloop
  endfacet
  facet normal 0 -1 0
    outer loop
      vertex 18.450000000000003 -12.25 -21.55
      vertex 19.950000000000003 -12.25 -18.05
      vertex 18.450000000000003 -12.25 -18.05
    endloop
  endfacet
  facet normal -1 0 0
    outer loop
      vertex 18.450000000000003 -12.25 -21.55
      vertex 18.450000000000003 -12.25 -18.05
      vertex 18.450000000000003 1.5 -21.55
    endloop
  endfacet
  facet normal 1 0 0
    outer loop
      vertex 19.950000000000003 -12.25 -21.55
      vertex 19.950000000000003 1.5 -21.55
      vertex 19.950000000000003 -12.25 -18.05
    endloop
  endfacet
  facet normal -1 0 0
    outer loop
      vertex 18.450000000000003 -12.25 -18.05
      vertex 18.450000000000003 1.5 -18.05
      vertex 18.450000000000003 1.5 -21.55
    endloop
  endfacet
  facet normal 0 0 1
    outer loop
      vertex 18.450000000000003 -12.25 -18.05
      vertex 19.950000000000003 -12.25 -18.05
      vertex 18.450000000000003 1.5 -18.05
    endloop
  endfacet
  facet normal 1 0 0
    outer loop
      vertex 19.950000000000003 -12.25 -18.05
      vertex 19.950000000000003 1.5 -21.55
      vertex 19.950000000000003 1.5 -18.05
    endloop
  endfacet
  facet normal 0 0 1
    outer loop
      vertex 19.950000000000003 -12.25 -18.05
      vertex 19.950000000000003 1.5 -18.05
      vertex 18.450000000000003 1.5 -18.05
    endloop
  endfacet
  facet normal 0 -1 0
    outer loop
      vertex -39.15 -12.25 18.05
      vertex -37.65 -12.25 18.05
      vertex -37.65 -12.25 21.55
    endloop
  endfacet
  facet normal 0 -1 0
    outer loop
      vertex -39.15 -12.25 18.05
      vertex -37.65 -12.25 21.55
      vertex -39.15 -12.25 21.55
    endloop
  endfacet
  facet normal 0 0 -1
    outer loop
      vertex -39.15 -12.25 18.05
      vertex -37.65 1.5 18.05
      vertex -37.65 -12.25 18.05
    endloop
  endfacet
  facet normal -1 0 0
    outer loop
      vertex -39.15 -12.25 18.05
      vertex -39.15 -12.25 21.55
      vertex -39.15 1.5 21.55
    endloop
  endfacet
  facet normal 1 0 0
    outer loop
      vertex -37.65 -12.25 18.05
      vertex -37.65 1.5 21.55
      vertex -37.65 -12.25 21.55
    endloop
  endfacet
  facet normal 0 0 -1
    outer loop
      vertex -39.15 -12.25 18.05
      vertex -39.15 1.5 18.05
      vertex -37.65 1.5 18.05
    endloop
  endfacet
  facet normal -1 0 0
    outer loop
      vertex -39.15 -12.25 18.05
      vertex -39.15 1.5 21.55
      vertex -39.15 1.5 18.05
    endloop
  endfacet
  facet normal 1 0 0
    outer loop
      vertex -37.65 -12.25 18.05
      vertex -37.65 1.5 18.05
      vertex -37.65 1.5 21.55
    endloop
  endfacet
  facet normal 0 -1 0
    outer loop
      vertex -19.95 -12.25 18.05
      vertex -18.45 -12.25 18.05
      vertex -18.45 -12.25 21.55
    endloop
  endfacet
  facet normal 0 -1 0
    outer loop
      vertex -19.95 -12.25 18.05
      vertex -18.45 -12.25 21.55
      vertex -19.95 -12.25 21.55
    endloop
  endfacet
  facet normal 0 0 -1
    outer loop
      vertex -19.95 -12.25 18.05
      vertex -18.45 1.5 18.05
      vertex -18.45 -12.25 18.05
    endloop
  endfacet
  facet normal -1 0 0
    outer loop
      vertex -19.95 -12.25 18.05
      vertex -19.95 -12.25 21.55
      vertex -19.95 1.5 21.55
    endloop
  endfacet
  facet normal 1 0 0
    outer loop
      vertex -18.45 -12.25 18.05
      vertex -18.45 1.5 21.55
      vertex -18.45 -12.25 21.55
    endloop
  endfacet
  facet normal -1 0 0
    outer loop
      vertex -19.95 -12.25 18.05
      vertex -19.95 1.5 21.55
      vertex -19.95 1.5 18.05
    endloop
  endfacet
  facet normal 0 0 -1
    outer loop
      vertex -19.95 -12.25 18.05
      vertex -19.95 1.5 18.05
      vertex -18.45 1.5 18.05
    endloop
  endfacet
  facet normal 1 0 0
    outer loop
      vertex -18.45 -12.25 18.05
      vertex -18.45 1.5 18.05
      vertex -18.45 1.5 21.55
    endloop
  endfacet
  facet normal 0 -1 0
    outer loop
      vertex -0.75 -12.25 18.05
      vertex 0.75 -12.25 18.05
      vertex 0.75 -12.25 21.55
    endloop
  endfacet
  facet normal 0 -1 0
    outer loop
      vertex -0.75 -12.25 18.05
      vertex 0.75 -12.25 21.55
      vertex -0.75 -12.25 21.55
    endloop
  endfacet
  facet normal 0 0 -1
    outer loop
      vertex -0.75 -12.25 18.05
      vertex 0.75 1.5 18.05
      vertex 0.75 -12.25 18.05
    endloop
  endfacet
  facet normal -1 0 0
    outer loop
      vertex -0.75 -12.25 18.05
      vertex -0.75 -12.25 21.55
      vertex -0.75 1.5 21.55
    endloop
  endfacet
  facet normal 0 0 -1
    outer loop
      vertex -0.75 -12.25 18.05
      vertex 0 0.1 18.05
      vertex 0 0 18.05
    endloop
  endfacet
  facet normal 0 0 -1
    outer loop
      vertex -0.75 -12.25 18.05
      vertex 0 0 18.05
      vertex 0.1 0 18.05
    endloop
  endfacet
  facet normal 0 0 -1
    outer loop
      vertex -0.75 -12.25 18.05
      vertex 0.1 0 18.05
      vertex 0.75 1.5 18.05
    endloop
  endfacet
  facet normal 0 0 -1
    outer loop
      vertex -0.75 -12.25 18.05
      vertex -0.75 1.5 18.05
      vertex 0 0.1 18.05
    endloop
  endfacet
  facet normal -1 0 0
    outer loop
      vertex -0.75 -12.25 18.05
      vertex -0.75 1.5 21.55
      vertex -0.75 1.5 18.05
    endloop
  endfacet
  facet normal 1 0 0
    outer loop
      vertex 0.75 -12.25 18.05
      vertex 0.75 1.5 21.55
      vertex 0.75 -12.25 21.55
    endloop
  endfacet
  facet normal 1 0 0
    outer loop
      vertex 0.75 -12.25 18.05
      vertex 0.75 1.5 18.05
      vertex 0.75 1.5 21.55
    endloop
  endfacet
  facet normal 0 -1 0
    outer loop
      vertex 18.450000000000003 -12.25 18.05
      vertex 19.950000000000003 -12.25 18.05
      vertex 19.950000000000003 -12.25 21.55
    endloop
  endfacet
  facet normal 0 -1 0
    outer loop
      vertex 18.450000000000003 -12.25 18.05
      vertex 19.950000000000003 -12.25 21.55
      vertex 18.450000000000003 -12.25 21.55
    endloop
  endfacet
  facet normal -1 0 0
    outer loop
      vertex 18.450000000000003 -12.25 18.05
      vertex 18.450000000000003 -12.25 21.55
      vertex 18.450000000000003 1.5 21.55
    endloop
  endfacet
  facet normal -1 0 0
    outer loop
      vertex 18.450000000000003 -12.25 18.05
      vertex 18.450000000000003 1.5 21.55
      vertex 18.450000000000003 1.5 18.05
    endloop
  endfacet
  facet normal 0 0 -1
    outer loop
      vertex 18.450000000000003 -12.25 18.05
      vertex 19.950000000000003 1.5 18.05
      vertex 19.950000000000003 -12.25 18.05
    endloop
  endfacet
  facet normal 1 0 0
    outer loop
      vertex 19.950000000000003 -12.25 18.05
      vertex 19.950000000000003 1.5 21.55
      vertex 19.950000000000003 -12.25 21.55
    endloop
  endfacet
  facet normal 0 0 -1
    outer loop
      vertex 18.450000000000003 -12.25 18.05
      vertex 18.450000000000003 1.5 18.05
      vertex 19.950000000000003 1.5 18.05
    endloop
  endfacet
  facet normal 1 0 0
    outer loop
      vertex 19.950000000000003 -12.25 18.05
      vertex 19.950000000000003 1.5 18.05
      vertex 19.950000000000003 1.5 21.55
    endloop
  endfacet
  facet normal 0 0 -1
    outer loop
      vertex 0 0.1 18.05
      vertex 0.75 1.5 18.05
      vertex 0.1 0.1 18.05
    endloop
  endfacet
  facet normal 0 0 -1
    outer loop
      vertex 0.1 0 18.05
      vertex 0.1 0.1 18.05
      vertex 0.75 1.5 18.05
    endloop
  endfacet
  facet normal 0 0 -1
    outer loop
      vertex 0 0.1 18.05
      vertex -0.75 1.5 18.05
      vertex 0.75 1.5 18.05
    endloop
  endfacet
  facet normal 0 -1 0
    outer loop
      vertex 37.650000000000006 -12.25 -21.55
      vertex 39.150000000000006 -12.25 -21.55
      vertex 39.150000000000006 -12.25 -18.05
    endloop
  endfacet
  facet normal 0 -1 0
    outer loop
      vertex 37.650000000000006 -12.25 -21.55
      vertex 39.150000000000006 -12.25 -18.05
      vertex 37.650000000000006 -12.25 -18.05
    endloop
  endfacet
  facet normal -1 0 0
    outer loop
      vertex 37.650000000000006 -12.25 -21.55
      vertex 37.650000000000006 -12.25 -18.05
      vertex 37.650000000000006 1.5 -21.55
    endloop
  endfacet
  facet normal 1 0 0
    outer loop
      vertex 39.150000000000006 -12.25 -21.55
      vertex 39.150000000000006 1.5 -21.55
      vertex 39.150000000000006 -12.25 -18.05
    endloop
  endfacet
  facet normal 0 0 1
    outer loop
      vertex 37.650000000000006 -12.25 -18.05
      vertex 39.150000000000006 -12.25 -18.05
      vertex 37.650000000000006 1.5 -18.05
    endloop
  endfacet
  facet normal -1 0 0
    outer loop
      vertex 37.650000000000006 -12.25 -18.05
      vertex 37.650000000000006 1.5 -18.05
      vertex 37.650000000000006 1.5 -21.55
    endloop
  endfacet
  facet normal 1 0 0
    outer loop
      vertex 39.150000000000006 -12.25 -18.05
      vertex 39.150000000000006 1.5 -21.55
      vertex 39.150000000000006 1.5 -18.05
    endloop
  endfacet
  facet normal 0 0 1
    outer loop
      vertex 39.150000000000006 -12.25 -18.05
      vertex 39.150000000000006 1.5 -18.05
      vertex 37.650000000000006 1.5 -18.05
    endloop
  endfacet
  facet normal 0 -1 0
    outer loop
      vertex 37.650000000000006 -12.25 18.05
      vertex 39.150000000000006 -12.25 18.05
      vertex 39.150000000000006 -12.25 21.55
    endloop
  endfacet
  facet normal 0 -1 0
    outer loop
      vertex 37.650000000000006 -12.25 18.05
      vertex 39.150000000000006 -12.25 21.55
      vertex 37.650000000000006 -12.25 21.55
    endloop
  endfacet
  facet normal 0 0 -1
    outer loop
      vertex 37.650000000000006 -12.25 18.05
      vertex 39.150000000000006 1.5 18.05
      vertex 39.150000000000006 -12.25 18.05
    endloop
  endfacet
  facet normal -1 0 0
    outer loop
      vertex 37.650000000000006 -12.25 18.05
      vertex 37.650000000000006 -12.25 21.55
      vertex 37.650000000000006 1.5 21.55
    endloop
  endfacet
  facet normal 1 0 0
    outer loop
      vertex 39.150000000000006 -12.25 18.05
      vertex 39.150000000000006 1.5 21.55
      vertex 39.150000000000006 -12.25 21.55
    endloop
  endfacet
  facet normal 0 0 -1
    outer loop
      vertex 37.650000000000006 -12.25 18.05
      vertex 37.650000000000006 1.5 18.05
      vertex 39.150000000000006 1.5 18.05
    endloop
  endfacet
  facet normal -1 0 0
    outer loop
      vertex 37.650000000000006 -12.25 18.05
      vertex 37.650000000000006 1.5 21.55
      vertex 37.650000000000006 1.5 18.05
    endloop
  endfacet
  facet normal 1 0 0
    outer loop
      vertex 39.150000000000006 -12.25 18.05
      vertex 39.150000000000006 1.5 18.05
      vertex 39.150000000000006 1.5 21.55
    endloop
  endfacet
  facet normal 0 -1 0
    outer loop
      vertex -47.25 -12.25 -15.616666666666667
      vertex -43.75 -12.25 -14.116666666666667
      vertex -47.25 -12.25 -14.116666666666667
    endloop
  endfacet
  facet normal 0 -1 0
    outer loop
      vertex -47.25 -12.25 -15.616666666666667
      vertex -43.75 -12.25 -15.616666666666667
      vertex -43.75 -12.25 -14.116666666666667
    endloop
  endfacet
  facet normal 0 0 -1
    outer loop
      vertex -47.25 -12.25 -15.616666666666667
      vertex -44.5 1.5 -15.616666666666667
      vertex -43.75 -12.25 -15.616666666666667
    endloop
  endfacet
  facet normal 1 0 0
    outer loop
      vertex -43.75 -12.25 -15.616666666666667
      vertex -43.75 1.5 -14.116666666666667
      vertex -43.75 -12.25 -14.116666666666667
    endloop
  endfacet
  facet normal 0 0 -1
    outer loop
      vertex -43.75 -12.25 -15.616666666666667
      vertex -44.5 1.5 -15.616666666666667
      vertex -43.75 1.5 -15.616666666666667
    endloop
  endfacet
  facet normal 1 0 0
    outer loop
      vertex -43.75 -12.25 -15.616666666666667
      vertex -43.75 1.5 -15.616666666666667
      vertex -43.75 1.5 -14.116666666666667
    endloop
  endfacet
  facet normal 0 0 1
    outer loop
      vertex -47.25 -12.25 -14.116666666666667
      vertex -43.75 -12.25 -14.116666666666667
      vertex -47.25 15.25 -14.116666666666667
    endloop
  endfacet
  facet normal 0 0 1
    outer loop
      vertex -43.75 -12.25 -14.116666666666667
      vertex -43.75 1.5 -14.116666666666667
      vertex -44.5 1.5 -14.116666666666667
    endloop
  endfacet
  facet normal 0 -1 0
    outer loop
      vertex -47.25 -12.25 -0.75
      vertex -43.75 -12.25 0.75
      vertex -47.25 -12.25 0.75
    endloop
  endfacet
  facet normal 0 -1 0
    outer loop
      vertex -47.25 -12.25 -0.75
      vertex -43.75 -12.25 -0.75
      vertex -43.75 -12.25 0.75
    endloop
  endfacet
  facet normal 0 0 -1
    outer loop
      vertex -47.25 -12.25 -0.75
      vertex -44.5 1.5 -0.75
      vertex -43.75 -12.25 -0.75
    endloop
  endfacet
  facet normal 0 0 1
    outer loop
      vertex -47.25 -12.25 0.75
      vertex -43.75 -12.25 0.75
      vertex -47.25 2 0.75
    endloop
  endfacet
  facet normal 0 0 -1
    outer loop
      vertex -47.25 -12.25 -0.75
      vertex -47.25 2 -0.75
      vertex -44.5 2 -0.75
    endloop
  endfacet
  facet normal 0 0 -1
    outer loop
      vertex -47.25 -12.25 -0.75
      vertex -44.5 2 -0.75
      vertex -44.5 1.5 -0.75
    endloop
  endfacet
  facet normal 0 0 1
    outer loop
      vertex -43.75 -12.25 0.75
      vertex -44.5 1.5 0.75
      vertex -47.25 2 0.75
    endloop
  endfacet
  facet normal 1 0 0
    outer loop
      vertex -43.75 -12.25 -0.75
      vertex -43.75 1.5 0.75
      vertex -43.75 -12.25 0.75
    endloop
  endfacet
  facet normal 0 0 -1
    outer loop
      vertex -43.75 -12.25 -0.75
      vertex -44.5 1.5 -0.75
      vertex -43.75 1.5 -0.75
    endloop
  endfacet
  facet normal 1 0 0
    outer loop
      vertex -43.75 -12.25 -0.75
      vertex -43.75 1.5 -0.75
      vertex -43.75 1.5 0.75
    endloop
  endfacet
  facet normal 0 0 1
    outer loop
      vertex -43.75 -12.25 0.75
      vertex -43.75 1.5 0.75
      vertex -44.5 1.5 0.75
    endloop
  endfacet
  facet normal 0 0 -1
    outer loop
      vertex -47.25 -12.25 -15.616666666666667
      vertex -47.25 15.25 -15.616666666666667
      vertex -44.5 1.5 -15.616666666666667
    endloop
  endfacet
  facet normal 0 0 -1
    outer loop
      vertex -44.5 1.5 -15.616666666666667
      vertex -47.25 15.25 -15.616666666666667
      vertex -44.5 15.25 -15.616666666666667
    endloop
  endfacet
  facet normal 0 1 0
    outer loop
      vertex -47.25 15.25 -15.616666666666667
      vertex -47.25 15.25 -14.116666666666667
      vertex -44.5 15.25 -15.616666666666667
    endloop
  endfacet
  facet normal 0 1 0
    outer loop
      vertex -44.5 15.25 -15.616666666666667
      vertex -47.25 15.25 -14.116666666666667
      vertex -44.5 15.25 -14.116666666666667
    endloop
  endfacet
  facet normal 0 0 1
    outer loop
      vertex -43.75 -12.25 -14.116666666666667
      vertex -44.5 1.5 -14.116666666666667
      vertex -47.25 15.25 -14.116666666666667
    endloop
  endfacet
  facet normal 0 0 1
    outer loop
      vertex -44.5 1.5 -14.116666666666667
      vertex -44.5 15.25 -14.116666666666667
      vertex -47.25 15.25 -14.116666666666667
    endloop
  endfacet
  facet normal 0 0 1
    outer loop
      vertex -44.5 1.5 0.75
      vertex -44.5 2 0.75
      vertex -47.25 2 0.75
    endloop
  endfacet
  facet normal 0 0 -1
    outer loop
      vertex -44.5 15.25 -0.75
      vertex -44.5 3.5 -0.75
      vertex -47.25 3.5 -0.75
    endloop
  endfacet
  facet normal 0 0 1
    outer loop
      vertex -47.25 15.25 0.75
      vertex -47.25 3.5 0.75
      vertex -44.5 3.5 0.75
    endloop
  endfacet
  facet normal 0 0 -1
    outer loop
      vertex -47.25 15.25 -0.75
      vertex -44.5 15.25 -0.75
      vertex -47.25 3.5 -0.75
    endloop
  endfacet
  facet normal 0 0 1
    outer loop
      vertex -47.25 15.25 0.75
      vertex -44.5 3.5 0.75
      vertex -44.5 15.25 0.75
    endloop
  endfacet
  facet normal 0 1 0
    outer loop
      vertex -47.25 15.25 -0.75
      vertex -47.25 15.25 0.75
      vertex -44.5 15.25 -0.75
    endloop
  endfacet
  facet normal 0 1 0
    outer loop
      vertex -47.25 15.25 0.75
      vertex -44.5 15.25 0.75
      vertex -44.5 15.25 -0.75
    endloop
  endfacet
  facet normal 0 -1 0
    outer loop
      vertex -47.25 -12.25 14.116666666666664
      vertex -43.75 -12.25 15.616666666666664
      vertex -47.25 -12.25 15.616666666666664
    endloop
  endfacet
  facet normal 0 -1 0
    outer loop
      vertex -47.25 -12.25 14.116666666666664
      vertex -43.75 -12.25 14.116666666666664
      vertex -43.75 -12.25 15.616666666666664
    endloop
  endfacet
  facet normal 0 0 -1
    outer loop
      vertex -47.25 -12.25 14.116666666666664
      vertex -44.5 1.5 14.116666666666664
      vertex -43.75 -12.25 14.116666666666664
    endloop
  endfacet
  facet normal 0 0 1
    outer loop
      vertex -47.25 -12.25 15.616666666666664
      vertex -43.75 -12.25 15.616666666666664
      vertex -47.25 15.25 15.616666666666664
    endloop
  endfacet
  facet normal 1 0 0
    outer loop
      vertex -43.75 -12.25 14.116666666666664
      vertex -43.75 1.5 15.616666666666664
      vertex -43.75 -12.25 15.616666666666664
    endloop
  endfacet
  facet normal 0 0 -1
    outer loop
      vertex -43.75 -12.25 14.116666666666664
      vertex -44.5 1.5 14.116666666666664
      vertex -43.75 1.5 14.116666666666664
    endloop
  endfacet
  facet normal 1 0 0
    outer loop
      vertex -43.75 -12.25 14.116666666666664
      vertex -43.75 1.5 14.116666666666664
      vertex -43.75 1.5 15.616666666666664
    endloop
  endfacet
  facet normal 0 0 1
    outer loop
      vertex -43.75 -12.25 15.616666666666664
      vertex -43.75 1.5 15.616666666666664
      vertex -44.5 1.5 15.616666666666664
    endloop
  endfacet
  facet normal 0 0 -1
    outer loop
      vertex -47.25 -12.25 14.116666666666664
      vertex -47.25 15.25 14.116666666666664
      vertex -44.5 1.5 14.116666666666664
    endloop
  endfacet
  facet normal 0 0 1
    outer loop
      vertex -43.75 -12.25 15.616666666666664
      vertex -44.5 1.5 15.616666666666664
      vertex -47.25 15.25 15.616666666666664
    endloop
  endfacet
  facet normal 0 0 -1
    outer loop
      vertex -44.5 1.5 14.116666666666664
      vertex -47.25 15.25 14.116666666666664
      vertex -44.5 15.25 14.116666666666664
    endloop
  endfacet
  facet normal 0 0 1
    outer loop
      vertex -44.5 1.5 15.616666666666664
      vertex -44.5 15.25 15.616666666666664
      vertex -47.25 15.25 15.616666666666664
    endloop
  endfacet
  facet normal 0 1 0
    outer loop
      vertex -47.25 15.25 14.116666666666664
      vertex -47.25 15.25 15.616666666666664
      vertex -44.5 15.25 14.116666666666664
    endloop
  endfacet
  facet normal 0 1 0
    outer loop
      vertex -47.25 15.25 15.616666666666664
      vertex -44.5 15.25 15.616666666666664
      vertex -44.5 15.25 14.116666666666664
    endloop
  endfacet
  facet normal 0 -1 0
    outer loop
      vertex 43.75 -12.25 -15.616666666666667
      vertex 47.25 -12.25 -14.116666666666667
      vertex 43.75 -12.25 -14.116666666666667
    endloop
  endfacet
  facet normal 0 -1 0
    outer loop
      vertex 43.75 -12.25 -15.616666666666667
      vertex 47.25 -12.25 -15.616666666666667
      vertex 47.25 -12.25 -14.116666666666667
    endloop
  endfacet
  facet normal -1 0 0
    outer loop
      vertex 43.75 -12.25 -15.616666666666667
      vertex 43.75 -12.25 -14.116666666666667
      vertex 43.75 1.5 -15.616666666666667
    endloop
  endfacet
  facet normal -1 0 0
    outer loop
      vertex 43.75 1.5 -15.616666666666667
      vertex 43.75 -12.25 -14.116666666666667
      vertex 43.75 1.5 -14.116666666666667
    endloop
  endfacet
  facet normal 0 0 -1
    outer loop
      vertex 43.75 -12.25 -15.616666666666667
      vertex 43.75 1.5 -15.616666666666667
      vertex 44.5 1.5 -15.616666666666667
    endloop
  endfacet
  facet normal 0 0 -1
    outer loop
      vertex 43.75 -12.25 -15.616666666666667
      vertex 47.25 15.25 -15.616666666666667
      vertex 47.25 -12.25 -15.616666666666667
    endloop
  endfacet
  facet normal 0 0 1
    outer loop
      vertex 43.75 -12.25 -14.116666666666667
      vertex 47.25 -12.25 -14.116666666666667
      vertex 44.5 1.5 -14.116666666666667
    endloop
  endfacet
  facet normal 0 0 1
    outer loop
      vertex 43.75 -12.25 -14.116666666666667
      vertex 44.5 1.5 -14.116666666666667
      vertex 43.75 1.5 -14.116666666666667
    endloop
  endfacet
  facet normal 0 -1 0
    outer loop
      vertex 43.75 -12.25 -0.75
      vertex 47.25 -12.25 0.75
      vertex 43.75 -12.25 0.75
    endloop
  endfacet
  facet normal 0 -1 0
    outer loop
      vertex 43.75 -12.25 -0.75
      vertex 47.25 -12.25 -0.75
      vertex 47.25 -12.25 0.75
    endloop
  endfacet
  facet normal -1 0 0
    outer loop
      vertex 43.75 -12.25 -0.75
      vertex 43.75 -12.25 0.75
      vertex 43.75 1.5 -0.75
    endloop
  endfacet
  facet normal 0 0 1
    outer loop
      vertex 43.75 -12.25 0.75
      vertex 47.25 -12.25 0.75
      vertex 44.5 1.5 0.75
    endloop
  endfacet
  facet normal -1 0 0
    outer loop
      vertex 43.75 -12.25 0.75
      vertex 43.75 0 0
      vertex 43.75 1.5 -0.75
    endloop
  endfacet
  facet normal -1 0 0
    outer loop
      vertex 43.75 -12.25 0.75
      vertex 43.75 0 0.1
      vertex 43.75 0 0
    endloop
  endfacet
  facet normal -1 0 0
    outer loop
      vertex 43.75 -12.25 0.75
      vertex 43.75 0.1 0.1
      vertex 43.75 0 0.1
    endloop
  endfacet
  facet normal -1 0 0
    outer loop
      vertex 43.75 -12.25 0.75
      vertex 43.75 1.5 0.75
      vertex 43.75 0.1 0.1
    endloop
  endfacet
  facet normal 0 0 -1
    outer loop
      vertex 43.75 -12.25 -0.75
      vertex 43.75 1.5 -0.75
      vertex 44.5 1.5 -0.75
    endloop
  endfacet
  facet normal 0 0 -1
    outer loop
      vertex 43.75 -12.25 -0.75
      vertex 44.5 1.5 -0.75
      vertex 47.25 2 -0.75
    endloop
  endfacet
  facet normal 0 0 1
    outer loop
      vertex 43.75 -12.25 0.75
      vertex 44.5 1.5 0.75
      vertex 43.75 1.5 0.75
    endloop
  endfacet
  facet normal 0 0 1
    outer loop
      vertex 47.25 -12.25 0.75
      vertex 44.5 2 0.75
      vertex 44.5 1.5 0.75
    endloop
  endfacet
  facet normal 0 0 -1
    outer loop
      vertex 43.75 -12.25 -0.75
      vertex 47.25 2 -0.75
      vertex 47.25 -12.25 -0.75
    endloop
  endfacet
  facet normal 0 0 1
    outer loop
      vertex 47.25 -12.25 0.75
      vertex 47.25 2 0.75
      vertex 44.5 2 0.75
    endloop
  endfacet
  facet normal 0 0 -1
    outer loop
      vertex 43.75 -12.25 -15.616666666666667
      vertex 44.5 1.5 -15.616666666666667
      vertex 47.25 15.25 -15.616666666666667
    endloop
  endfacet
  facet normal 0 0 -1
    outer loop
      vertex 44.5 1.5 -15.616666666666667
      vertex 44.5 15.25 -15.616666666666667
      vertex 47.25 15.25 -15.616666666666667
    endloop
  endfacet
  facet normal 0 1 0
    outer loop
      vertex 44.5 15.25 -15.616666666666667
      vertex 44.5 15.25 -14.116666666666667
      vertex 47.25 15.25 -15.616666666666667
    endloop
  endfacet
  facet normal 0 1 0
    outer loop
      vertex 47.25 15.25 -15.616666666666667
      vertex 44.5 15.25 -14.116666666666667
      vertex 47.25 15.25 -14.116666666666667
    endloop
  endfacet
  facet normal 0 0 1
    outer loop
      vertex 47.25 -12.25 -14.116666666666667
      vertex 47.25 15.25 -14.116666666666667
      vertex 44.5 1.5 -14.116666666666667
    endloop
  endfacet
  facet normal 0 0 1
    outer loop
      vertex 44.5 1.5 -14.116666666666667
      vertex 47.25 15.25 -14.116666666666667
      vertex 44.5 15.25 -14.116666666666667
    endloop
  endfacet
  facet normal -1 0 0
    outer loop
      vertex 43.75 0 0
      vertex 43.75 0.1 0
      vertex 43.75 1.5 -0.75
    endloop
  endfacet
  facet normal -1 0 0
    outer loop
      vertex 43.75 0.1 0
      vertex 43.75 0.1 0.1
      vertex 43.75 1.5 0.75
    endloop
  endfacet
  facet normal -1 0 0
    outer loop
      vertex 43.75 0.1 0
      vertex 43.75 1.5 0.75
      vertex 43.75 1.5 -0.75
    endloop
  endfacet
  facet normal 0 0 -1
    outer loop
      vertex 44.5 1.5 -0.75
      vertex 44.5 2 -0.75
      vertex 47.25 2 -0.75
    endloop
  endfacet
  facet normal 0 0 1
    outer loop
      vertex 44.5 15.25 0.75
      vertex 44.5 3.5 0.75
      vertex 47.25 3.5 0.75
    endloop
  endfacet
  facet normal 0 0 -1
    outer loop
      vertex 47.25 15.25 -0.75
      vertex 47.25 3.5 -0.75
      vertex 44.5 3.5 -0.75
    endloop
  endfacet
  facet normal 0 0 -1
    outer loop
      vertex 44.5 15.25 -0.75
      vertex 47.25 15.25 -0.75
      vertex 44.5 3.5 -0.75
    endloop
  endfacet
  facet normal 0 1 0
    outer loop
      vertex 44.5 15.25 -0.75
      vertex 44.5 15.25 0.75
      vertex 47.25 15.25 -0.75
    endloop
  endfacet
  facet normal 0 0 1
    outer loop
      vertex 44.5 15.25 0.75
      vertex 47.25 3.5 0.75
      vertex 47.25 15.25 0.75
    endloop
  endfacet
  facet normal 0 1 0
    outer loop
      vertex 44.5 15.25 0.75
      vertex 47.25 15.25 0.75
      vertex 47.25 15.25 -0.75
    endloop
  endfacet
  facet normal 0 -1 0
    outer loop
      vertex 43.75 -12.25 14.116666666666664
      vertex 47.25 -12.25 15.616666666666664
      vertex 43.75 -12.25 15.616666666666664
    endloop
  endfacet
  facet normal 0 -1 0
    outer loop
      vertex 43.75 -12.25 14.116666666666664
      vertex 47.25 -12.25 14.116666666666664
      vertex 47.25 -12.25 15.616666666666664
    endloop
  endfacet
  facet normal -1 0 0
    outer loop
      vertex 43.75 -12.25 14.116666666666664
      vertex 43.75 -12.25 15.616666666666664
      vertex 43.75 1.5 14.116666666666664
    endloop
  endfacet
  facet normal 0 0 1
    outer loop
      vertex 43.75 -12.25 15.616666666666664
      vertex 47.25 -12.25 15.616666666666664
      vertex 44.5 1.5 15.616666666666664
    endloop
  endfacet
  facet normal -1 0 0
    outer loop
      vertex 43.75 -12.25 15.616666666666664
      vertex 43.75 1.5 15.616666666666664
      vertex 43.75 1.5 14.116666666666664
    endloop
  endfacet
  facet normal 0 0 -1
    outer loop
      vertex 43.75 -12.25 14.116666666666664
      vertex 43.75 1.5 14.116666666666664
      vertex 44.5 1.5 14.116666666666664
    endloop
  endfacet
  facet normal 0 0 1
    outer loop
      vertex 43.75 -12.25 15.616666666666664
      vertex 44.5 1.5 15.616666666666664
      vertex 43.75 1.5 15.616666666666664
    endloop
  endfacet
  facet normal 0 0 -1
    outer loop
      vertex 43.75 -12.25 14.116666666666664
      vertex 47.25 15.25 14.116666666666664
      vertex 47.25 -12.25 14.116666666666664
    endloop
  endfacet
  facet normal 0 0 -1
    outer loop
      vertex 43.75 -12.25 14.116666666666664
      vertex 44.5 1.5 14.116666666666664
      vertex 47.25 15.25 14.116666666666664
    endloop
  endfacet
  facet normal 0 0 1
    outer loop
      vertex 47.25 -12.25 15.616666666666664
      vertex 47.25 15.25 15.616666666666664
      vertex 44.5 1.5 15.616666666666664
    endloop
  endfacet
  facet normal 0 0 -1
    outer loop
      vertex 44.5 1.5 14.116666666666664
      vertex 44.5 15.25 14.116666666666664
      vertex 47.25 15.25 14.116666666666664
    endloop
  endfacet
  facet normal 0 0 1
    outer loop
      vertex 44.5 1.5 15.616666666666664
      vertex 47.25 15.25 15.616666666666664
      vertex 44.5 15.25 15.616666666666664
    endloop
  endfacet
  facet normal 0 1 0
    outer loop
      vertex 44.5 15.25 14.116666666666664
      vertex 44.5 15.25 15.616666666666664
      vertex 47.25 15.25 14.116666666666664
    endloop
  endfacet
  facet normal 0 1 0
    outer loop
      vertex 44.5 15.25 15.616666666666664
      vertex 47.25 15.25 15.616666666666664
      vertex 47.25 15.25 14.116666666666664
    endloop
  endfacet
  facet normal -1 0 0
    outer loop
      vertex -48 -12.25 21.55
      vertex -48 -12.25 22.3
      vertex -48 0 22.3
    endloop
  endfacet
  facet normal -1 0 0
    outer loop
      vertex -48 -12.25 21.55
      vertex -48 0 22.3
      vertex -48 0.1 22.3
    endloop
  endfacet
  facet normal 0 0 1
    outer loop
      vertex -48 -12.25 22.3
      vertex -47.9 0 22.3
      vertex -48 0 22.3
    endloop
  endfacet
  facet normal 0 0 -1
    outer loop
      vertex -47.25 -12.25 21.55
      vertex -39.15 1.5 21.55
      vertex -39.15 -12.25 21.55
    endloop
  endfacet
  facet normal 0 0 1
    outer loop
      vertex -48 -12.25 22.3
      vertex -36 0 22.3
      vertex -47.9 0 22.3
    endloop
  endfacet
  facet normal 0 0 -1
    outer loop
      vertex -47.25 -12.25 21.55
      vertex -44.5 1.5 21.55
      vertex -39.15 1.5 21.55
    endloop
  endfacet
  facet normal 0 0 1
    outer loop
      vertex -48 -12.25 22.3
      vertex -35.9 0 22.3
      vertex -36 0 22.3
    endloop
  endfacet
  facet normal 0 0 -1
    outer loop
      vertex -37.65 -12.25 21.55
      vertex -37.65 1.5 21.55
      vertex -36 0 21.55
    endloop
  endfacet
  facet normal 0 0 -1
    outer loop
      vertex -37.65 -12.25 21.55
      vertex -36 0 21.55
      vertex -35.9 0 21.55
    endloop
  endfacet
  facet normal 0 0 1
    outer loop
      vertex -48 -12.25 22.3
      vertex -24 0 22.3
      vertex -35.9 0 22.3
    endloop
  endfacet
  facet normal 0 0 -1
    outer loop
      vertex -37.65 -12.25 21.55
      vertex -35.9 0 21.55
      vertex -24 0 21.55
    endloop
  endfacet
  facet normal 0 0 -1
    outer loop
      vertex -37.65 -12.25 21.55
      vertex -24 0 21.55
      vertex -23.9 0 21.55
    endloop
  endfacet
  facet normal 0 0 -1
    outer loop
      vertex -37.65 -12.25 21.55
      vertex -23.9 0 21.55
      vertex -19.95 1.5 21.55
    endloop
  endfacet
  facet normal 0 0 -1
    outer loop
      vertex -37.65 -12.25 21.55
      vertex -19.95 1.5 21.55
      vertex -19.95 -12.25 21.55
    endloop
  endfacet
  facet normal 0 -1 0
    outer loop
      vertex -48 -12.25 21.55
      vertex 48 -12.25 22.3
      vertex -48 -12.25 22.3
    endloop
  endfacet
  facet normal 0 -1 0
    outer loop
      vertex -48 -12.25 21.55
      vertex -47.25 -12.25 21.55
      vertex 48 -12.25 22.3
    endloop
  endfacet
  facet normal 0 0 -1
    outer loop
      vertex -18.45 -12.25 21.55
      vertex -18.45 1.5 21.55
      vertex -12 0 21.55
    endloop
  endfacet
  facet normal 0 0 -1
    outer loop
      vertex -18.45 -12.25 21.55
      vertex -12 0 21.55
      vertex -11.9 0 21.55
    endloop
  endfacet
  facet normal -1 0 0
    outer loop
      vertex -48 -12.25 21.55
      vertex -48 0.1 22.3
      vertex -48 15.25 22.3
    endloop
  endfacet
  facet normal 0 0 -1
    outer loop
      vertex -47.25 -12.25 21.55
      vertex -47.25 15.25 21.55
      vertex -44.5 1.5 21.55
    endloop
  endfacet
  facet normal 0 0 1
    outer loop
      vertex -48 0.1 22.3
      vertex -47.9 0.1 22.3
      vertex -48 15.25 22.3
    endloop
  endfacet
  facet normal -1 0 0
    outer loop
      vertex -48 -12.25 21.55
      vertex -48 15.25 22.3
      vertex -48 15.25 21.55
    endloop
  endfacet
  facet normal 0 0 1
    outer loop
      vertex -47.9 0 22.3
      vertex -36 0.1 22.3
      vertex -47.9 0.1 22.3
    endloop
  endfacet
  facet normal 0 0 1
    outer loop
      vertex -47.9 0.1 22.3
      vertex -36 0.1 22.3
      vertex -48 15.25 22.3
    endloop
  endfacet
  facet normal 0 0 -1
    outer loop
      vertex -44.5 1.5 21.55
      vertex -47.25 15.25 21.55
      vertex -44.5 15.25 21.55
    endloop
  endfacet
  facet normal 0 1 0
    outer loop
      vertex -48 15.25 21.55
      vertex -48 15.25 22.3
      vertex -47.25 15.25 21.55
    endloop
  endfacet
  facet normal 0 1 0
    outer loop
      vertex -47.25 15.25 21.55
      vertex -48 15.25 22.3
      vertex -44.5 15.25 21.55
    endloop
  endfacet
  facet normal 0 0 1
    outer loop
      vertex -47.9 0 22.3
      vertex -36 0 22.3
      vertex -36 0.1 22.3
    endloop
  endfacet
  facet normal 0 0 -1
    outer loop
      vertex -36 0 21.55
      vertex -37.65 1.5 21.55
      vertex -36 0.1 21.55
    endloop
  endfacet
  facet normal 0 0 -1
    outer loop
      vertex -36 0.1 21.55
      vertex -37.65 1.5 21.55
      vertex -35.9 0.1 21.55
    endloop
  endfacet
  facet normal 0 0 1
    outer loop
      vertex -36 0.1 22.3
      vertex -35.9 0.1 22.3
      vertex -48 15.25 22.3
    endloop
  endfacet
  facet normal 0 0 1
    outer loop
      vertex -35.9 0.1 22.3
      vertex -24 0.1 22.3
      vertex -48 15.25 22.3
    endloop
  endfacet
  facet normal 0 0 -1
    outer loop
      vertex -35.9 0.1 21.55
      vertex -37.65 1.5 21.55
      vertex -24 0.1 21.55
    endloop
  endfacet
  facet normal 0 0 -1
    outer loop
      vertex -35.9 0 21.55
      vertex -35.9 0.1 21.55
      vertex -24 0 21.55
    endloop
  endfacet
  facet normal 0 0 1
    outer loop
      vertex -35.9 0 22.3
      vertex -24 0.1 22.3
      vertex -35.9 0.1 22.3
    endloop
  endfacet
  facet normal 0 0 1
    outer loop
      vertex -24 0.1 22.3
      vertex -23.9 0.1 22.3
      vertex -48 15.25 22.3
    endloop
  endfacet
  facet normal 0 0 -1
    outer loop
      vertex -37.65 1.5 21.55
      vertex -23.9 0.1 21.55
      vertex -24 0.1 21.55
    endloop
  endfacet
  facet normal 0 0 -1
    outer loop
      vertex -35.9 0.1 21.55
      vertex -24 0.1 21.55
      vertex -24 0 21.55
    endloop
  endfacet
  facet normal 0 0 1
    outer loop
      vertex -35.9 0 22.3
      vertex -24 0 22.3
      vertex -24 0.1 22.3
    endloop
  endfacet
  facet normal 0 0 -1
    outer loop
      vertex -37.65 1.5 21.55
      vertex -19.95 1.5 21.55
      vertex -23.9 0.1 21.55
    endloop
  endfacet
  facet normal 0 0 1
    outer loop
      vertex -23.9 0.1 22.3
      vertex -12 0.1 22.3
      vertex -48 15.25 22.3
    endloop
  endfacet
  facet normal 0 0 -1
    outer loop
      vertex -23.9 0 21.55
      vertex -23.9 0.1 21.55
      vertex -19.95 1.5 21.55
    endloop
  endfacet
  facet normal 0 0 1
    outer loop
      vertex -48 15.25 22.3
      vertex -12 0.1 22.3
      vertex -11.9 0.1 22.3
    endloop
  endfacet
  facet normal 0 0 1
    outer loop
      vertex -23.9 0 22.3
      vertex -12 0.1 22.3
      vertex -23.9 0.1 22.3
    endloop
  endfacet
  facet normal 0 0 1
    outer loop
      vertex -48 15.25 22.3
      vertex -11.9 0.1 22.3
      vertex 0 0.1 22.3
    endloop
  endfacet
  facet normal 0 0 1
    outer loop
      vertex -23.9 0 22.3
      vertex -12 0 22.3
      vertex -12 0.1 22.3
    endloop
  endfacet
  facet normal 0 0 -1
    outer loop
      vertex -18.45 1.5 21.55
      vertex -12 0.1 21.55
      vertex -12 0 21.55
    endloop
  endfacet
  facet normal 0 0 1
    outer loop
      vertex -48 15.25 22.3
      vertex 0 0.1 22.3
      vertex 0.1 0.1 22.3
    endloop
  endfacet
  facet normal 0 1 0
    outer loop
      vertex -48 15.25 22.3
      vertex 44.5 15.25 21.55
      vertex -44.5 15.25 21.55
    endloop
  endfacet
  facet normal 0 -1 0
    outer loop
      vertex -47.25 -12.25 21.55
      vertex -39.15 -12.25 21.55
      vertex 48 -12.25 22.3
    endloop
  endfacet
  facet normal 0 -1 0
    outer loop
      vertex -39.15 -12.25 21.55
      vertex -37.65 -12.25 21.55
      vertex 48 -12.25 22.3
    endloop
  endfacet
  facet normal 0 0 -1
    outer loop
      vertex -18.45 -12.25 21.55
      vertex -11.9 0 21.55
      vertex -0.75 1.5 21.55
    endloop
  endfacet
  facet normal 0 0 1
    outer loop
      vertex -48 -12.25 22.3
      vertex 48 -12.25 22.3
      vertex -24 0 22.3
    endloop
  endfacet
  facet normal 0 0 -1
    outer loop
      vertex -18.45 -12.25 21.55
      vertex -0.75 1.5 21.55
      vertex -0.75 -12.25 21.55
    endloop
  endfacet
  facet normal 0 -1 0
    outer loop
      vertex -37.65 -12.25 21.55
      vertex -19.95 -12.25 21.55
      vertex 48 -12.25 22.3
    endloop
  endfacet
  facet normal 0 -1 0
    outer loop
      vertex -19.95 -12.25 21.55
      vertex -18.45 -12.25 21.55
      vertex 48 -12.25 22.3
    endloop
  endfacet
  facet normal 0 0 1
    outer loop
      vertex -24 0 22.3
      vertex 48 -12.25 22.3
      vertex -23.9 0 22.3
    endloop
  endfacet
  facet normal 0 0 1
    outer loop
      vertex -23.9 0 22.3
      vertex 48 -12.25 22.3
      vertex -12 0 22.3
    endloop
  endfacet
  facet normal 0 0 -1
    outer loop
      vertex 0.75 -12.25 21.55
      vertex 0.75 1.5 21.55
      vertex 12 0.1 21.55
    endloop
  endfacet
  facet normal 0 -1 0
    outer loop
      vertex -18.45 -12.25 21.55
      vertex -0.75 -12.25 21.55
      vertex 48 -12.25 22.3
    endloop
  endfacet
  facet normal 0 0 -1
    outer loop
      vertex 0.75 -12.25 21.55
      vertex 12 0.1 21.55
      vertex 12 0 21.55
    endloop
  endfacet
  facet normal 0 0 -1
    outer loop
      vertex 0.75 -12.25 21.55
      vertex 12 0 21.55
      vertex 12.1 0 21.55
    endloop
  endfacet
  facet normal 0 0 1
    outer loop
      vertex -11.9 0 22.3
      vertex -12 0 22.3
      vertex 48 -12.25 22.3
    endloop
  endfacet
  facet normal 0 0 -1
    outer loop
      vertex 0.75 -12.25 21.55
      vertex 18.450000000000003 1.5 21.55
      vertex 18.450000000000003 -12.25 21.55
    endloop
  endfacet
  facet normal 0 0 -1
    outer loop
      vertex 0.75 -12.25 21.55
      vertex 12.1 0 21.55
      vertex 18.450000000000003 1.5 21.55
    endloop
  endfacet
  facet normal 0 0 1
    outer loop
      vertex -11.9 0 22.3
      vertex 48 -12.25 22.3
      vertex 0 0 22.3
    endloop
  endfacet
  facet normal 0 -1 0
    outer loop
      vertex -0.75 -12.25 21.55
      vertex 0.75 -12.25 21.55
      vertex 48 -12.25 22.3
    endloop
  endfacet
  facet normal 0 -1 0
    outer loop
      vertex 0.75 -12.25 21.55
      vertex 18.450000000000003 -12.25 21.55
      vertex 48 -12.25 22.3
    endloop
  endfacet
  facet normal 0 0 1
    outer loop
      vertex 0.1 0 22.3
      vertex 48 -12.25 22.3
      vertex 0.1 0.1 22.3
    endloop
  endfacet
  facet normal 0 0 1
    outer loop
      vertex 0 0 22.3
      vertex 48 -12.25 22.3
      vertex 0.1 0 22.3
    endloop
  endfacet
  facet normal 0 0 -1
    outer loop
      vertex 19.950000000000003 -12.25 21.55
      vertex 19.950000000000003 1.5 21.55
      vertex 24 0.1 21.55
    endloop
  endfacet
  facet normal 0 0 -1
    outer loop
      vertex 19.950000000000003 -12.25 21.55
      vertex 24 0.1 21.55
      vertex 24 0 21.55
    endloop
  endfacet
  facet normal 0 0 -1
    outer loop
      vertex 19.950000000000003 -12.25 21.55
      vertex 24 0 21.55
      vertex 24.1 0 21.55
    endloop
  endfacet
  facet normal 0 0 -1
    outer loop
      vertex -18.45 1.5 21.55
      vertex -0.75 1.5 21.55
      vertex -12 0.1 21.55
    endloop
  endfacet
  facet normal 0 0 -1
    outer loop
      vertex -12 0.1 21.55
      vertex -0.75 1.5 21.55
      vertex -11.9 0.1 21.55
    endloop
  endfacet
  facet normal 0 0 -1
    outer loop
      vertex -11.9 0 21.55
      vertex -11.9 0.1 21.55
      vertex -0.75 1.5 21.55
    endloop
  endfacet
  facet normal 0 0 1
    outer loop
      vertex -11.9 0 22.3
      vertex 0 0.1 22.3
      vertex -11.9 0.1 22.3
    endloop
  endfacet
  facet normal 0 0 1
    outer loop
      vertex -11.9 0 22.3
      vertex 0 0 22.3
      vertex 0 0.1 22.3
    endloop
  endfacet
  facet normal 0 0 1
    outer loop
      vertex -48 15.25 22.3
      vertex 12 0 22.3
      vertex 12 0.1 22.3
    endloop
  endfacet
  facet normal 0 0 1
    outer loop
      vertex -48 15.25 22.3
      vertex 12 0.1 22.3
      vertex 12.1 0.1 22.3
    endloop
  endfacet
  facet normal 0 0 1
    outer loop
      vertex -48 15.25 22.3
      vertex 12.1 0.1 22.3
      vertex 24 0.1 22.3
    endloop
  endfacet
  facet normal 0 0 1
    outer loop
      vertex -48 15.25 22.3
      vertex 0.1 0.1 22.3
      vertex 48 -12.25 22.3
    endloop
  endfacet
  facet normal 0 0 1
    outer loop
      vertex -48 15.25 22.3
      vertex 24 0.1 22.3
      vertex 24.1 0.1 22.3
    endloop
  endfacet
  facet normal 0 0 1
    outer loop
      vertex -48 15.25 22.3
      vertex 48 -12.25 22.3
      vertex 12 0 22.3
    endloop
  endfacet
  facet normal 0 0 -1
    outer loop
      vertex 0.75 1.5 21.55
      vertex 18.450000000000003 1.5 21.55
      vertex 12 0.1 21.55
    endloop
  endfacet
  facet normal 0 0 -1
    outer loop
      vertex 12 0.1 21.55
      vertex 18.450000000000003 1.5 21.55
      vertex 12.1 0.1 21.55
    endloop
  endfacet
  facet normal 0 0 -1
    outer loop
      vertex 12.1 0 21.55
      vertex 12.1 0.1 21.55
      vertex 18.450000000000003 1.5 21.55
    endloop
  endfacet
  facet normal 0 0 1
    outer loop
      vertex -48 15.25 22.3
      vertex 24.1 0.1 22.3
      vertex 48 15.25 22.3
    endloop
  endfacet
  facet normal 0 0 1
    outer loop
      vertex 12.1 0 22.3
      vertex 24 0.1 22.3
      vertex 12.1 0.1 22.3
    endloop
  endfacet
  facet normal 0 0 1
    outer loop
      vertex 12.1 0 22.3
      vertex 24 0 22.3
      vertex 24 0.1 22.3
    endloop
  endfacet
  facet normal 0 1 0
    outer loop
      vertex -48 15.25 22.3
      vertex 47.25 15.25 21.55
      vertex 44.5 15.25 21.55
    endloop
  endfacet
  facet normal 0 1 0
    outer loop
      vertex -48 15.25 22.3
      vertex 48 15.25 21.55
      vertex 47.25 15.25 21.55
    endloop
  endfacet
  facet normal 0 1 0
    outer loop
      vertex -48 15.25 22.3
      vertex 48 15.25 22.3
      vertex 48 15.25 21.55
    endloop
  endfacet
  facet normal 0 -1 0
    outer loop
      vertex 18.450000000000003 -12.25 21.55
      vertex 19.950000000000003 -12.25 21.55
      vertex 48 -12.25 22.3
    endloop
  endfacet
  facet normal 0 0 1
    outer loop
      vertex 12 0 22.3
      vertex 48 -12.25 22.3
      vertex 12.1 0 22.3
    endloop
  endfacet
  facet normal 0 0 -1
    outer loop
      vertex 19.950000000000003 -12.25 21.55
      vertex 24.1 0 21.55
      vertex 37.650000000000006 1.5 21.55
    endloop
  endfacet
  facet normal 0 0 -1
    outer loop
      vertex 19.950000000000003 -12.25 21.55
      vertex 36 0 21.55
      vertex 37.650000000000006 -12.25 21.55
    endloop
  endfacet
  facet normal 0 0 1
    outer loop
      vertex 12.1 0 22.3
      vertex 48 -12.25 22.3
      vertex 24 0 22.3
    endloop
  endfacet
  facet normal 0 0 -1
    outer loop
      vertex 19.950000000000003 -12.25 21.55
      vertex 36 0.1 21.55
      vertex 36 0 21.55
    endloop
  endfacet
  facet normal 0 0 -1
    outer loop
      vertex 19.950000000000003 -12.25 21.55
      vertex 37.650000000000006 1.5 21.55
      vertex 36 0.1 21.55
    endloop
  endfacet
  facet normal 0 0 1
    outer loop
      vertex 24 0 22.3
      vertex 48 -12.25 22.3
      vertex 24.1 0 22.3
    endloop
  endfacet
  facet normal 0 -1 0
    outer loop
      vertex 19.950000000000003 -12.25 21.55
      vertex 37.650000000000006 -12.25 21.55
      vertex 48 -12.25 22.3
    endloop
  endfacet
  facet normal 0 0 -1
    outer loop
      vertex 37.650000000000006 -12.25 21.55
      vertex 36 0 21.55
      vertex 36.1 0 21.55
    endloop
  endfacet
  facet normal 0 0 1
    outer loop
      vertex 24.1 0 22.3
      vertex 48 -12.25 22.3
      vertex 36 0 22.3
    endloop
  endfacet
  facet normal 0 0 -1
    outer loop
      vertex 37.650000000000006 -12.25 21.55
      vertex 36.1 0 21.55
      vertex 37.650000000000006 1.5 21.55
    endloop
  endfacet
  facet normal 0 0 1
    outer loop
      vertex 36 0 22.3
      vertex 48 -12.25 22.3
      vertex 36.1 0 22.3
    endloop
  endfacet
  facet normal 0 0 -1
    outer loop
      vertex 39.150000000000006 -12.25 21.55
      vertex 39.150000000000006 1.5 21.55
      vertex 44.5 1.5 21.55
    endloop
  endfacet
  facet normal 0 -1 0
    outer loop
      vertex 37.650000000000006 -12.25 21.55
      vertex 39.150000000000006 -12.25 21.55
      vertex 48 -12.25 22.3
    endloop
  endfacet
  facet normal 0 -1 0
    outer loop
      vertex 39.150000000000006 -12.25 21.55
      vertex 47.25 -12.25 21.55
      vertex 48 -12.25 22.3
    endloop
  endfacet
  facet normal 0 -1 0
    outer loop
      vertex 47.25 -12.25 21.55
      vertex 48 -12.25 21.55
      vertex 48 -12.25 22.3
    endloop
  endfacet
  facet normal 0 0 -1
    outer loop
      vertex 39.150000000000006 -12.25 21.55
      vertex 44.5 1.5 21.55
      vertex 47.25 -12.25 21.55
    endloop
  endfacet
  facet normal 0 0 1
    outer loop
      vertex 36.1 0 22.3
      vertex 48 -12.25 22.3
      vertex 48 0 22.3
    endloop
  endfacet
  facet normal 1 0 0
    outer loop
      vertex 48 -12.25 21.55
      vertex 48 0 22.3
      vertex 48 -12.25 22.3
    endloop
  endfacet
  facet normal 1 0 0
    outer loop
      vertex 48 -12.25 21.55
      vertex 48 0 21.55
      vertex 48 0 22.3
    endloop
  endfacet
  facet normal 0 0 -1
    outer loop
      vertex 19.950000000000003 1.5 21.55
      vertex 37.650000000000006 1.5 21.55
      vertex 24 0.1 21.55
    endloop
  endfacet
  facet normal 0 0 -1
    outer loop
      vertex 24 0.1 21.55
      vertex 37.650000000000006 1.5 21.55
      vertex 24.1 0.1 21.55
    endloop
  endfacet
  facet normal 0 0 -1
    outer loop
      vertex 24.1 0 21.55
      vertex 24.1 0.1 21.55
      vertex 37.650000000000006 1.5 21.55
    endloop
  endfacet
  facet normal 0 0 1
    outer loop
      vertex 24.1 0 22.3
      vertex 36 0.1 22.3
      vertex 24.1 0.1 22.3
    endloop
  endfacet
  facet normal 0 0 1
    outer loop
      vertex 24.1 0 22.3
      vertex 36 0 22.3
      vertex 36 0.1 22.3
    endloop
  endfacet
  facet normal 0 0 -1
    outer loop
      vertex 36.1 0 21.55
      vertex 36.1 0.1 21.55
      vertex 37.650000000000006 1.5 21.55
    endloop
  endfacet
  facet normal 0 0 -1
    outer loop
      vertex 36 0.1 21.55
      vertex 37.650000000000006 1.5 21.55
      vertex 36.1 0.1 21.55
    endloop
  endfacet
  facet normal 0 0 1
    outer loop
      vertex 24.1 0.1 22.3
      vertex 36 0.1 22.3
      vertex 48 15.25 22.3
    endloop
  endfacet
  facet normal 0 0 1
    outer loop
      vertex 36.1 0 22.3
      vertex 48 0.1 22.3
      vertex 36.1 0.1 22.3
    endloop
  endfacet
  facet normal 0 0 1
    outer loop
      vertex 36 0.1 22.3
      vertex 36.1 0.1 22.3
      vertex 48 15.25 22.3
    endloop
  endfacet
  facet normal 0 0 1
    outer loop
      vertex 36.1 0 22.3
      vertex 48 0 22.3
      vertex 48 0.1 22.3
    endloop
  endfacet
  facet normal 0 0 -1
    outer loop
      vertex 47.25 -12.25 21.55
      vertex 44.5 1.5 21.55
      vertex 44.5 15.25 21.55
    endloop
  endfacet
  facet normal 0 0 1
    outer loop
      vertex 36.1 0.1 22.3
      vertex 48 0.1 22.3
      vertex 48 15.25 22.3
    endloop
  endfacet
  facet normal 1 0 0
    outer loop
      vertex 48 0.1 21.55
      vertex 48 15.25 22.3
      vertex 48 0.1 22.3
    endloop
  endfacet
  facet normal 0 0 -1
    outer loop
      vertex 47.25 -12.25 21.55
      vertex 44.5 15.25 21.55
      vertex 47.25 15.25 21.55
    endloop
  endfacet
  facet normal 1 0 0
    outer loop
      vertex 48 0.1 21.55
      vertex 48 15.25 21.55
      vertex 48 15.25 22.3
    endloop
  endfacet
  facet normal 0 -1 0
    outer loop
      vertex -48 -12.25 -22.3
      vertex -47.25 -12.25 -21.55
      vertex -48 -12.25 -21.55
    endloop
  endfacet
  facet normal 0 -1 0
    outer loop
      vertex -48 -12.25 -22.3
      vertex -39.15 -12.25 -21.55
      vertex -47.25 -12.25 -21.55
    endloop
  endfacet
  facet normal 0 -1 0
    outer loop
      vertex -48 -12.25 -22.3
      vertex -37.65 -12.25 -21.55
      vertex -39.15 -12.25 -21.55
    endloop
  endfacet
  facet normal -1 0 0
    outer loop
      vertex -48 -12.25 -22.3
      vertex -48 -12.25 -21.55
      vertex -48 15.25 -21.55
    endloop
  endfacet
  facet normal 0 0 1
    outer loop
      vertex -47.25 -12.25 -21.55
      vertex -44.5 1.5 -21.55
      vertex -47.25 2 -21.55
    endloop
  endfacet
  facet normal 0 0 1
    outer loop
      vertex -47.25 -12.25 -21.55
      vertex -39.15 -12.25 -21.55
      vertex -44.5 1.5 -21.55
    endloop
  endfacet
  facet normal 0 0 1
    outer loop
      vertex -39.15 -12.25 -21.55
      vertex -39.15 1.5 -21.55
      vertex -44.5 1.5 -21.55
    endloop
  endfacet
  facet normal 0 -1 0
    outer loop
      vertex -48 -12.25 -22.3
      vertex -19.95 -12.25 -21.55
      vertex -37.65 -12.25 -21.55
    endloop
  endfacet
  facet normal 0 0 1
    outer loop
      vertex -37.65 -12.25 -21.55
      vertex -19.95 -12.25 -21.55
      vertex -37.65 1.5 -21.55
    endloop
  endfacet
  facet normal 0 -1 0
    outer loop
      vertex -48 -12.25 -22.3
      vertex -18.45 -12.25 -21.55
      vertex -19.95 -12.25 -21.55
    endloop
  endfacet
  facet normal 0 -1 0
    outer loop
      vertex -48 -12.25 -22.3
      vertex -0.75 -12.25 -21.55
      vertex -18.45 -12.25 -21.55
    endloop
  endfacet
  facet normal 0 0 1
    outer loop
      vertex -37.65 1.5 -21.55
      vertex -19.95 -12.25 -21.55
      vertex -19.95 1.5 -21.55
    endloop
  endfacet
  facet normal 0 -1 0
    outer loop
      vertex -48 -12.25 -22.3
      vertex 0.75 -12.25 -21.55
      vertex -0.75 -12.25 -21.55
    endloop
  endfacet
  facet normal 0 0 1
    outer loop
      vertex -44.5 1.5 -21.55
      vertex -44.5 2 -21.55
      vertex -47.25 2 -21.55
    endloop
  endfacet
  facet normal -1 0 0
    outer loop
      vertex -48 -12.25 -22.3
      vertex -48 15.25 -21.55
      vertex -48 15.25 -22.3
    endloop
  endfacet
  facet normal 0 0 1
    outer loop
      vertex -47.25 15.25 -21.55
      vertex -47.25 3.5 -21.55
      vertex -44.5 3.5 -21.55
    endloop
  endfacet
  facet normal 0 0 1
    outer loop
      vertex -47.25 15.25 -21.55
      vertex -44.5 3.5 -21.55
      vertex -44.5 15.25 -21.55
    endloop
  endfacet
  facet normal 0 0 -1
    outer loop
      vertex -48 -12.25 -22.3
      vertex -48 15.25 -22.3
      vertex 48 15.25 -22.3
    endloop
  endfacet
  facet normal 0 1 0
    outer loop
      vertex -48 15.25 -22.3
      vertex -48 15.25 -21.55
      vertex 48 15.25 -22.3
    endloop
  endfacet
  facet normal 0 1 0
    outer loop
      vertex -48 15.25 -21.55
      vertex -47.25 15.25 -21.55
      vertex 48 15.25 -22.3
    endloop
  endfacet
  facet normal 0 1 0
    outer loop
      vertex -47.25 15.25 -21.55
      vertex -44.5 15.25 -21.55
      vertex 48 15.25 -22.3
    endloop
  endfacet
  facet normal 0 -1 0
    outer loop
      vertex -48 -12.25 -22.3
      vertex 18.450000000000003 -12.25 -21.55
      vertex 0.75 -12.25 -21.55
    endloop
  endfacet
  facet normal 0 0 1
    outer loop
      vertex -18.45 -12.25 -21.55
      vertex -0.75 -12.25 -21.55
      vertex -18.45 1.5 -21.55
    endloop
  endfacet
  facet normal 0 0 1
    outer loop
      vertex -18.45 1.5 -21.55
      vertex -0.75 -12.25 -21.55
      vertex -0.75 1.5 -21.55
    endloop
  endfacet
  facet normal 0 -1 0
    outer loop
      vertex -48 -12.25 -22.3
      vertex 19.950000000000003 -12.25 -21.55
      vertex 18.450000000000003 -12.25 -21.55
    endloop
  endfacet
  facet normal 0 -1 0
    outer loop
      vertex -48 -12.25 -22.3
      vertex 37.650000000000006 -12.25 -21.55
      vertex 19.950000000000003 -12.25 -21.55
    endloop
  endfacet
  facet normal 0 -1 0
    outer loop
      vertex -48 -12.25 -22.3
      vertex 39.150000000000006 -12.25 -21.55
      vertex 37.650000000000006 -12.25 -21.55
    endloop
  endfacet
  facet normal 0 -1 0
    outer loop
      vertex -48 -12.25 -22.3
      vertex 47.25 -12.25 -21.55
      vertex 39.150000000000006 -12.25 -21.55
    endloop
  endfacet
  facet normal 0 0 1
    outer loop
      vertex 0.75 -12.25 -21.55
      vertex 18.450000000000003 -12.25 -21.55
      vertex 0.75 1.5 -21.55
    endloop
  endfacet
  facet normal 0 0 1
    outer loop
      vertex 0.75 1.5 -21.55
      vertex 18.450000000000003 -12.25 -21.55
      vertex 18.450000000000003 1.5 -21.55
    endloop
  endfacet
  facet normal 0 -1 0
    outer loop
      vertex -48 -12.25 -22.3
      vertex 48 -12.25 -22.3
      vertex 48 -12.25 -21.55
    endloop
  endfacet
  facet normal 0 -1 0
    outer loop
      vertex -48 -12.25 -22.3
      vertex 48 -12.25 -21.55
      vertex 47.25 -12.25 -21.55
    endloop
  endfacet
  facet normal 0 0 -1
    outer loop
      vertex -48 -12.25 -22.3
      vertex 48 15.25 -22.3
      vertex 48 -12.25 -22.3
    endloop
  endfacet
  facet normal 0 1 0
    outer loop
      vertex -44.5 15.25 -21.55
      vertex 44.5 15.25 -21.55
      vertex 48 15.25 -22.3
    endloop
  endfacet
  facet normal 0 0 1
    outer loop
      vertex 19.950000000000003 -12.25 -21.55
      vertex 37.650000000000006 -12.25 -21.55
      vertex 19.950000000000003 1.5 -21.55
    endloop
  endfacet
  facet normal 0 0 1
    outer loop
      vertex 19.950000000000003 1.5 -21.55
      vertex 37.650000000000006 -12.25 -21.55
      vertex 37.650000000000006 1.5 -21.55
    endloop
  endfacet
  facet normal 0 0 1
    outer loop
      vertex 39.150000000000006 -12.25 -21.55
      vertex 47.25 -12.25 -21.55
      vertex 39.150000000000006 1.5 -21.55
    endloop
  endfacet
  facet normal 0 0 1
    outer loop
      vertex 39.150000000000006 1.5 -21.55
      vertex 47.25 -12.25 -21.55
      vertex 44.5 1.5 -21.55
    endloop
  endfacet
  facet normal 0 0 1
    outer loop
      vertex 47.25 -12.25 -21.55
      vertex 44.5 2 -21.55
      vertex 44.5 1.5 -21.55
    endloop
  endfacet
  facet normal 1 0 0
    outer loop
      vertex 48 -12.25 -22.3
      vertex 48 15.25 -22.3
      vertex 48 -12.25 -21.55
    endloop
  endfacet
  facet normal 0 0 1
    outer loop
      vertex 47.25 -12.25 -21.55
      vertex 47.25 2 -21.55
      vertex 44.5 2 -21.55
    endloop
  endfacet
  facet normal 0 0 1
    outer loop
      vertex 44.5 15.25 -21.55
      vertex 44.5 3.5 -21.55
      vertex 47.25 3.5 -21.55
    endloop
  endfacet
  facet normal 1 0 0
    outer loop
      vertex 48 -12.25 -21.55
      vertex 48 15.25 -22.3
      vertex 48 15.25 -21.55
    endloop
  endfacet
  facet normal 0 0 1
    outer loop
      vertex 44.5 15.25 -21.55
      vertex 47.25 3.5 -21.55
      vertex 47.25 15.25 -21.55
    endloop
  endfacet
  facet normal 0 1 0
    outer loop
      vertex 44.5 15.25 -21.55
      vertex 47.25 15.25 -21.55
      vertex 48 15.25 -22.3
    endloop
  endfacet
  facet normal 0 1 0
    outer loop
      vertex 48 15.25 -22.3
      vertex 47.25 15.25 -21.55
      vertex 48 15.25 -21.55
    endloop
  endfacet
  facet normal -1 0 0
    outer loop
      vertex 47.25 -12.25 -21.55
      vertex 47.25 -12.25 -15.616666666666667
      vertex 47.25 2 -21.55
    endloop
  endfacet
  facet normal -1 0 0
    outer loop
      vertex 47.25 -12.25 -15.616666666666667
      vertex 47.25 2 -16.8
      vertex 47.25 2 -21.55
    endloop
  endfacet
  facet normal 1 0 0
    outer loop
      vertex 48 -12.25 -21.55
      vertex 48 1.5 -12.9
      vertex 48 0 -12.9
    endloop
  endfacet
  facet normal -1 0 0
    outer loop
      vertex 47.25 -12.25 -15.616666666666667
      vertex 47.25 3.5 -16.8
      vertex 47.25 2 -16.8
    endloop
  endfacet
  facet normal 0 -1 0
    outer loop
      vertex 47.25 -12.25 -21.55
      vertex 48 -12.25 -21.55
      vertex 48 -12.25 21.55
    endloop
  endfacet
  facet normal 0 -1 0
    outer loop
      vertex 47.25 -12.25 -21.55
      vertex 48 -12.25 21.55
      vertex 47.25 -12.25 -15.616666666666667
    endloop
  endfacet
  facet normal 0 -1 0
    outer loop
      vertex 47.25 -12.25 -15.616666666666667
      vertex 48 -12.25 21.55
      vertex 47.25 -12.25 -14.116666666666667
    endloop
  endfacet
  facet normal -1 0 0
    outer loop
      vertex 47.25 -12.25 -14.116666666666667
      vertex 47.25 -12.25 -0.75
      vertex 47.25 0 -9.4
    endloop
  endfacet
  facet normal -1 0 0
    outer loop
      vertex 47.25 -12.25 -14.116666666666667
      vertex 47.25 0 -9.4
      vertex 47.25 0 -12.9
    endloop
  endfacet
  facet normal 1 0 0
    outer loop
      vertex 48 -12.25 -21.55
      vertex 48 0 -12.9
      vertex 48 -12.25 21.55
    endloop
  endfacet
  facet normal -1 0 0
    outer loop
      vertex 47.25 -12.25 -0.75
      vertex 47.25 2 -2.75
      vertex 47.25 0 -9.4
    endloop
  endfacet
  facet normal 0 -1 0
    outer loop
      vertex 47.25 -12.25 -14.116666666666667
      vertex 48 -12.25 21.55
      vertex 47.25 -12.25 -0.75
    endloop
  endfacet
  facet normal 0 -1 0
    outer loop
      vertex 47.25 -12.25 -0.75
      vertex 48 -12.25 21.55
      vertex 47.25 -12.25 0.75
    endloop
  endfacet
  facet normal 1 0 0
    outer loop
      vertex 48 0 -12.9
      vertex 48 0 -12
      vertex 48 -12.25 21.55
    endloop
  endfacet
  facet normal 1 0 0
    outer loop
      vertex 48 0 -12
      vertex 48 0 -11.9
      vertex 48 -12.25 21.55
    endloop
  endfacet
  facet normal -1 0 0
    outer loop
      vertex 47.25 -12.25 -0.75
      vertex 47.25 2 -0.75
      vertex 47.25 2 -2.75
    endloop
  endfacet
  facet normal 1 0 0
    outer loop
      vertex 48 0 -11.9
      vertex 48 0 -9.4
      vertex 48 -12.25 21.55
    endloop
  endfacet
  facet normal 1 0 0
    outer loop
      vertex 48 0 -9.4
      vertex 48 1.5 -9.4
      vertex 48 -12.25 21.55
    endloop
  endfacet
  facet normal 1 0 0
    outer loop
      vertex 48 1.5 -9.4
      vertex 48 0 0
      vertex 48 -12.25 21.55
    endloop
  endfacet
  facet normal -1 0 0
    outer loop
      vertex 47.25 -12.25 0.75
      vertex 47.25 0 9.4
      vertex 47.25 2 0.75
    endloop
  endfacet
  facet normal -1 0 0
    outer loop
      vertex 47.25 -12.25 0.75
      vertex 47.25 -12.25 14.116666666666664
      vertex 47.25 0 12.9
    endloop
  endfacet
  facet normal -1 0 0
    outer loop
      vertex 47.25 -12.25 0.75
      vertex 47.25 0 12.9
      vertex 47.25 0 9.4
    endloop
  endfacet
  facet normal 1 0 0
    outer loop
      vertex 48 -12.25 -21.55
      vertex 48 15.25 -21.55
      vertex 48 1.5 -12.9
    endloop
  endfacet
  facet normal -1 0 0
    outer loop
      vertex 47.25 -12.25 -15.616666666666667
      vertex 47.25 15.25 -15.616666666666667
      vertex 47.25 3.5 -16.8
    endloop
  endfacet
  facet normal -1 0 0
    outer loop
      vertex 47.25 15.25 -21.55
      vertex 47.25 3.5 -21.55
      vertex 47.25 3.5 -16.8
    endloop
  endfacet
  facet normal 1 0 0
    outer loop
      vertex 48 1.5 -12.9
      vertex 48 15.25 -21.55
      vertex 48 1.5 -9.4
    endloop
  endfacet
  facet normal -1 0 0
    outer loop
      vertex 47.25 15.25 -21.55
      vertex 47.25 3.5 -16.8
      vertex 47.25 15.25 -15.616666666666667
    endloop
  endfacet
  facet normal 0 1 0
    outer loop
      vertex 47.25 15.25 -21.55
      vertex 47.25 15.25 -15.616666666666667
      vertex 48 15.25 -21.55
    endloop
  endfacet
  facet normal 0 1 0
    outer loop
      vertex 48 15.25 -21.55
      vertex 47.25 15.25 -15.616666666666667
      vertex 47.25 15.25 -14.116666666666667
    endloop
  endfacet
  facet normal -1 0 0
    outer loop
      vertex 47.25 -12.25 -14.116666666666667
      vertex 47.25 0 -12.9
      vertex 47.25 15.25 -14.116666666666667
    endloop
  endfacet
  facet normal -1 0 0
    outer loop
      vertex 47.25 0 -12.9
      vertex 47.25 1.5 -12.9
      vertex 47.25 15.25 -14.116666666666667
    endloop
  endfacet
  facet normal -1 0 0
    outer loop
      vertex 47.25 1.5 -12.9
      vertex 47.25 1.5 -9.4
      vertex 47.25 15.25 -14.116666666666667
    endloop
  endfacet
  facet normal 1 0 0
    outer loop
      vertex 48 1.5 -9.4
      vertex 48 15.25 -21.55
      vertex 48 0.1 0
    endloop
  endfacet
  facet normal -1 0 0
    outer loop
      vertex 47.25 0 -9.4
      vertex 47.25 2 -2.75
      vertex 47.25 3.5 -2.75
    endloop
  endfacet
  facet normal 1 0 0
    outer loop
      vertex 48 1.5 -9.4
      vertex 48 0.1 0
      vertex 48 0 0
    endloop
  endfacet
  facet normal -1 0 0
    outer loop
      vertex 47.25 0 -9.4
      vertex 47.25 15.25 -0.75
      vertex 47.25 1.5 -9.4
    endloop
  endfacet
  facet normal 1 0 0
    outer loop
      vertex 48 0.1 0
      vertex 48 15.25 -21.55
      vertex 48 1.5 9.4
    endloop
  endfacet
  facet normal -1 0 0
    outer loop
      vertex 47.25 0 -9.4
      vertex 47.25 3.5 -2.75
      vertex 47.25 15.25 -0.75
    endloop
  endfacet
  facet normal -1 0 0
    outer loop
      vertex 47.25 1.5 -9.4
      vertex 47.25 15.25 -0.75
      vertex 47.25 15.25 -14.116666666666667
    endloop
  endfacet
  facet normal 0 1 0
    outer loop
      vertex 48 15.25 -21.55
      vertex 47.25 15.25 -14.116666666666667
      vertex 47.25 15.25 -0.75
    endloop
  endfacet
  facet normal 0 1 0
    outer loop
      vertex 48 15.25 -21.55
      vertex 47.25 15.25 -0.75
      vertex 47.25 15.25 0.75
    endloop
  endfacet
  facet normal 0 1 0
    outer loop
      vertex 48 15.25 -21.55
      vertex 47.25 15.25 0.75
      vertex 47.25 15.25 14.116666666666664
    endloop
  endfacet
  facet normal -1 0 0
    outer loop
      vertex 47.25 0 9.4
      vertex 47.25 2 2.75
      vertex 47.25 2 0.75
    endloop
  endfacet
  facet normal -1 0 0
    outer loop
      vertex 47.25 15.25 -0.75
      vertex 47.25 3.5 -2.75
      vertex 47.25 3.5 -0.75
    endloop
  endfacet
  facet normal 1 0 0
    outer loop
      vertex 48 1.5 9.4
      vertex 48 15.25 -21.55
      vertex 48 1.5 12.9
    endloop
  endfacet
  facet normal -1 0 0
    outer loop
      vertex 47.25 15.25 0.75
      vertex 47.25 3.5 0.75
      vertex 47.25 3.5 2.75
    endloop
  endfacet
  facet normal -1 0 0
    outer loop
      vertex 47.25 0 9.4
      vertex 47.25 15.25 0.75
      vertex 47.25 3.5 2.75
    endloop
  endfacet
  facet normal 1 0 0
    outer loop
      vertex 48 0.1 0
      vertex 48 1.5 9.4
      vertex 48 0.1 9.4
    endloop
  endfacet
  facet normal -1 0 0
    outer loop
      vertex 47.25 0 9.4
      vertex 47.25 3.5 2.75
      vertex 47.25 2 2.75
    endloop
  endfacet
  facet normal -1 0 0
    outer loop
      vertex 47.25 0 9.4
      vertex 47.25 1.5 9.4
      vertex 47.25 15.25 0.75
    endloop
  endfacet
  facet normal 1 0 0
    outer loop
      vertex 48 15.25 -21.55
      vertex 48 15.25 21.55
      vertex 48 1.5 12.9
    endloop
  endfacet
  facet normal 0 1 0
    outer loop
      vertex 48 15.25 -21.55
      vertex 47.25 15.25 14.116666666666664
      vertex 47.25 15.25 15.616666666666664
    endloop
  endfacet
  facet normal -1 0 0
    outer loop
      vertex 47.25 1.5 9.4
      vertex 47.25 15.25 14.116666666666664
      vertex 47.25 15.25 0.75
    endloop
  endfacet
  facet normal 0 1 0
    outer loop
      vertex 48 15.25 -21.55
      vertex 47.25 15.25 15.616666666666664
      vertex 47.25 15.25 21.55
    endloop
  endfacet
  facet normal 0 1 0
    outer loop
      vertex 48 15.25 -21.55
      vertex 47.25 15.25 21.55
      vertex 48 15.25 21.55
    endloop
  endfacet
  facet normal 0 -1 0
    outer loop
      vertex 47.25 -12.25 0.75
      vertex 48 -12.25 21.55
      vertex 47.25 -12.25 14.116666666666664
    endloop
  endfacet
  facet normal 0 -1 0
    outer loop
      vertex 47.25 -12.25 14.116666666666664
      vertex 48 -12.25 21.55
      vertex 47.25 -12.25 15.616666666666664
    endloop
  endfacet
  facet normal 0 -1 0
    outer loop
      vertex 47.25 -12.25 15.616666666666664
      vertex 48 -12.25 21.55
      vertex 47.25 -12.25 21.55
    endloop
  endfacet
  facet normal -1 0 0
    outer loop
      vertex 47.25 -12.25 14.116666666666664
      vertex 47.25 1.5 12.9
      vertex 47.25 0 12.9
    endloop
  endfacet
  facet normal 1 0 0
    outer loop
      vertex 48 0 0
      vertex 48 0 21.55
      vertex 48 -12.25 21.55
    endloop
  endfacet
  facet normal -1 0 0
    outer loop
      vertex 47.25 -12.25 15.616666666666664
      vertex 47.25 -12.25 21.55
      vertex 47.25 15.25 15.616666666666664
    endloop
  endfacet
  facet normal -1 0 0
    outer loop
      vertex 47.25 -12.25 14.116666666666664
      vertex 47.25 15.25 14.116666666666664
      vertex 47.25 1.5 12.9
    endloop
  endfacet
  facet normal -1 0 0
    outer loop
      vertex 47.25 1.5 9.4
      vertex 47.25 1.5 12.9
      vertex 47.25 15.25 14.116666666666664
    endloop
  endfacet
  facet normal 1 0 0
    outer loop
      vertex 48 0.1 12.9
      vertex 48 1.5 12.9
      vertex 48 15.25 21.55
    endloop
  endfacet
  facet normal 1 0 0
    outer loop
      vertex 48 0.1 12.9
      vertex 48 15.25 21.55
      vertex 48 0.1 21.55
    endloop
  endfacet
  facet normal -1 0 0
    outer loop
      vertex 47.25 -12.25 21.55
      vertex 47.25 15.25 21.55
      vertex 47.25 15.25 15.616666666666664
    endloop
  endfacet
  facet normal 0 -1 0
    outer loop
      vertex -48 -12.25 -21.55
      vertex -47.25 -12.25 -21.55
      vertex -47.25 -12.25 -15.616666666666667
    endloop
  endfacet
  facet normal 0 -1 0
    outer loop
      vertex -48 -12.25 -21.55
      vertex -47.25 -12.25 -15.616666666666667
      vertex -47.25 -12.25 -14.116666666666667
    endloop
  endfacet
  facet normal 1 0 0
    outer loop
      vertex -47.25 -12.25 -21.55
      vertex -47.25 2 -16.8
      vertex -47.25 -12.25 -15.616666666666667
    endloop
  endfacet
  facet normal 1 0 0
    outer loop
      vertex -47.25 -12.25 -21.55
      vertex -47.25 2 -21.55
      vertex -47.25 2 -16.8
    endloop
  endfacet
  facet normal -1 0 0
    outer loop
      vertex -48 -12.25 -21.55
      vertex -48 0 -9.4
      vertex -48 0 -12.9
    endloop
  endfacet
  facet normal 1 0 0
    outer loop
      vertex -47.25 -12.25 -15.616666666666667
      vertex -47.25 2 -16.8
      vertex -47.25 3.5 -16.8
    endloop
  endfacet
  facet normal 0 -1 0
    outer loop
      vertex -48 -12.25 -21.55
      vertex -47.25 -12.25 -14.116666666666667
      vertex -47.25 -12.25 -0.75
    endloop
  endfacet
  facet normal 0 -1 0
    outer loop
      vertex -48 -12.25 -21.55
      vertex -47.25 -12.25 -0.75
      vertex -47.25 -12.25 0.75
    endloop
  endfacet
  facet normal 0 -1 0
    outer loop
      vertex -48 -12.25 -21.55
      vertex -47.25 -12.25 0.75
      vertex -47.25 -12.25 14.116666666666664
    endloop
  endfacet
  facet normal 1 0 0
    outer loop
      vertex -47.25 -12.25 -14.116666666666667
      vertex -47.25 0 -12.9
      vertex -47.25 -12.25 -0.75
    endloop
  endfacet
  facet normal 1 0 0
    outer loop
      vertex -47.25 -12.25 -14.116666666666667
      vertex -47.25 1.5 -12.9
      vertex -47.25 0 -12.9
    endloop
  endfacet
  facet normal 1 0 0
    outer loop
      vertex -47.25 -12.25 -0.75
      vertex -47.25 0 -12.9
      vertex -47.25 0 -9.4
    endloop
  endfacet
  facet normal 1 0 0
    outer loop
      vertex -47.25 -12.25 -0.75
      vertex -47.25 0 -9.4
      vertex -47.25 2 -0.75
    endloop
  endfacet
  facet normal 0 -1 0
    outer loop
      vertex -48 -12.25 -21.55
      vertex -47.25 -12.25 14.116666666666664
      vertex -47.25 -12.25 15.616666666666664
    endloop
  endfacet
  facet normal 0 -1 0
    outer loop
      vertex -48 -12.25 -21.55
      vertex -47.25 -12.25 15.616666666666664
      vertex -47.25 -12.25 21.55
    endloop
  endfacet
  facet normal 0 -1 0
    outer loop
      vertex -48 -12.25 -21.55
      vertex -47.25 -12.25 21.55
      vertex -48 -12.25 21.55
    endloop
  endfacet
  facet normal -1 0 0
    outer loop
      vertex -48 -12.25 -21.55
      vertex -48 -12.25 21.55
      vertex -48 0 12.9
    endloop
  endfacet
  facet normal -1 0 0
    outer loop
      vertex -48 -12.25 -21.55
      vertex -48 0 9.4
      vertex -48 1.5 9.4
    endloop
  endfacet
  facet normal -1 0 0
    outer loop
      vertex -48 -12.25 -21.55
      vertex -48 0 12.9
      vertex -48 0 9.4
    endloop
  endfacet
  facet normal 1 0 0
    outer loop
      vertex -47.25 -12.25 0.75
      vertex -47.25 2 0.75
      vertex -47.25 2 2.75
    endloop
  endfacet
  facet normal 1 0 0
    outer loop
      vertex -47.25 -12.25 0.75
      vertex -47.25 2 2.75
      vertex -47.25 0 9.4
    endloop
  endfacet
  facet normal 1 0 0
    outer loop
      vertex -47.25 -12.25 0.75
      vertex -47.25 0 9.4
      vertex -47.25 -12.25 14.116666666666664
    endloop
  endfacet
  facet normal -1 0 0
    outer loop
      vertex -48 -12.25 -21.55
      vertex -48 0 -12.9
      vertex -48 15.25 -21.55
    endloop
  endfacet
  facet normal 1 0 0
    outer loop
      vertex -47.25 -12.25 -15.616666666666667
      vertex -47.25 3.5 -16.8
      vertex -47.25 15.25 -15.616666666666667
    endloop
  endfacet
  facet normal 1 0 0
    outer loop
      vertex -47.25 15.25 -15.616666666666667
      vertex -47.25 3.5 -16.8
      vertex -47.25 3.5 -21.55
    endloop
  endfacet
  facet normal -1 0 0
    outer loop
      vertex -48 0 -12.9
      vertex -48 1.5 -12.9
      vertex -48 15.25 -21.55
    endloop
  endfacet
  facet normal 1 0 0
    outer loop
      vertex -47.25 15.25 -21.55
      vertex -47.25 15.25 -15.616666666666667
      vertex -47.25 3.5 -21.55
    endloop
  endfacet
  facet normal 1 0 0
    outer loop
      vertex -47.25 -12.25 -14.116666666666667
      vertex -47.25 15.25 -14.116666666666667
      vertex -47.25 1.5 -12.9
    endloop
  endfacet
  facet normal 1 0 0
    outer loop
      vertex -47.25 1.5 -12.9
      vertex -47.25 15.25 -14.116666666666667
      vertex -47.25 1.5 -9.4
    endloop
  endfacet
  facet normal 1 0 0
    outer loop
      vertex -47.25 0 -9.4
      vertex -47.25 3.5 -2.75
      vertex -47.25 2 -2.75
    endloop
  endfacet
  facet normal 1 0 0
    outer loop
      vertex -47.25 0 -9.4
      vertex -47.25 2 -2.75
      vertex -47.25 2 -0.75
    endloop
  endfacet
  facet normal -1 0 0
    outer loop
      vertex -48 -12.25 -21.55
      vertex -48 15.25 21.55
      vertex -48 0 -9.4
    endloop
  endfacet
  facet normal 1 0 0
    outer loop
      vertex -47.25 0 -9.4
      vertex -47.25 1.5 -9.4
      vertex -47.25 15.25 -0.75
    endloop
  endfacet
  facet normal 1 0 0
    outer loop
      vertex -47.25 0 -9.4
      vertex -47.25 15.25 -0.75
      vertex -47.25 3.5 -2.75
    endloop
  endfacet
  facet normal 1 0 0
    outer loop
      vertex -47.25 1.5 -9.4
      vertex -47.25 15.25 -14.116666666666667
      vertex -47.25 15.25 -0.75
    endloop
  endfacet
  facet normal -1 0 0
    outer loop
      vertex -48 1.5 -12.9
      vertex -48 15.25 21.55
      vertex -48 15.25 -21.55
    endloop
  endfacet
  facet normal 0 1 0
    outer loop
      vertex -48 15.25 -21.55
      vertex -48 15.25 21.55
      vertex -47.25 15.25 -21.55
    endloop
  endfacet
  facet normal 0 1 0
    outer loop
      vertex -47.25 15.25 -21.55
      vertex -48 15.25 21.55
      vertex -47.25 15.25 -15.616666666666667
    endloop
  endfacet
  facet normal 0 1 0
    outer loop
      vertex -47.25 15.25 -15.616666666666667
      vertex -48 15.25 21.55
      vertex -47.25 15.25 -14.116666666666667
    endloop
  endfacet
  facet normal -1 0 0
    outer loop
      vertex -48 -12.25 -21.55
      vertex -48 1.5 9.4
      vertex -48 15.25 21.55
    endloop
  endfacet
  facet normal -1 0 0
    outer loop
      vertex -48 0 -9.4
      vertex -48 15.25 21.55
      vertex -48 1.5 -9.4
    endloop
  endfacet
  facet normal 1 0 0
    outer loop
      vertex -47.25 15.25 -0.75
      vertex -47.25 3.5 -0.75
      vertex -47.25 3.5 -2.75
    endloop
  endfacet
  facet normal -1 0 0
    outer loop
      vertex -48 1.5 -12.9
      vertex -48 1.5 -9.4
      vertex -48 15.25 21.55
    endloop
  endfacet
  facet normal 1 0 0
    outer loop
      vertex -47.25 15.25 0.75
      vertex -47.25 3.5 2.75
      vertex -47.25 3.5 0.75
    endloop
  endfacet
  facet normal 1 0 0
    outer loop
      vertex -47.25 0 9.4
      vertex -47.25 3.5 2.75
      vertex -47.25 15.25 0.75
    endloop
  endfacet
  facet normal 1 0 0
    outer loop
      vertex -47.25 0 9.4
      vertex -47.25 2 2.75
      vertex -47.25 3.5 2.75
    endloop
  endfacet
  facet normal 1 0 0
    outer loop
      vertex -47.25 0 9.4
      vertex -47.25 15.25 0.75
      vertex -47.25 1.5 9.4
    endloop
  endfacet
  facet normal 1 0 0
    outer loop
      vertex -47.25 1.5 9.4
      vertex -47.25 15.25 0.75
      vertex -47.25 1.5 12.9
    endloop
  endfacet
  facet normal 0 1 0
    outer loop
      vertex -47.25 15.25 -14.116666666666667
      vertex -48 15.25 21.55
      vertex -47.25 15.25 -0.75
    endloop
  endfacet
  facet normal 1 0 0
    outer loop
      vertex -47.25 15.25 0.75
      vertex -47.25 15.25 14.116666666666664
      vertex -47.25 1.5 12.9
    endloop
  endfacet
  facet normal 0 1 0
    outer loop
      vertex -47.25 15.25 -0.75
      vertex -48 15.25 21.55
      vertex -47.25 15.25 0.75
    endloop
  endfacet
  facet normal 1 0 0
    outer loop
      vertex -47.25 0 9.4
      vertex -47.25 0 12.9
      vertex -47.25 -12.25 14.116666666666664
    endloop
  endfacet
  facet normal 1 0 0
    outer loop
      vertex -47.25 -12.25 15.616666666666664
      vertex -47.25 15.25 21.55
      vertex -47.25 -12.25 21.55
    endloop
  endfacet
  facet normal 1 0 0
    outer loop
      vertex -47.25 -12.25 14.116666666666664
      vertex -47.25 0 12.9
      vertex -47.25 15.25 14.116666666666664
    endloop
  endfacet
  facet normal 1 0 0
    outer loop
      vertex -47.25 0 12.9
      vertex -47.25 1.5 12.9
      vertex -47.25 15.25 14.116666666666664
    endloop
  endfacet
  facet normal -1 0 0
    outer loop
      vertex -48 0 12.9
      vertex -48 15.25 21.55
      vertex -48 1.5 12.9
    endloop
  endfacet
  facet normal -1 0 0
    outer loop
      vertex -48 1.5 9.4
      vertex -48 1.5 12.9
      vertex -48 15.25 21.55
    endloop
  endfacet
  facet normal -1 0 0
    outer loop
      vertex -48 -12.25 21.55
      vertex -48 15.25 21.55
      vertex -48 0 12.9
    endloop
  endfacet
  facet normal 1 0 0
    outer loop
      vertex -47.25 -12.25 15.616666666666664
      vertex -47.25 15.25 15.616666666666664
      vertex -47.25 15.25 21.55
    endloop
  endfacet
  facet normal 0 1 0
    outer loop
      vertex -47.25 15.25 0.75
      vertex -48 15.25 21.55
      vertex -47.25 15.25 14.116666666666664
    endloop
  endfacet
  facet normal 0 1 0
    outer loop
      vertex -47.25 15.25 14.116666666666664
      vertex -48 15.25 21.55
      vertex -47.25 15.25 15.616666666666664
    endloop
  endfacet
  facet normal 0 1 0
    outer loop
      vertex -47.25 15.25 15.616666666666664
      vertex -48 15.25 21.55
      vertex -47.25 15.25 21.55
    endloop
  endfacet
  facet normal -1 0 0
    outer loop
      vertex -48 28.25 21.55
      vertex -48 29.75 22.3
      vertex -48 29.75 21.55
    endloop
  endfacet
  facet normal -1 0 0
    outer loop
      vertex -48 28.25 21.55
      vertex -48 29.75 23.675
      vertex -48 29.75 22.3
    endloop
  endfacet
  facet normal 0 0 -1
    outer loop
      vertex -45.875 28.25 20.175
      vertex -45.875 29 20.175
      vertex -44.5 29 20.175
    endloop
  endfacet
  facet normal 0 1 0
    outer loop
      vertex -48 29.75 23.675
      vertex -44.5 29.75 22.3
      vertex -48 29.75 22.3
    endloop
  endfacet
  facet normal 0 1 0
    outer loop
      vertex -48 29.75 23.675
      vertex -3 29.75 21.55
      vertex -44.5 29.75 22.3
    endloop
  endfacet
  facet normal -1 0 0
    outer loop
      vertex -48 28.25 21.55
      vertex -48 28.25 23.675
      vertex -48 29.75 23.675
    endloop
  endfacet
  facet normal 0 1 0
    outer loop
      vertex -3 29.75 20.175
      vertex -44.5 29.75 20.175
      vertex -44.5 29.75 22.3
    endloop
  endfacet
  facet normal 0 0 -1
    outer loop
      vertex -3 29.25 20.175
      vertex -44.5 29.75 20.175
      vertex -3 29.75 20.175
    endloop
  endfacet
  facet normal 0 -1 0
    outer loop
      vertex -48 28.25 20.175
      vertex 48 28.25 23.675
      vertex -48 28.25 21.55
    endloop
  endfacet
  facet normal 0 0 -1
    outer loop
      vertex -45.875 28.25 20.175
      vertex -44.5 29 20.175
      vertex 45.875 28.25 20.175
    endloop
  endfacet
  facet normal 0 -1 0
    outer loop
      vertex -48 28.25 20.175
      vertex -45.875 28.25 20.175
      vertex 48 28.25 23.675
    endloop
  endfacet
  facet normal 0 0 -1
    outer loop
      vertex 45.875 28.25 20.175
      vertex -44.5 29 20.175
      vertex -44.5 29.75 20.175
    endloop
  endfacet
  facet normal 0 1 0
    outer loop
      vertex -3 29.75 20.175
      vertex -44.5 29.75 22.3
      vertex -3 29.75 21.55
    endloop
  endfacet
  facet normal 0 1 0
    outer loop
      vertex -48 29.75 23.675
      vertex 3 29.75 21.55
      vertex -3 29.75 21.55
    endloop
  endfacet
  facet normal 0 -1 0
    outer loop
      vertex -48 28.25 21.55
      vertex 48 28.25 23.675
      vertex -48 28.25 23.675
    endloop
  endfacet
  facet normal 0 0 1
    outer loop
      vertex -48 28.25 23.675
      vertex 48 28.25 23.675
      vertex -48 29.75 23.675
    endloop
  endfacet
  facet normal 0 0 -1
    outer loop
      vertex -3 29.25 20.175
      vertex 45.875 28.25 20.175
      vertex -44.5 29.75 20.175
    endloop
  endfacet
  facet normal 0 1 0
    outer loop
      vertex -48 29.75 23.675
      vertex 44.5 29.75 20.175
      vertex 3 29.75 21.55
    endloop
  endfacet
  facet normal 0 1 0
    outer loop
      vertex -48 29.75 23.675
      vertex 44.5 29.75 22.3
      vertex 44.5 29.75 20.175
    endloop
  endfacet
  facet normal 0 0 -1
    outer loop
      vertex -3 29.25 20.175
      vertex 3 29.25 20.175
      vertex 45.875 28.25 20.175
    endloop
  endfacet
  facet normal 0 -1 0
    outer loop
      vertex -45.875 28.25 20.175
      vertex 45.875 28.25 20.175
      vertex 48 28.25 23.675
    endloop
  endfacet
  facet normal 0 0 -1
    outer loop
      vertex 3 29.25 20.175
      vertex 3 29.75 20.175
      vertex 45.875 28.25 20.175
    endloop
  endfacet
  facet normal 0 1 0
    outer loop
      vertex 3 29.75 20.175
      vertex 3 29.75 21.55
      vertex 44.5 29.75 20.175
    endloop
  endfacet
  facet normal 0 0 1
    outer loop
      vertex -48 29.75 23.675
      vertex 48 28.25 23.675
      vertex 48 29.75 23.675
    endloop
  endfacet
  facet normal 0 1 0
    outer loop
      vertex -48 29.75 23.675
      vertex 48 29.75 23.675
      vertex 44.5 29.75 22.3
    endloop
  endfacet
  facet normal 0 0 -1
    outer loop
      vertex 3 29.75 20.175
      vertex 44.5 29.75 20.175
      vertex 44.5 29 20.175
    endloop
  endfacet
  facet normal 0 0 -1
    outer loop
      vertex 3 29.75 20.175
      vertex 44.5 29 20.175
      vertex 45.875 28.25 20.175
    endloop
  endfacet
  facet normal 0 0 -1
    outer loop
      vertex 45.875 28.25 20.175
      vertex 44.5 29 20.175
      vertex 45.875 29 20.175
    endloop
  endfacet
  facet normal 0 -1 0
    outer loop
      vertex 45.875 28.25 20.175
      vertex 48 28.25 20.175
      vertex 48 28.25 21.55
    endloop
  endfacet
  facet normal 0 -1 0
    outer loop
      vertex 45.875 28.25 20.175
      vertex 48 28.25 21.55
      vertex 48 28.25 23.675
    endloop
  endfacet
  facet normal 1 0 0
    outer loop
      vertex 48 28.25 21.55
      vertex 48 29.75 21.55
      vertex 48 28.25 23.675
    endloop
  endfacet
  facet normal 1 0 0
    outer loop
      vertex 48 28.25 23.675
      vertex 48 29.75 21.55
      vertex 48 29.75 22.3
    endloop
  endfacet
  facet normal 0 1 0
    outer loop
      vertex 48 29.75 23.675
      vertex 48 29.75 22.3
      vertex 44.5 29.75 22.3
    endloop
  endfacet
  facet normal 1 0 0
    outer loop
      vertex 48 29.75 22.3
      vertex 48 29.75 23.675
      vertex 48 28.25 23.675
    endloop
  endfacet
  facet normal -1 0 0
    outer loop
      vertex -48 28.25 -23.675
      vertex -48 29.40432914190873 -22.030969883127824
      vertex -48 29.75 -23.675
    endloop
  endfacet
  facet normal -1 0 0
    outer loop
      vertex -48 28.25 -23.675
      vertex -48 28.25 -21.55
      vertex -48 29.306747386659314 -21.958598321040913
    endloop
  endfacet
  facet normal -1 0 0
    outer loop
      vertex -48 28.25 -23.675
      vertex -48 29.306747386659314 -21.958598321040913
      vertex -48 29.32322330470336 -21.97677669529664
    endloop
  endfacet
  facet normal -1 0 0
    outer loop
      vertex -48 28.25 -23.675
      vertex -48 29.32322330470336 -21.97677669529664
      vertex -48 29.341401678959087 -21.993252613340687
    endloop
  endfacet
  facet normal -1 0 0
    outer loop
      vertex -48 28.25 -23.675
      vertex -48 29.341401678959087 -21.993252613340687
      vertex -48 29.361107441745098 -22.007867403075636
    endloop
  endfacet
  facet normal -1 0 0
    outer loop
      vertex -48 28.25 -23.675
      vertex -48 29.3821508157935 -22.020480316087088
      vertex -48 29.40432914190873 -22.030969883127824
    endloop
  endfacet
  facet normal -1 0 0
    outer loop
      vertex -48 28.25 -23.675
      vertex -48 29.361107441745098 -22.007867403075636
      vertex -48 29.3821508157935 -22.020480316087088
    endloop
  endfacet
  facet normal -1 0 0
    outer loop
      vertex -48 29.75 -23.675
      vertex -48 29.40432914190873 -22.030969883127824
      vertex -48 29.427428830686384 -22.039235083933054
    endloop
  endfacet
  facet normal -1 0 0
    outer loop
      vertex -48 29.75 -23.675
      vertex -48 29.427428830686384 -22.039235083933054
      vertex -48 29.451227419495968 -22.045196320100807
    endloop
  endfacet
  facet normal -1 0 0
    outer loop
      vertex -48 29.75 -23.675
      vertex -48 29.451227419495968 -22.045196320100807
      vertex -48 29.47549571491761 -22.04879618166805
    endloop
  endfacet
  facet normal -1 0 0
    outer loop
      vertex -48 29.75 -23.675
      vertex -48 29.47549571491761 -22.04879618166805
      vertex -48 29.5 -22.05
    endloop
  endfacet
  facet normal -1 0 0
    outer loop
      vertex -48 29.75 -23.675
      vertex -48 29.5 -22.05
      vertex -48 29.52450428508239 -22.04879618166805
    endloop
  endfacet
  facet normal -1 0 0
    outer loop
      vertex -48 29.75 -23.675
      vertex -48 29.52450428508239 -22.04879618166805
      vertex -48 29.548772580504032 -22.045196320100807
    endloop
  endfacet
  facet normal -1 0 0
    outer loop
      vertex -48 29.75 -23.675
      vertex -48 29.548772580504032 -22.045196320100807
      vertex -48 29.572571169313616 -22.039235083933054
    endloop
  endfacet
  facet normal -1 0 0
    outer loop
      vertex -48 29.75 -23.675
      vertex -48 29.572571169313616 -22.039235083933054
      vertex -48 29.59567085809127 -22.030969883127824
    endloop
  endfacet
  facet normal 0 -1 0
    outer loop
      vertex -48 28.25 -21.55
      vertex -45.875 28.25 -20.175
      vertex -48 28.25 -20.175
    endloop
  endfacet
  facet normal -1 0 0
    outer loop
      vertex -48 28.25 -21.55
      vertex -48 29.269030116872177 -21.895670858091272
      vertex -48 29.279519683912913 -21.9178491842065
    endloop
  endfacet
  facet normal -1 0 0
    outer loop
      vertex -48 28.25 -21.55
      vertex -48 29.260764916066947 -21.872571169313616
      vertex -48 29.269030116872177 -21.895670858091272
    endloop
  endfacet
  facet normal -1 0 0
    outer loop
      vertex -48 28.25 -21.55
      vertex -48 29.254803679899194 -21.848772580504033
      vertex -48 29.260764916066947 -21.872571169313616
    endloop
  endfacet
  facet normal -1 0 0
    outer loop
      vertex -48 28.25 -21.55
      vertex -48 29.251203818331952 -21.82450428508239
      vertex -48 29.254803679899194 -21.848772580504033
    endloop
  endfacet
  facet normal -1 0 0
    outer loop
      vertex -48 28.25 -21.55
      vertex -48 29.292132596924365 -21.938892558254903
      vertex -48 29.306747386659314 -21.958598321040913
    endloop
  endfacet
  facet normal -1 0 0
    outer loop
      vertex -48 28.25 -21.55
      vertex -48 29.279519683912913 -21.9178491842065
      vertex -48 29.292132596924365 -21.938892558254903
    endloop
  endfacet
  facet normal -1 0 0
    outer loop
      vertex -48 28.25 -21.55
      vertex -48 29.25 -21.8
      vertex -48 29.251203818331952 -21.82450428508239
    endloop
  endfacet
  facet normal -1 0 0
    outer loop
      vertex -48 28.25 -21.55
      vertex -48 29.251203818331952 -21.77549571491761
      vertex -48 29.25 -21.8
    endloop
  endfacet
  facet normal -1 0 0
    outer loop
      vertex -48 28.25 -21.55
      vertex -48 29.254803679899194 -21.75122741949597
      vertex -48 29.251203818331952 -21.77549571491761
    endloop
  endfacet
  facet normal -1 0 0
    outer loop
      vertex -48 28.25 -21.55
      vertex -48 29.260764916066947 -21.727428830686385
      vertex -48 29.254803679899194 -21.75122741949597
    endloop
  endfacet
  facet normal -1 0 0
    outer loop
      vertex -48 28.25 -21.55
      vertex -48 29.269030116872177 -21.70432914190873
      vertex -48 29.260764916066947 -21.727428830686385
    endloop
  endfacet
  facet normal -1 0 0
    outer loop
      vertex -48 28.25 -21.55
      vertex -48 29.279519683912913 -21.682150815793502
      vertex -48 29.269030116872177 -21.70432914190873
    endloop
  endfacet
  facet normal -1 0 0
    outer loop
      vertex -48 28.25 -21.55
      vertex -48 29.292132596924365 -21.6611074417451
      vertex -48 29.279519683912913 -21.682150815793502
    endloop
  endfacet
  facet normal -1 0 0
    outer loop
      vertex -48 28.25 -21.55
      vertex -48 29.32322330470336 -21.623223304703362
      vertex -48 29.306747386659314 -21.641401678959088
    endloop
  endfacet
  facet normal -1 0 0
    outer loop
      vertex -48 28.25 -21.55
      vertex -48 29.306747386659314 -21.641401678959088
      vertex -48 29.292132596924365 -21.6611074417451
    endloop
  endfacet
  facet normal -1 0 0
    outer loop
      vertex -48 28.25 -21.55
      vertex -48 29.341401678959087 -21.606747386659315
      vertex -48 29.32322330470336 -21.623223304703362
    endloop
  endfacet
  facet normal -1 0 0
    outer loop
      vertex -48 28.25 -21.55
      vertex -48 29.361107441745098 -21.592132596924365
      vertex -48 29.341401678959087 -21.606747386659315
    endloop
  endfacet
  facet normal -1 0 0
    outer loop
      vertex -48 28.25 -21.55
      vertex -48 29.40432914190873 -21.569030116872177
      vertex -48 29.3821508157935 -21.579519683912913
    endloop
  endfacet
  facet normal -1 0 0
    outer loop
      vertex -48 28.25 -21.55
      vertex -48 29.3821508157935 -21.579519683912913
      vertex -48 29.361107441745098 -21.592132596924365
    endloop
  endfacet
  facet normal -1 0 0
    outer loop
      vertex -48 28.25 -21.55
      vertex -48 29.451227419495968 -21.554803679899194
      vertex -48 29.427428830686384 -21.560764916066947
    endloop
  endfacet
  facet normal -1 0 0
    outer loop
      vertex -48 28.25 -21.55
      vertex -48 29.427428830686384 -21.560764916066947
      vertex -48 29.40432914190873 -21.569030116872177
    endloop
  endfacet
  facet normal -1 0 0
    outer loop
      vertex -48 28.25 -21.55
      vertex -48 29.47549571491761 -21.551203818331953
      vertex -48 29.451227419495968 -21.554803679899194
    endloop
  endfacet
  facet normal -1 0 0
    outer loop
      vertex -48 28.25 -21.55
      vertex -48 29.5 -21.55
      vertex -48 29.47549571491761 -21.551203818331953
    endloop
  endfacet
  facet normal -1 0 0
    outer loop
      vertex -48 29.52450428508239 -21.551203818331953
      vertex -48 29.5 -21.55
      vertex -48 29.75 -21.55
    endloop
  endfacet
  facet normal -1 0 0
    outer loop
      vertex -48 29.52450428508239 -21.551203818331953
      vertex -48 29.75 -21.55
      vertex -48 29.548772580504032 -21.554803679899194
    endloop
  endfacet
  facet normal -1 0 0
    outer loop
      vertex -48 29.572571169313616 -21.560764916066947
      vertex -48 29.75 -21.55
      vertex -48 29.59567085809127 -21.569030116872177
    endloop
  endfacet
  facet normal -1 0 0
    outer loop
      vertex -48 29.548772580504032 -21.554803679899194
      vertex -48 29.75 -21.55
      vertex -48 29.572571169313616 -21.560764916066947
    endloop
  endfacet
  facet normal -1 0 0
    outer loop
      vertex -48 29.75 -23.675
      vertex -48 29.748796181668048 -21.82450428508239
      vertex -48 29.75 -22.3
    endloop
  endfacet
  facet normal -1 0 0
    outer loop
      vertex -48 29.75 -23.675
      vertex -48 29.59567085809127 -22.030969883127824
      vertex -48 29.6178491842065 -22.020480316087088
    endloop
  endfacet
  facet normal -1 0 0
    outer loop
      vertex -48 29.75 -23.675
      vertex -48 29.6178491842065 -22.020480316087088
      vertex -48 29.638892558254902 -22.007867403075636
    endloop
  endfacet
  facet normal -1 0 0
    outer loop
      vertex -48 29.75 -23.675
      vertex -48 29.658598321040913 -21.993252613340687
      vertex -48 29.67677669529664 -21.97677669529664
    endloop
  endfacet
  facet normal -1 0 0
    outer loop
      vertex -48 29.75 -23.675
      vertex -48 29.638892558254902 -22.007867403075636
      vertex -48 29.658598321040913 -21.993252613340687
    endloop
  endfacet
  facet normal -1 0 0
    outer loop
      vertex -48 29.75 -23.675
      vertex -48 29.693252613340686 -21.958598321040913
      vertex -48 29.707867403075635 -21.938892558254903
    endloop
  endfacet
  facet normal -1 0 0
    outer loop
      vertex -48 29.75 -23.675
      vertex -48 29.67677669529664 -21.97677669529664
      vertex -48 29.693252613340686 -21.958598321040913
    endloop
  endfacet
  facet normal -1 0 0
    outer loop
      vertex -48 29.75 -23.675
      vertex -48 29.707867403075635 -21.938892558254903
      vertex -48 29.720480316087087 -21.9178491842065
    endloop
  endfacet
  facet normal -1 0 0
    outer loop
      vertex -48 29.75 -23.675
      vertex -48 29.730969883127823 -21.895670858091272
      vertex -48 29.739235083933053 -21.872571169313616
    endloop
  endfacet
  facet normal -1 0 0
    outer loop
      vertex -48 29.75 -23.675
      vertex -48 29.720480316087087 -21.9178491842065
      vertex -48 29.730969883127823 -21.895670858091272
    endloop
  endfacet
  facet normal -1 0 0
    outer loop
      vertex -48 29.75 -23.675
      vertex -48 29.745196320100806 -21.848772580504033
      vertex -48 29.748796181668048 -21.82450428508239
    endloop
  endfacet
  facet normal -1 0 0
    outer loop
      vertex -48 29.75 -23.675
      vertex -48 29.739235083933053 -21.872571169313616
      vertex -48 29.745196320100806 -21.848772580504033
    endloop
  endfacet
  facet normal -1 0 0
    outer loop
      vertex -48 29.748796181668048 -21.82450428508239
      vertex -48 29.75 -21.8
      vertex -48 29.75 -22.3
    endloop
  endfacet
  facet normal -1 0 0
    outer loop
      vertex -48 29.745196320100806 -21.75122741949597
      vertex -48 29.75 -21.55
      vertex -48 29.748796181668048 -21.77549571491761
    endloop
  endfacet
  facet normal -1 0 0
    outer loop
      vertex -48 29.720480316087087 -21.682150815793502
      vertex -48 29.75 -21.55
      vertex -48 29.730969883127823 -21.70432914190873
    endloop
  endfacet
  facet normal -1 0 0
    outer loop
      vertex -48 29.739235083933053 -21.727428830686385
      vertex -48 29.730969883127823 -21.70432914190873
      vertex -48 29.75 -21.55
    endloop
  endfacet
  facet normal -1 0 0
    outer loop
      vertex -48 29.745196320100806 -21.75122741949597
      vertex -48 29.739235083933053 -21.727428830686385
      vertex -48 29.75 -21.55
    endloop
  endfacet
  facet normal -1 0 0
    outer loop
      vertex -48 29.75 -21.8
      vertex -48 29.748796181668048 -21.77549571491761
      vertex -48 29.75 -21.55
    endloop
  endfacet
  facet normal -1 0 0
    outer loop
      vertex -48 29.720480316087087 -21.682150815793502
      vertex -48 29.707867403075635 -21.6611074417451
      vertex -48 29.75 -21.55
    endloop
  endfacet
  facet normal -1 0 0
    outer loop
      vertex -48 29.59567085809127 -21.569030116872177
      vertex -48 29.75 -21.55
      vertex -48 29.6178491842065 -21.579519683912913
    endloop
  endfacet
  facet normal -1 0 0
    outer loop
      vertex -48 29.658598321040913 -21.606747386659315
      vertex -48 29.75 -21.55
      vertex -48 29.67677669529664 -21.623223304703362
    endloop
  endfacet
  facet normal -1 0 0
    outer loop
      vertex -48 29.658598321040913 -21.606747386659315
      vertex -48 29.638892558254902 -21.592132596924365
      vertex -48 29.75 -21.55
    endloop
  endfacet
  facet normal -1 0 0
    outer loop
      vertex -48 29.6178491842065 -21.579519683912913
      vertex -48 29.75 -21.55
      vertex -48 29.638892558254902 -21.592132596924365
    endloop
  endfacet
  facet normal -1 0 0
    outer loop
      vertex -48 29.693252613340686 -21.641401678959088
      vertex -48 29.67677669529664 -21.623223304703362
      vertex -48 29.75 -21.55
    endloop
  endfacet
  facet normal -1 0 0
    outer loop
      vertex -48 29.693252613340686 -21.641401678959088
      vertex -48 29.75 -21.55
      vertex -48 29.707867403075635 -21.6611074417451
    endloop
  endfacet
  facet normal 0 1 0
    outer loop
      vertex -48 29.75 -23.675
      vertex -48 29.75 -22.3
      vertex -44.5 29.75 -22.3
    endloop
  endfacet
  facet normal 0 -1 0
    outer loop
      vertex -48 28.25 -23.675
      vertex -35 28.25 -22
      vertex -48 28.25 -21.55
    endloop
  endfacet
  facet normal 0 1 0
    outer loop
      vertex -48 29.75 -23.675
      vertex -44.5 29.75 -22.3
      vertex -35 29.75 -22
    endloop
  endfacet
  facet normal 0 1 0
    outer loop
      vertex -35 29.75 -22
      vertex -44.5 29.75 -22.3
      vertex -44.5 29.75 -20.175
    endloop
  endfacet
  facet normal 0 0 1
    outer loop
      vertex -45.875 28.25 -20.175
      vertex -44.5 29 -20.175
      vertex -45.875 29 -20.175
    endloop
  endfacet
  facet normal 0 -1 0
    outer loop
      vertex -48 28.25 -21.55
      vertex -35 28.25 -22
      vertex -35 28.25 -21.6
    endloop
  endfacet
  facet normal 0 -1 0
    outer loop
      vertex -48 28.25 -23.675
      vertex -31 28.25 -22
      vertex -35 28.25 -22
    endloop
  endfacet
  facet normal 0 1 0
    outer loop
      vertex -35 29.75 -22
      vertex -44.5 29.75 -20.175
      vertex -35 29.75 -21.6
    endloop
  endfacet
  facet normal 0 1 0
    outer loop
      vertex -48 29.75 -23.675
      vertex -35 29.75 -22
      vertex -31 29.75 -22
    endloop
  endfacet
  facet normal 0 1 0
    outer loop
      vertex -35 29.75 -21.6
      vertex -44.5 29.75 -20.175
      vertex -31 29.75 -21.6
    endloop
  endfacet
  facet normal 0 -1 0
    outer loop
      vertex -48 28.25 -23.675
      vertex -13 28.25 -22
      vertex -31 28.25 -22
    endloop
  endfacet
  facet normal 0 1 0
    outer loop
      vertex -31 29.75 -21.6
      vertex -44.5 29.75 -20.175
      vertex -13 29.75 -21.6
    endloop
  endfacet
  facet normal 0 -1 0
    outer loop
      vertex -48 28.25 -23.675
      vertex -9 28.25 -22
      vertex -13 28.25 -22
    endloop
  endfacet
  facet normal 0 1 0
    outer loop
      vertex -31 29.75 -22
      vertex -31 29.75 -21.6
      vertex -13 29.75 -21.6
    endloop
  endfacet
  facet normal 0 1 0
    outer loop
      vertex -13 29.75 -21.6
      vertex -44.5 29.75 -20.175
      vertex -9 29.75 -21.6
    endloop
  endfacet
  facet normal 0 -1 0
    outer loop
      vertex -31 28.25 -22
      vertex -13 28.25 -22
      vertex -13 28.25 -21.6
    endloop
  endfacet
  facet normal 0 1 0
    outer loop
      vertex -31 29.75 -22
      vertex -13 29.75 -21.6
      vertex -13 29.75 -22
    endloop
  endfacet
  facet normal 0 1 0
    outer loop
      vertex -9 29.75 -21.6
      vertex -44.5 29.75 -20.175
      vertex -2.290178571428532 29.75 -21.8
    endloop
  endfacet
  facet normal 0 0 -1
    outer loop
      vertex -48 28.25 -23.675
      vertex -48 29.75 -23.675
      vertex 48 29.75 -23.675
    endloop
  endfacet
  facet normal 0 -1 0
    outer loop
      vertex -48 28.25 -21.55
      vertex 45.875 28.25 -20.175
      vertex -45.875 28.25 -20.175
    endloop
  endfacet
  facet normal 0 0 1
    outer loop
      vertex -45.875 28.25 -20.175
      vertex 44.5 29.75 -20.175
      vertex -44.5 29 -20.175
    endloop
  endfacet
  facet normal 0 0 1
    outer loop
      vertex 44.5 29.75 -20.175
      vertex -44.5 29.75 -20.175
      vertex -44.5 29 -20.175
    endloop
  endfacet
  facet normal 0 -1 0
    outer loop
      vertex -48 28.25 -21.55
      vertex -35 28.25 -21.6
      vertex 48 28.25 -20.175
    endloop
  endfacet
  facet normal 0 -1 0
    outer loop
      vertex -48 28.25 -23.675
      vertex 9 28.25 -22
      vertex 9 28.25 -21.6
    endloop
  endfacet
  facet normal 0 -1 0
    outer loop
      vertex -48 28.25 -23.675
      vertex 13 28.25 -22
      vertex 9 28.25 -22
    endloop
  endfacet
  facet normal 0 1 0
    outer loop
      vertex -48 29.75 -23.675
      vertex -31 29.75 -22
      vertex 48 29.75 -23.675
    endloop
  endfacet
  facet normal 0 -1 0
    outer loop
      vertex -35 28.25 -21.6
      vertex -31 28.25 -21.6
      vertex 48 28.25 -20.175
    endloop
  endfacet
  facet normal 0 -1 0
    outer loop
      vertex -31 28.25 -22
      vertex 48 28.25 -20.175
      vertex -31 28.25 -21.6
    endloop
  endfacet
  facet normal 0 1 0
    outer loop
      vertex -9 29.75 -21.8
      vertex -9 29.75 -21.6
      vertex -2.290178571428532 29.75 -21.8
    endloop
  endfacet
  facet normal 0 -1 0
    outer loop
      vertex -48 28.25 -23.675
      vertex 48 28.25 -20.175
      vertex -9 28.25 -22
    endloop
  endfacet
  facet normal 0 -1 0
    outer loop
      vertex -48 28.25 -23.675
      vertex 31 28.25 -21.6
      vertex 13 28.25 -22
    endloop
  endfacet
  facet normal 0 1 0
    outer loop
      vertex -9 29.75 -21.8
      vertex -2.290178571428532 29.75 -21.8
      vertex 9 29.75 -22
    endloop
  endfacet
  facet normal 0 1 0
    outer loop
      vertex -2.290178571428532 29.75 -21.8
      vertex -44.5 29.75 -20.175
      vertex 44.5 29.75 -20.175
    endloop
  endfacet
  facet normal 0 -1 0
    outer loop
      vertex -31 28.25 -22
      vertex -13 28.25 -21.6
      vertex 48 28.25 -20.175
    endloop
  endfacet
  facet normal 0 -1 0
    outer loop
      vertex -48 28.25 -23.675
      vertex 31 28.25 -22
      vertex 31 28.25 -21.6
    endloop
  endfacet
  facet normal 0 -1 0
    outer loop
      vertex -48 28.25 -23.675
      vertex 9 28.25 -21.6
      vertex 48 28.25 -20.175
    endloop
  endfacet
  facet normal 0 1 0
    outer loop
      vertex -31 29.75 -22
      vertex -13 29.75 -22
      vertex 48 29.75 -23.675
    endloop
  endfacet
  facet normal 0 -1 0
    outer loop
      vertex -48 28.25 -23.675
      vertex 35 28.25 -22
      vertex 31 28.25 -22
    endloop
  endfacet
  facet normal 0 -1 0
    outer loop
      vertex -13 28.25 -21.6
      vertex -9 28.25 -21.6
      vertex 48 28.25 -20.175
    endloop
  endfacet
  facet normal 0 1 0
    outer loop
      vertex -2.290178571428532 29.75 -21.8
      vertex 9 29.75 -21.8
      vertex 9 29.75 -22
    endloop
  endfacet
  facet normal 0 1 0
    outer loop
      vertex -2.290178571428532 29.75 -21.8
      vertex 9 29.75 -21.6
      vertex 9 29.75 -21.8
    endloop
  endfacet
  facet normal 0 1 0
    outer loop
      vertex -13 29.75 -22
      vertex -9 29.75 -22
      vertex 48 29.75 -23.675
    endloop
  endfacet
  facet normal 0 -1 0
    outer loop
      vertex -48 28.25 -23.675
      vertex 48 28.25 -23.675
      vertex 35 28.25 -22
    endloop
  endfacet
  facet normal 0 -1 0
    outer loop
      vertex -9 28.25 -22
      vertex 48 28.25 -20.175
      vertex -9 28.25 -21.6
    endloop
  endfacet
  facet normal 0 1 0
    outer loop
      vertex -9 29.75 -22
      vertex -9 29.75 -21.8
      vertex 48 29.75 -23.675
    endloop
  endfacet
  facet normal 0 0 -1
    outer loop
      vertex -48 28.25 -23.675
      vertex 48 29.75 -23.675
      vertex 48 28.25 -23.675
    endloop
  endfacet
  facet normal 0 -1 0
    outer loop
      vertex -48 28.25 -21.55
      vertex 48 28.25 -20.175
      vertex 45.875 28.25 -20.175
    endloop
  endfacet
  facet normal 0 1 0
    outer loop
      vertex -9 29.75 -21.8
      vertex 9 29.75 -22
      vertex 48 29.75 -23.675
    endloop
  endfacet
  facet normal 0 1 0
    outer loop
      vertex -2.290178571428532 29.75 -21.8
      vertex 44.5 29.75 -20.175
      vertex 9 29.75 -21.6
    endloop
  endfacet
  facet normal 0 -1 0
    outer loop
      vertex 13 28.25 -22
      vertex 31 28.25 -21.6
      vertex 13 28.25 -21.6
    endloop
  endfacet
  facet normal 0 1 0
    outer loop
      vertex 13 29.75 -22
      vertex 13 29.75 -21.6
      vertex 31 29.75 -21.6
    endloop
  endfacet
  facet normal 0 1 0
    outer loop
      vertex 9 29.75 -21.6
      vertex 44.5 29.75 -20.175
      vertex 13 29.75 -21.6
    endloop
  endfacet
  facet normal 0 0 1
    outer loop
      vertex -45.875 28.25 -20.175
      vertex 45.875 28.25 -20.175
      vertex 44.5 29 -20.175
    endloop
  endfacet
  facet normal 0 0 1
    outer loop
      vertex -45.875 28.25 -20.175
      vertex 44.5 29 -20.175
      vertex 44.5 29.75 -20.175
    endloop
  endfacet
  facet normal 0 -1 0
    outer loop
      vertex 9 28.25 -21.6
      vertex 13 28.25 -21.6
      vertex 48 28.25 -20.175
    endloop
  endfacet
  facet normal 0 1 0
    outer loop
      vertex 9 29.75 -22
      vertex 13 29.75 -22
      vertex 48 29.75 -23.675
    endloop
  endfacet
  facet normal 0 1 0
    outer loop
      vertex 13 29.75 -22
      vertex 31 29.75 -21.6
      vertex 31 29.75 -22
    endloop
  endfacet
  facet normal 0 -1 0
    outer loop
      vertex 13 28.25 -21.6
      vertex 31 28.25 -21.6
      vertex 48 28.25 -20.175
    endloop
  endfacet
  facet normal 0 1 0
    outer loop
      vertex 13 29.75 -21.6
      vertex 44.5 29.75 -20.175
      vertex 31 29.75 -21.6
    endloop
  endfacet
  facet normal 0 1 0
    outer loop
      vertex 13 29.75 -22
      vertex 31 29.75 -22
      vertex 48 29.75 -23.675
    endloop
  endfacet
  facet normal 0 1 0
    outer loop
      vertex 31 29.75 -21.6
      vertex 44.5 29.75 -20.175
      vertex 35 29.75 -21.6
    endloop
  endfacet
  facet normal 0 -1 0
    outer loop
      vertex 31 28.25 -21.6
      vertex 35 28.25 -21.6
      vertex 48 28.25 -20.175
    endloop
  endfacet
  facet normal 0 -1 0
    outer loop
      vertex 35 28.25 -22
      vertex 48 28.25 -23.675
      vertex 35 28.25 -21.6
    endloop
  endfacet
  facet normal 0 1 0
    outer loop
      vertex 31 29.75 -22
      vertex 35 29.75 -22
      vertex 48 29.75 -23.675
    endloop
  endfacet
  facet normal 0 1 0
    outer loop
      vertex 35 29.75 -22
      vertex 35 29.75 -21.6
      vertex 48 29.75 -23.675
    endloop
  endfacet
  facet normal 0 1 0
    outer loop
      vertex 35 29.75 -21.6
      vertex 44.5 29.75 -20.175
      vertex 44.5 29.75 -22.3
    endloop
  endfacet
  facet normal 0 -1 0
    outer loop
      vertex 35 28.25 -21.6
      vertex 48 28.25 -23.675
      vertex 48 28.25 -21.55
    endloop
  endfacet
  facet normal 0 -1 0
    outer loop
      vertex 35 28.25 -21.6
      vertex 48 28.25 -21.55
      vertex 48 28.25 -20.175
    endloop
  endfacet
  facet normal 0 1 0
    outer loop
      vertex 35 29.75 -21.6
      vertex 44.5 29.75 -22.3
      vertex 48 29.75 -23.675
    endloop
  endfacet
  facet normal 1 0 0
    outer loop
      vertex 48 28.25 -23.675
      vertex 48 29.75 -23.675
      vertex 48 28.25 -21.55
    endloop
  endfacet
  facet normal 1 0 0
    outer loop
      vertex 48 28.25 -21.55
      vertex 48 29.75 -23.675
      vertex 48 29.260764916066947 -21.872571169313616
    endloop
  endfacet
  facet normal 1 0 0
    outer loop
      vertex 48 29.75 -23.675
      vertex 48 29.292132596924365 -21.938892558254903
      vertex 48 29.279519683912913 -21.9178491842065
    endloop
  endfacet
  facet normal 1 0 0
    outer loop
      vertex 48 29.75 -23.675
      vertex 48 29.306747386659314 -21.958598321040913
      vertex 48 29.292132596924365 -21.938892558254903
    endloop
  endfacet
  facet normal 1 0 0
    outer loop
      vertex 48 29.75 -23.675
      vertex 48 29.32322330470336 -21.97677669529664
      vertex 48 29.306747386659314 -21.958598321040913
    endloop
  endfacet
  facet normal 1 0 0
    outer loop
      vertex 48 29.75 -23.675
      vertex 48 29.341401678959087 -21.993252613340687
      vertex 48 29.32322330470336 -21.97677669529664
    endloop
  endfacet
  facet normal 1 0 0
    outer loop
      vertex 48 29.75 -23.675
      vertex 48 29.361107441745098 -22.007867403075636
      vertex 48 29.341401678959087 -21.993252613340687
    endloop
  endfacet
  facet normal 1 0 0
    outer loop
      vertex 48 29.75 -23.675
      vertex 48 29.3821508157935 -22.020480316087088
      vertex 48 29.361107441745098 -22.007867403075636
    endloop
  endfacet
  facet normal 1 0 0
    outer loop
      vertex 48 29.75 -23.675
      vertex 48 29.40432914190873 -22.030969883127824
      vertex 48 29.3821508157935 -22.020480316087088
    endloop
  endfacet
  facet normal 1 0 0
    outer loop
      vertex 48 29.75 -23.675
      vertex 48 29.427428830686384 -22.039235083933054
      vertex 48 29.40432914190873 -22.030969883127824
    endloop
  endfacet
  facet normal 1 0 0
    outer loop
      vertex 48 29.75 -23.675
      vertex 48 29.451227419495968 -22.045196320100807
      vertex 48 29.427428830686384 -22.039235083933054
    endloop
  endfacet
  facet normal 1 0 0
    outer loop
      vertex 48 29.75 -23.675
      vertex 48 29.5 -22.05
      vertex 48 29.47549571491761 -22.04879618166805
    endloop
  endfacet
  facet normal 1 0 0
    outer loop
      vertex 48 29.75 -23.675
      vertex 48 29.47549571491761 -22.04879618166805
      vertex 48 29.451227419495968 -22.045196320100807
    endloop
  endfacet
  facet normal 1 0 0
    outer loop
      vertex 48 29.75 -23.675
      vertex 48 29.548772580504032 -22.045196320100807
      vertex 48 29.52450428508239 -22.04879618166805
    endloop
  endfacet
  facet normal 1 0 0
    outer loop
      vertex 48 29.75 -23.675
      vertex 48 29.52450428508239 -22.04879618166805
      vertex 48 29.5 -22.05
    endloop
  endfacet
  facet normal 1 0 0
    outer loop
      vertex 48 29.75 -23.675
      vertex 48 29.59567085809127 -22.030969883127824
      vertex 48 29.572571169313616 -22.039235083933054
    endloop
  endfacet
  facet normal 1 0 0
    outer loop
      vertex 48 29.75 -23.675
      vertex 48 29.572571169313616 -22.039235083933054
      vertex 48 29.548772580504032 -22.045196320100807
    endloop
  endfacet
  facet normal 1 0 0
    outer loop
      vertex 48 29.75 -23.675
      vertex 48 29.269030116872177 -21.895670858091272
      vertex 48 29.260764916066947 -21.872571169313616
    endloop
  endfacet
  facet normal 1 0 0
    outer loop
      vertex 48 29.75 -23.675
      vertex 48 29.279519683912913 -21.9178491842065
      vertex 48 29.269030116872177 -21.895670858091272
    endloop
  endfacet
  facet normal 1 0 0
    outer loop
      vertex 48 28.25 -21.55
      vertex 48 29.254803679899194 -21.848772580504033
      vertex 48 29.251203818331952 -21.82450428508239
    endloop
  endfacet
  facet normal 1 0 0
    outer loop
      vertex 48 28.25 -21.55
      vertex 48 29.260764916066947 -21.872571169313616
      vertex 48 29.254803679899194 -21.848772580504033
    endloop
  endfacet
  facet normal 1 0 0
    outer loop
      vertex 48 28.25 -21.55
      vertex 48 29.251203818331952 -21.77549571491761
      vertex 48 29.254803679899194 -21.75122741949597
    endloop
  endfacet
  facet normal 1 0 0
    outer loop
      vertex 48 28.25 -21.55
      vertex 48 29.25 -21.8
      vertex 48 29.251203818331952 -21.77549571491761
    endloop
  endfacet
  facet normal 1 0 0
    outer loop
      vertex 48 28.25 -21.55
      vertex 48 29.251203818331952 -21.82450428508239
      vertex 48 29.25 -21.8
    endloop
  endfacet
  facet normal 1 0 0
    outer loop
      vertex 48 28.25 -21.55
      vertex 48 29.269030116872177 -21.70432914190873
      vertex 48 29.279519683912913 -21.682150815793502
    endloop
  endfacet
  facet normal 1 0 0
    outer loop
      vertex 48 28.25 -21.55
      vertex 48 29.260764916066947 -21.727428830686385
      vertex 48 29.269030116872177 -21.70432914190873
    endloop
  endfacet
  facet normal 1 0 0
    outer loop
      vertex 48 28.25 -21.55
      vertex 48 29.254803679899194 -21.75122741949597
      vertex 48 29.260764916066947 -21.727428830686385
    endloop
  endfacet
  facet normal 1 0 0
    outer loop
      vertex 48 28.25 -21.55
      vertex 48 29.279519683912913 -21.682150815793502
      vertex 48 29.292132596924365 -21.6611074417451
    endloop
  endfacet
  facet normal 1 0 0
    outer loop
      vertex 48 28.25 -21.55
      vertex 48 29.306747386659314 -21.641401678959088
      vertex 48 29.32322330470336 -21.623223304703362
    endloop
  endfacet
  facet normal 1 0 0
    outer loop
      vertex 48 28.25 -21.55
      vertex 48 29.292132596924365 -21.6611074417451
      vertex 48 29.306747386659314 -21.641401678959088
    endloop
  endfacet
  facet normal 1 0 0
    outer loop
      vertex 48 28.25 -21.55
      vertex 48 29.32322330470336 -21.623223304703362
      vertex 48 29.341401678959087 -21.606747386659315
    endloop
  endfacet
  facet normal 1 0 0
    outer loop
      vertex 48 28.25 -21.55
      vertex 48 29.341401678959087 -21.606747386659315
      vertex 48 29.361107441745098 -21.592132596924365
    endloop
  endfacet
  facet normal 1 0 0
    outer loop
      vertex 48 28.25 -21.55
      vertex 48 29.3821508157935 -21.579519683912913
      vertex 48 29.40432914190873 -21.569030116872177
    endloop
  endfacet
  facet normal 1 0 0
    outer loop
      vertex 48 28.25 -21.55
      vertex 48 29.361107441745098 -21.592132596924365
      vertex 48 29.3821508157935 -21.579519683912913
    endloop
  endfacet
  facet normal 1 0 0
    outer loop
      vertex 48 28.25 -21.55
      vertex 48 29.427428830686384 -21.560764916066947
      vertex 48 29.451227419495968 -21.554803679899194
    endloop
  endfacet
  facet normal 1 0 0
    outer loop
      vertex 48 28.25 -21.55
      vertex 48 29.40432914190873 -21.569030116872177
      vertex 48 29.427428830686384 -21.560764916066947
    endloop
  endfacet
  facet normal 1 0 0
    outer loop
      vertex 48 28.25 -21.55
      vertex 48 29.451227419495968 -21.554803679899194
      vertex 48 29.47549571491761 -21.551203818331953
    endloop
  endfacet
  facet normal 1 0 0
    outer loop
      vertex 48 28.25 -21.55
      vertex 48 29.47549571491761 -21.551203818331953
      vertex 48 29.5 -21.55
    endloop
  endfacet
  facet normal 1 0 0
    outer loop
      vertex 48 29.52450428508239 -21.551203818331953
      vertex 48 29.75 -21.55
      vertex 48 29.5 -21.55
    endloop
  endfacet
  facet normal 1 0 0
    outer loop
      vertex 48 29.52450428508239 -21.551203818331953
      vertex 48 29.548772580504032 -21.554803679899194
      vertex 48 29.75 -21.55
    endloop
  endfacet
  facet normal 1 0 0
    outer loop
      vertex 48 29.572571169313616 -21.560764916066947
      vertex 48 29.59567085809127 -21.569030116872177
      vertex 48 29.75 -21.55
    endloop
  endfacet
  facet normal 1 0 0
    outer loop
      vertex 48 29.548772580504032 -21.554803679899194
      vertex 48 29.572571169313616 -21.560764916066947
      vertex 48 29.75 -21.55
    endloop
  endfacet
  facet normal 0 1 0
    outer loop
      vertex 48 29.75 -23.675
      vertex 44.5 29.75 -22.3
      vertex 48 29.75 -22.3
    endloop
  endfacet
  facet normal 1 0 0
    outer loop
      vertex 48 29.75 -23.675
      vertex 48 29.75 -22.3
      vertex 48 29.748796181668048 -21.82450428508239
    endloop
  endfacet
  facet normal 1 0 0
    outer loop
      vertex 48 29.75 -23.675
      vertex 48 29.6178491842065 -22.020480316087088
      vertex 48 29.59567085809127 -22.030969883127824
    endloop
  endfacet
  facet normal 1 0 0
    outer loop
      vertex 48 29.75 -23.675
      vertex 48 29.638892558254902 -22.007867403075636
      vertex 48 29.6178491842065 -22.020480316087088
    endloop
  endfacet
  facet normal 1 0 0
    outer loop
      vertex 48 29.75 -23.675
      vertex 48 29.67677669529664 -21.97677669529664
      vertex 48 29.658598321040913 -21.993252613340687
    endloop
  endfacet
  facet normal 1 0 0
    outer loop
      vertex 48 29.75 -23.675
      vertex 48 29.658598321040913 -21.993252613340687
      vertex 48 29.638892558254902 -22.007867403075636
    endloop
  endfacet
  facet normal 1 0 0
    outer loop
      vertex 48 29.75 -23.675
      vertex 48 29.707867403075635 -21.938892558254903
      vertex 48 29.693252613340686 -21.958598321040913
    endloop
  endfacet
  facet normal 1 0 0
    outer loop
      vertex 48 29.75 -23.675
      vertex 48 29.693252613340686 -21.958598321040913
      vertex 48 29.67677669529664 -21.97677669529664
    endloop
  endfacet
  facet normal 1 0 0
    outer loop
      vertex 48 29.75 -23.675
      vertex 48 29.720480316087087 -21.9178491842065
      vertex 48 29.707867403075635 -21.938892558254903
    endloop
  endfacet
  facet normal 1 0 0
    outer loop
      vertex 48 29.75 -23.675
      vertex 48 29.739235083933053 -21.872571169313616
      vertex 48 29.730969883127823 -21.895670858091272
    endloop
  endfacet
  facet normal 1 0 0
    outer loop
      vertex 48 29.75 -23.675
      vertex 48 29.730969883127823 -21.895670858091272
      vertex 48 29.720480316087087 -21.9178491842065
    endloop
  endfacet
  facet normal 1 0 0
    outer loop
      vertex 48 29.75 -23.675
      vertex 48 29.748796181668048 -21.82450428508239
      vertex 48 29.745196320100806 -21.848772580504033
    endloop
  endfacet
  facet normal 1 0 0
    outer loop
      vertex 48 29.75 -23.675
      vertex 48 29.745196320100806 -21.848772580504033
      vertex 48 29.739235083933053 -21.872571169313616
    endloop
  endfacet
  facet normal 1 0 0
    outer loop
      vertex 48 29.75 -22.3
      vertex 48 29.75 -21.8
      vertex 48 29.748796181668048 -21.82450428508239
    endloop
  endfacet
  facet normal 1 0 0
    outer loop
      vertex 48 29.745196320100806 -21.75122741949597
      vertex 48 29.748796181668048 -21.77549571491761
      vertex 48 29.75 -21.55
    endloop
  endfacet
  facet normal 1 0 0
    outer loop
      vertex 48 29.745196320100806 -21.75122741949597
      vertex 48 29.75 -21.55
      vertex 48 29.739235083933053 -21.727428830686385
    endloop
  endfacet
  facet normal 1 0 0
    outer loop
      vertex 48 29.739235083933053 -21.727428830686385
      vertex 48 29.75 -21.55
      vertex 48 29.730969883127823 -21.70432914190873
    endloop
  endfacet
  facet normal 1 0 0
    outer loop
      vertex 48 29.720480316087087 -21.682150815793502
      vertex 48 29.730969883127823 -21.70432914190873
      vertex 48 29.75 -21.55
    endloop
  endfacet
  facet normal 1 0 0
    outer loop
      vertex 48 29.75 -21.8
      vertex 48 29.75 -21.55
      vertex 48 29.748796181668048 -21.77549571491761
    endloop
  endfacet
  facet normal 1 0 0
    outer loop
      vertex 48 29.707867403075635 -21.6611074417451
      vertex 48 29.720480316087087 -21.682150815793502
      vertex 48 29.75 -21.55
    endloop
  endfacet
  facet normal 1 0 0
    outer loop
      vertex 48 29.59567085809127 -21.569030116872177
      vertex 48 29.6178491842065 -21.579519683912913
      vertex 48 29.75 -21.55
    endloop
  endfacet
  facet normal 1 0 0
    outer loop
      vertex 48 29.658598321040913 -21.606747386659315
      vertex 48 29.67677669529664 -21.623223304703362
      vertex 48 29.75 -21.55
    endloop
  endfacet
  facet normal 1 0 0
    outer loop
      vertex 48 29.658598321040913 -21.606747386659315
      vertex 48 29.75 -21.55
      vertex 48 29.638892558254902 -21.592132596924365
    endloop
  endfacet
  facet normal 1 0 0
    outer loop
      vertex 48 29.6178491842065 -21.579519683912913
      vertex 48 29.638892558254902 -21.592132596924365
      vertex 48 29.75 -21.55
    endloop
  endfacet
  facet normal 1 0 0
    outer loop
      vertex 48 29.693252613340686 -21.641401678959088
      vertex 48 29.707867403075635 -21.6611074417451
      vertex 48 29.75 -21.55
    endloop
  endfacet
  facet normal 1 0 0
    outer loop
      vertex 48 29.693252613340686 -21.641401678959088
      vertex 48 29.75 -21.55
      vertex 48 29.67677669529664 -21.623223304703362
    endloop
  endfacet
  facet normal 0 0 1
    outer loop
      vertex 45.875 28.25 -20.175
      vertex 45.875 29 -20.175
      vertex 44.5 29 -20.175
    endloop
  endfacet
  facet normal 0 -1 0
    outer loop
      vertex 48 28.25 -21.55
      vertex 49.375 28.25 -21.55
      vertex 48 28.25 -20.175
    endloop
  endfacet
  facet normal 0 0 -1
    outer loop
      vertex 48 28.25 -21.55
      vertex 48 29.5 -21.55
      vertex 49.375 29.75 -21.55
    endloop
  endfacet
  facet normal 0 0 -1
    outer loop
      vertex 48 28.25 -21.55
      vertex 49.375 29.75 -21.55
      vertex 49.375 28.25 -21.55
    endloop
  endfacet
  facet normal 0 0 -1
    outer loop
      vertex 48 29.5 -21.55
      vertex 48 29.75 -21.55
      vertex 49.375 29.75 -21.55
    endloop
  endfacet
  facet normal 0 1 0
    outer loop
      vertex 48 29.75 -21.55
      vertex 48 29.75 -20.175
      vertex 49.375 29.75 -21.55
    endloop
  endfacet
  facet normal -1 0 0
    outer loop
      vertex 45.875 28.25 -20.175
      vertex 45.875 28.25 -16.52792140033016
      vertex 45.875 29 -20.175
    endloop
  endfacet
  facet normal -1 0 0
    outer loop
      vertex 45.875 28.25 -16.52792140033016
      vertex 45.875 29 -18.8
      vertex 45.875 29 -20.175
    endloop
  endfacet
  facet normal -1 0 0
    outer loop
      vertex 45.875 29.75 -18.67014341044333
      vertex 45.875 29.75 -18.8
      vertex 45.875 29 -18.8
    endloop
  endfacet
  facet normal -1 0 0
    outer loop
      vertex 45.875 28.25 -16.52792140033016
      vertex 45.875 29.75 -18.67014341044333
      vertex 45.875 29 -18.8
    endloop
  endfacet
  facet normal 0 -1 0
    outer loop
      vertex 45.875 28.25 -20.175
      vertex 48 28.25 -20.175
      vertex 45.875 28.25 -16.52792140033016
    endloop
  endfacet
  facet normal 0 -1 0
    outer loop
      vertex 45.875 28.25 -16.52792140033016
      vertex 48 28.25 -20.175
      vertex 48.5 28.25 -16.52792140033016
    endloop
  endfacet
  facet normal 0 -1 0
    outer loop
      vertex 49.375 28.25 -21.55
      vertex 48.5 28.25 -16.52792140033016
      vertex 48 28.25 -20.175
    endloop
  endfacet
  facet normal 0 1 0
    outer loop
      vertex 48 29.75 -20.175
      vertex 48 29.75 -18.8
      vertex 48.5 29.75 -18.670143410443334
    endloop
  endfacet
  facet normal 0 1 0
    outer loop
      vertex 45.875 29.75 -18.67014341044333
      vertex 48 29.75 -18.8
      vertex 45.875 29.75 -18.8
    endloop
  endfacet
  facet normal 0 1 0
    outer loop
      vertex 45.875 29.75 -18.67014341044333
      vertex 48.5 29.75 -18.670143410443334
      vertex 48 29.75 -18.8
    endloop
  endfacet
  facet normal 0 1 0
    outer loop
      vertex 49.375 29.75 -21.55
      vertex 48 29.75 -20.175
      vertex 48.5 29.75 -18.670143410443334
    endloop
  endfacet
  facet normal 0 1 0
    outer loop
      vertex 49.375 29.75 -21.55
      vertex 48.5 29.75 -18.670143410443334
      vertex 48.5 29.75 -16.229317896573797
    endloop
  endfacet
  facet normal -1 0 0
    outer loop
      vertex 45.875 29.75 -16.229317896573797
      vertex 45.875 28.25 -14.087095886460625
      vertex 45.875 29.75 18.8
    endloop
  endfacet
  facet normal 1 0 0
    outer loop
      vertex 49.375 28.25 -21.55
      vertex 49.375 29.75 -21.55
      vertex 49.375 28.25 21.55
    endloop
  endfacet
  facet normal 0 -1 0
    outer loop
      vertex 49.375 28.25 -21.55
      vertex 49.375 28.25 21.55
      vertex 48.5 28.25 -16.52792140033016
    endloop
  endfacet
  facet normal 0 -1 0
    outer loop
      vertex 45.875 28.25 -14.087095886460625
      vertex 48.5 28.25 -14.087095886460624
      vertex 45.875 28.25 20.175
    endloop
  endfacet
  facet normal 0 -1 0
    outer loop
      vertex 48.5 28.25 -16.52792140033016
      vertex 49.375 28.25 21.55
      vertex 48.5 28.25 -14.087095886460624
    endloop
  endfacet
  facet normal 0 1 0
    outer loop
      vertex 49.375 29.75 -21.55
      vertex 48.5 29.75 -16.229317896573797
      vertex 48 29.75 18.8
    endloop
  endfacet
  facet normal 0 1 0
    outer loop
      vertex 45.875 29.75 -16.229317896573797
      vertex 48 29.75 18.8
      vertex 48.5 29.75 -16.229317896573797
    endloop
  endfacet
  facet normal -1 0 0
    outer loop
      vertex 45.875 28.25 -14.087095886460625
      vertex 45.875 28.25 20.175
      vertex 45.875 29 18.8
    endloop
  endfacet
  facet normal -1 0 0
    outer loop
      vertex 45.875 28.25 -14.087095886460625
      vertex 45.875 29 18.8
      vertex 45.875 29.75 18.8
    endloop
  endfacet
  facet normal 1 0 0
    outer loop
      vertex 49.375 29.75 -21.55
      vertex 49.375 29.75 21.55
      vertex 49.375 28.25 21.55
    endloop
  endfacet
  facet normal 0 -1 0
    outer loop
      vertex 48.5 28.25 -14.087095886460624
      vertex 48 28.25 20.175
      vertex 45.875 28.25 20.175
    endloop
  endfacet
  facet normal 0 -1 0
    outer loop
      vertex 48.5 28.25 -14.087095886460624
      vertex 49.375 28.25 21.55
      vertex 48 28.25 20.175
    endloop
  endfacet
  facet normal 0 1 0
    outer loop
      vertex 45.875 29.75 -16.229317896573797
      vertex 45.875 29.75 18.8
      vertex 48 29.75 18.8
    endloop
  endfacet
  facet normal 0 1 0
    outer loop
      vertex 49.375 29.75 -21.55
      vertex 48 29.75 18.8
      vertex 48 29.75 21.55
    endloop
  endfacet
  facet normal 0 1 0
    outer loop
      vertex 49.375 29.75 -21.55
      vertex 48 29.75 21.55
      vertex 49.375 29.75 21.55
    endloop
  endfacet
  facet normal -1 0 0
    outer loop
      vertex 45.875 28.25 20.175
      vertex 45.875 29 20.175
      vertex 45.875 29 18.8
    endloop
  endfacet
  facet normal 0 -1 0
    outer loop
      vertex 48 28.25 20.175
      vertex 49.375 28.25 21.55
      vertex 48 28.25 21.55
    endloop
  endfacet
  facet normal 0 0 1
    outer loop
      vertex 48 28.25 21.55
      vertex 49.375 28.25 21.55
      vertex 48 29.75 21.55
    endloop
  endfacet
  facet normal 0 0 1
    outer loop
      vertex 49.375 28.25 21.55
      vertex 49.375 29.75 21.55
      vertex 48 29.75 21.55
    endloop
  endfacet
  facet normal 0 -1 0
    outer loop
      vertex -49.375 28.25 -21.55
      vertex -48 28.25 -21.55
      vertex -48 28.25 -20.175
    endloop
  endfacet
  facet normal 0 0 -1
    outer loop
      vertex -49.375 28.25 -21.55
      vertex -49.375 29.75 -21.55
      vertex -48 29.75 -21.55
    endloop
  endfacet
  facet normal 0 0 -1
    outer loop
      vertex -49.375 28.25 -21.55
      vertex -48 29.5 -21.55
      vertex -48 28.25 -21.55
    endloop
  endfacet
  facet normal 0 0 -1
    outer loop
      vertex -49.375 28.25 -21.55
      vertex -48 29.75 -21.55
      vertex -48 29.5 -21.55
    endloop
  endfacet
  facet normal 0 1 0
    outer loop
      vertex -49.375 29.75 -21.55
      vertex -48.5 29.75 -18.670143410443334
      vertex -48 29.75 -21.55
    endloop
  endfacet
  facet normal 0 -1 0
    outer loop
      vertex -49.375 28.25 -21.55
      vertex -48 28.25 -20.175
      vertex -48.5 28.25 -16.52792140033016
    endloop
  endfacet
  facet normal 0 -1 0
    outer loop
      vertex -48 28.25 -20.175
      vertex -45.875 28.25 -20.175
      vertex -48.5 28.25 -16.52792140033016
    endloop
  endfacet
  facet normal 0 -1 0
    outer loop
      vertex -49.375 28.25 -21.55
      vertex -48.5 28.25 -16.52792140033016
      vertex -48.5 28.25 -14.087095886460624
    endloop
  endfacet
  facet normal 1 0 0
    outer loop
      vertex -45.875 28.25 -20.175
      vertex -45.875 29 -20.175
      vertex -45.875 29 -18.8
    endloop
  endfacet
  facet normal 0 -1 0
    outer loop
      vertex -45.875 28.25 -20.175
      vertex -45.875 28.25 -16.52792140033016
      vertex -48.5 28.25 -16.52792140033016
    endloop
  endfacet
  facet normal 1 0 0
    outer loop
      vertex -45.875 28.25 -20.175
      vertex -45.875 29 -18.8
      vertex -45.875 28.25 -16.52792140033016
    endloop
  endfacet
  facet normal 1 0 0
    outer loop
      vertex -45.875 28.25 -16.52792140033016
      vertex -45.875 29 -18.8
      vertex -45.875 29.75 -18.8
    endloop
  endfacet
  facet normal 1 0 0
    outer loop
      vertex -45.875 28.25 -16.52792140033016
      vertex -45.875 29.75 -18.8
      vertex -45.875 29.75 -18.670143410443334
    endloop
  endfacet
  facet normal 0 1 0
    outer loop
      vertex -48.5 29.75 -18.670143410443334
      vertex -48 29.75 -18.8
      vertex -48 29.75 -21.55
    endloop
  endfacet
  facet normal 0 1 0
    outer loop
      vertex -48.5 29.75 -18.670143410443334
      vertex -45.875 29.75 -18.670143410443334
      vertex -48 29.75 -18.8
    endloop
  endfacet
  facet normal 0 1 0
    outer loop
      vertex -45.875 29.75 -18.670143410443334
      vertex -45.875 29.75 -18.8
      vertex -48 29.75 -18.8
    endloop
  endfacet
  facet normal -1 0 0
    outer loop
      vertex -49.375 28.25 -21.55
      vertex -49.375 29.75 21.55
      vertex -49.375 29.75 -21.55
    endloop
  endfacet
  facet normal 0 -1 0
    outer loop
      vertex -49.375 28.25 -21.55
      vertex -48.5 28.25 -14.087095886460624
      vertex -45.875 28.25 20.175
    endloop
  endfacet
  facet normal 1 0 0
    outer loop
      vertex -45.875 29.75 -16.229317896573793
      vertex -45.875 29.75 18.8
      vertex -45.875 28.25 -14.087095886460622
    endloop
  endfacet
  facet normal 0 -1 0
    outer loop
      vertex -48.5 28.25 -14.087095886460624
      vertex -45.875 28.25 -14.087095886460622
      vertex -45.875 28.25 20.175
    endloop
  endfacet
  facet normal 0 1 0
    outer loop
      vertex -49.375 29.75 -21.55
      vertex -49.375 29.75 21.55
      vertex -48.5 29.75 -18.670143410443334
    endloop
  endfacet
  facet normal 0 1 0
    outer loop
      vertex -48.5 29.75 -18.670143410443334
      vertex -49.375 29.75 21.55
      vertex -48.5 29.75 -16.229317896573797
    endloop
  endfacet
  facet normal 0 1 0
    outer loop
      vertex -48.5 29.75 -16.229317896573797
      vertex -45.875 29.75 18.8
      vertex -45.875 29.75 -16.229317896573793
    endloop
  endfacet
  facet normal 0 -1 0
    outer loop
      vertex -49.375 28.25 -21.55
      vertex -48 28.25 20.175
      vertex -49.375 28.25 21.55
    endloop
  endfacet
  facet normal -1 0 0
    outer loop
      vertex -49.375 28.25 -21.55
      vertex -49.375 28.25 21.55
      vertex -49.375 29.75 21.55
    endloop
  endfacet
  facet normal 0 -1 0
    outer loop
      vertex -49.375 28.25 -21.55
      vertex -45.875 28.25 20.175
      vertex -48 28.25 20.175
    endloop
  endfacet
  facet normal 1 0 0
    outer loop
      vertex -45.875 28.25 -14.087095886460622
      vertex -45.875 29 18.8
      vertex -45.875 28.25 20.175
    endloop
  endfacet
  facet normal 1 0 0
    outer loop
      vertex -45.875 28.25 -14.087095886460622
      vertex -45.875 29.75 18.8
      vertex -45.875 29 18.8
    endloop
  endfacet
  facet normal 0 1 0
    outer loop
      vertex -48.5 29.75 -16.229317896573797
      vertex -48 29.75 18.8
      vertex -45.875 29.75 18.8
    endloop
  endfacet
  facet normal 0 1 0
    outer loop
      vertex -48.5 29.75 -16.229317896573797
      vertex -49.375 29.75 21.55
      vertex -48 29.75 18.8
    endloop
  endfacet
  facet normal 1 0 0
    outer loop
      vertex -45.875 28.25 20.175
      vertex -45.875 29 18.8
      vertex -45.875 29 20.175
    endloop
  endfacet
  facet normal 0 -1 0
    outer loop
      vertex -48 28.25 20.175
      vertex -48 28.25 21.55
      vertex -49.375 28.25 21.55
    endloop
  endfacet
  facet normal 0 0 1
    outer loop
      vertex -49.375 28.25 21.55
      vertex -48 28.25 21.55
      vertex -49.375 29.75 21.55
    endloop
  endfacet
  facet normal 0 0 1
    outer loop
      vertex -48 28.25 21.55
      vertex -48 29.75 21.55
      vertex -49.375 29.75 21.55
    endloop
  endfacet
  facet normal 0 1 0
    outer loop
      vertex -49.375 29.75 21.55
      vertex -48 29.75 21.55
      vertex -48 29.75 18.8
    endloop
  endfacet
  facet normal 0 0 -1
    outer loop
      vertex -47.25 0 9.4
      vertex -47.25 1.5 9.4
      vertex -36 0.1 9.4
    endloop
  endfacet
  facet normal 0 0 -1
    outer loop
      vertex -47.25 0 9.4
      vertex -36 0.1 9.4
      vertex -36 0 9.4
    endloop
  endfacet
  facet normal 0 0 -1
    outer loop
      vertex -47.25 1.5 9.4
      vertex -35.9 0.1 9.4
      vertex -36 0.1 9.4
    endloop
  endfacet
  facet normal 0 0 -1
    outer loop
      vertex -47.25 1.5 9.4
      vertex -24 0.1 9.4
      vertex -35.9 0.1 9.4
    endloop
  endfacet
  facet normal 0 0 -1
    outer loop
      vertex -35.9 0 9.4
      vertex -35.9 0.1 9.4
      vertex -24 0 9.4
    endloop
  endfacet
  facet normal 0 0 -1
    outer loop
      vertex -47.25 1.5 9.4
      vertex -23.9 0.1 9.4
      vertex -24 0.1 9.4
    endloop
  endfacet
  facet normal 0 0 -1
    outer loop
      vertex -35.9 0.1 9.4
      vertex -24 0.1 9.4
      vertex -24 0 9.4
    endloop
  endfacet
  facet normal 0 0 -1
    outer loop
      vertex -47.25 1.5 9.4
      vertex -12 0.1 9.4
      vertex -23.9 0.1 9.4
    endloop
  endfacet
  facet normal 0 0 -1
    outer loop
      vertex -47.25 1.5 9.4
      vertex -11.9 0.1 9.4
      vertex -12 0.1 9.4
    endloop
  endfacet
  facet normal 0 0 -1
    outer loop
      vertex -23.9 0 9.4
      vertex -23.9 0.1 9.4
      vertex -12 0 9.4
    endloop
  endfacet
  facet normal 0 0 -1
    outer loop
      vertex -47.25 1.5 9.4
      vertex 0 0.1 9.4
      vertex -11.9 0.1 9.4
    endloop
  endfacet
  facet normal 0 0 -1
    outer loop
      vertex -23.9 0.1 9.4
      vertex -12 0.1 9.4
      vertex -12 0 9.4
    endloop
  endfacet
  facet normal 0 0 -1
    outer loop
      vertex -47.25 1.5 9.4
      vertex 0.1 0.1 9.4
      vertex 0 0.1 9.4
    endloop
  endfacet
  facet normal 0 0 -1
    outer loop
      vertex -47.25 1.5 9.4
      vertex -44.5 1.5 9.4
      vertex 47.25 0 9.4
    endloop
  endfacet
  facet normal 0 0 -1
    outer loop
      vertex -47.25 1.5 9.4
      vertex 12 0.1 9.4
      vertex 0.1 0.1 9.4
    endloop
  endfacet
  facet normal 0 0 -1
    outer loop
      vertex -11.9 0 9.4
      vertex -11.9 0.1 9.4
      vertex 0 0 9.4
    endloop
  endfacet
  facet normal 0 0 -1
    outer loop
      vertex -47.25 1.5 9.4
      vertex 12.1 0.1 9.4
      vertex 12 0.1 9.4
    endloop
  endfacet
  facet normal 0 0 -1
    outer loop
      vertex -11.9 0.1 9.4
      vertex 0 0.1 9.4
      vertex 0 0 9.4
    endloop
  endfacet
  facet normal 0 0 -1
    outer loop
      vertex -47.25 1.5 9.4
      vertex 24 0.1 9.4
      vertex 12.1 0.1 9.4
    endloop
  endfacet
  facet normal 0 0 -1
    outer loop
      vertex -47.25 1.5 9.4
      vertex 24.1 0.1 9.4
      vertex 24 0.1 9.4
    endloop
  endfacet
  facet normal 0 0 -1
    outer loop
      vertex 0.1 0 9.4
      vertex 0.1 0.1 9.4
      vertex 12 0 9.4
    endloop
  endfacet
  facet normal 0 0 -1
    outer loop
      vertex -47.25 1.5 9.4
      vertex 36 0.1 9.4
      vertex 24.1 0.1 9.4
    endloop
  endfacet
  facet normal 0 0 -1
    outer loop
      vertex 0.1 0.1 9.4
      vertex 12 0.1 9.4
      vertex 12 0 9.4
    endloop
  endfacet
  facet normal 0 0 -1
    outer loop
      vertex -47.25 1.5 9.4
      vertex 36.1 0.1 9.4
      vertex 36 0.1 9.4
    endloop
  endfacet
  facet normal 0 0 -1
    outer loop
      vertex -47.25 1.5 9.4
      vertex 47.25 0 9.4
      vertex 36.1 0.1 9.4
    endloop
  endfacet
  facet normal 0 0 -1
    outer loop
      vertex 12.1 0 9.4
      vertex 12.1 0.1 9.4
      vertex 24 0 9.4
    endloop
  endfacet
  facet normal 0 0 -1
    outer loop
      vertex -44.5 1.5 9.4
      vertex 44.5 1.5 9.4
      vertex 47.25 0 9.4
    endloop
  endfacet
  facet normal 0 0 -1
    outer loop
      vertex 12.1 0.1 9.4
      vertex 24 0.1 9.4
      vertex 24 0 9.4
    endloop
  endfacet
  facet normal -1 0 0
    outer loop
      vertex -48 0 9.4
      vertex -48 0 12.9
      vertex -48 1.5 12.9
    endloop
  endfacet
  facet normal -1 0 0
    outer loop
      vertex -48 0 9.4
      vertex -48 1.5 12.9
      vertex -48 1.5 9.4
    endloop
  endfacet
  facet normal 0 1 0
    outer loop
      vertex -47.25 1.5 9.4
      vertex -47.25 1.5 12.9
      vertex -44.5 1.5 9.4
    endloop
  endfacet
  facet normal 0 1 0
    outer loop
      vertex -44.5 1.5 9.4
      vertex -47.25 1.5 12.9
      vertex -44.5 1.5 12.9
    endloop
  endfacet
  facet normal 0 0 1
    outer loop
      vertex -47.25 0 12.9
      vertex -44.5 1.5 12.9
      vertex -47.25 1.5 12.9
    endloop
  endfacet
  facet normal 0 -1 0
    outer loop
      vertex -47.25 0 9.4
      vertex -36 0 12.9
      vertex -47.25 0 12.9
    endloop
  endfacet
  facet normal 0 -1 0
    outer loop
      vertex -47.25 0 9.4
      vertex -35.9 0 12.9
      vertex -36 0 12.9
    endloop
  endfacet
  facet normal 0 0 1
    outer loop
      vertex -47.25 0 12.9
      vertex -36 0 12.9
      vertex -36 0.1 12.9
    endloop
  endfacet
  facet normal 0 -1 0
    outer loop
      vertex -47.25 0 9.4
      vertex -24 0 12.9
      vertex -35.9 0 12.9
    endloop
  endfacet
  facet normal 0 -1 0
    outer loop
      vertex -47.25 0 9.4
      vertex -23.9 0 12.9
      vertex -24 0 12.9
    endloop
  endfacet
  facet normal 0 0 1
    outer loop
      vertex -35.9 0 12.9
      vertex -24 0.1 12.9
      vertex -35.9 0.1 12.9
    endloop
  endfacet
  facet normal 0 -1 0
    outer loop
      vertex -47.25 0 9.4
      vertex -12 0 12.9
      vertex -23.9 0 12.9
    endloop
  endfacet
  facet normal 0 0 1
    outer loop
      vertex -35.9 0 12.9
      vertex -24 0 12.9
      vertex -24 0.1 12.9
    endloop
  endfacet
  facet normal 0 -1 0
    outer loop
      vertex -47.25 0 9.4
      vertex -11.9 0 12.9
      vertex -12 0 12.9
    endloop
  endfacet
  facet normal 0 0 1
    outer loop
      vertex -23.9 0 12.9
      vertex -12 0.1 12.9
      vertex -23.9 0.1 12.9
    endloop
  endfacet
  facet normal 0 -1 0
    outer loop
      vertex -47.25 0 9.4
      vertex 0 0 12.9
      vertex -11.9 0 12.9
    endloop
  endfacet
  facet normal 0 -1 0
    outer loop
      vertex -47.25 0 9.4
      vertex 0.1 0 12.9
      vertex 0 0 12.9
    endloop
  endfacet
  facet normal 0 0 1
    outer loop
      vertex -23.9 0 12.9
      vertex -12 0 12.9
      vertex -12 0.1 12.9
    endloop
  endfacet
  facet normal 0 0 1
    outer loop
      vertex -47.25 0 12.9
      vertex 44.5 1.5 12.9
      vertex -44.5 1.5 12.9
    endloop
  endfacet
  facet normal 0 -1 0
    outer loop
      vertex -47.25 0 9.4
      vertex -36 0 9.4
      vertex 47.25 0 12.9
    endloop
  endfacet
  facet normal 0 -1 0
    outer loop
      vertex -47.25 0 9.4
      vertex 12 0 12.9
      vertex 0.1 0 12.9
    endloop
  endfacet
  facet normal 0 0 1
    outer loop
      vertex -47.25 0 12.9
      vertex -36 0.1 12.9
      vertex 47.25 1.5 12.9
    endloop
  endfacet
  facet normal 0 -1 0
    outer loop
      vertex -35.9 0 9.4
      vertex 47.25 0 12.9
      vertex -36 0 9.4
    endloop
  endfacet
  facet normal 0 -1 0
    outer loop
      vertex -47.25 0 9.4
      vertex 12.1 0 12.9
      vertex 12 0 12.9
    endloop
  endfacet
  facet normal 0 0 1
    outer loop
      vertex -11.9 0 12.9
      vertex 0 0.1 12.9
      vertex -11.9 0.1 12.9
    endloop
  endfacet
  facet normal 0 0 1
    outer loop
      vertex -36 0.1 12.9
      vertex -35.9 0.1 12.9
      vertex 47.25 1.5 12.9
    endloop
  endfacet
  facet normal 0 -1 0
    outer loop
      vertex -35.9 0 9.4
      vertex -24 0 9.4
      vertex 47.25 0 12.9
    endloop
  endfacet
  facet normal 0 0 1
    outer loop
      vertex -11.9 0 12.9
      vertex 0 0 12.9
      vertex 0 0.1 12.9
    endloop
  endfacet
  facet normal 0 0 1
    outer loop
      vertex -35.9 0.1 12.9
      vertex -24 0.1 12.9
      vertex 47.25 1.5 12.9
    endloop
  endfacet
  facet normal 0 -1 0
    outer loop
      vertex -47.25 0 9.4
      vertex 24 0 12.9
      vertex 12.1 0 12.9
    endloop
  endfacet
  facet normal 0 -1 0
    outer loop
      vertex -24 0 9.4
      vertex -23.9 0 9.4
      vertex 47.25 0 12.9
    endloop
  endfacet
  facet normal 0 -1 0
    outer loop
      vertex -47.25 0 9.4
      vertex 24.1 0 12.9
      vertex 24 0 12.9
    endloop
  endfacet
  facet normal 0 0 1
    outer loop
      vertex -24 0.1 12.9
      vertex -23.9 0.1 12.9
      vertex 47.25 1.5 12.9
    endloop
  endfacet
  facet normal 0 -1 0
    outer loop
      vertex -23.9 0 9.4
      vertex -12 0 9.4
      vertex 47.25 0 12.9
    endloop
  endfacet
  facet normal 0 -1 0
    outer loop
      vertex -47.25 0 9.4
      vertex 36 0 12.9
      vertex 24.1 0 12.9
    endloop
  endfacet
  facet normal 0 0 1
    outer loop
      vertex -23.9 0.1 12.9
      vertex -12 0.1 12.9
      vertex 47.25 1.5 12.9
    endloop
  endfacet
  facet normal 0 0 1
    outer loop
      vertex 0.1 0 12.9
      vertex 12 0.1 12.9
      vertex 0.1 0.1 12.9
    endloop
  endfacet
  facet normal 0 -1 0
    outer loop
      vertex -11.9 0 9.4
      vertex 47.25 0 12.9
      vertex -12 0 9.4
    endloop
  endfacet
  facet normal 0 -1 0
    outer loop
      vertex -47.25 0 9.4
      vertex 36.1 0 12.9
      vertex 36 0 12.9
    endloop
  endfacet
  facet normal 0 0 1
    outer loop
      vertex -12 0.1 12.9
      vertex -11.9 0.1 12.9
      vertex 47.25 1.5 12.9
    endloop
  endfacet
  facet normal 0 0 1
    outer loop
      vertex 0.1 0 12.9
      vertex 12 0 12.9
      vertex 12 0.1 12.9
    endloop
  endfacet
  facet normal 0 -1 0
    outer loop
      vertex -11.9 0 9.4
      vertex 0 0 9.4
      vertex 47.25 0 12.9
    endloop
  endfacet
  facet normal 0 0 1
    outer loop
      vertex -11.9 0.1 12.9
      vertex 0 0.1 12.9
      vertex 47.25 1.5 12.9
    endloop
  endfacet
  facet normal 0 -1 0
    outer loop
      vertex -47.25 0 9.4
      vertex 47.25 0 12.9
      vertex 36.1 0 12.9
    endloop
  endfacet
  facet normal 0 -1 0
    outer loop
      vertex 0 0 9.4
      vertex 0.1 0 9.4
      vertex 47.25 0 12.9
    endloop
  endfacet
  facet normal 0 0 1
    outer loop
      vertex -47.25 0 12.9
      vertex 47.25 1.5 12.9
      vertex 44.5 1.5 12.9
    endloop
  endfacet
  facet normal 0 0 1
    outer loop
      vertex 0 0.1 12.9
      vertex 0.1 0.1 12.9
      vertex 47.25 1.5 12.9
    endloop
  endfacet
  facet normal 0 0 1
    outer loop
      vertex 12.1 0 12.9
      vertex 24 0.1 12.9
      vertex 12.1 0.1 12.9
    endloop
  endfacet
  facet normal 0 -1 0
    outer loop
      vertex 0.1 0 9.4
      vertex 12 0 9.4
      vertex 47.25 0 12.9
    endloop
  endfacet
  facet normal 0 0 1
    outer loop
      vertex 0.1 0.1 12.9
      vertex 12 0.1 12.9
      vertex 47.25 1.5 12.9
    endloop
  endfacet
  facet normal 0 0 1
    outer loop
      vertex 12.1 0 12.9
      vertex 24 0 12.9
      vertex 24 0.1 12.9
    endloop
  endfacet
  facet normal 0 0 -1
    outer loop
      vertex 24.1 0 9.4
      vertex 24.1 0.1 9.4
      vertex 36 0 9.4
    endloop
  endfacet
  facet normal 0 0 -1
    outer loop
      vertex 24.1 0.1 9.4
      vertex 36 0.1 9.4
      vertex 36 0 9.4
    endloop
  endfacet
  facet normal 0 0 -1
    outer loop
      vertex 36.1 0 9.4
      vertex 36.1 0.1 9.4
      vertex 47.25 0 9.4
    endloop
  endfacet
  facet normal 0 0 -1
    outer loop
      vertex 44.5 1.5 9.4
      vertex 47.25 1.5 9.4
      vertex 47.25 0 9.4
    endloop
  endfacet
  facet normal 0 -1 0
    outer loop
      vertex 12 0 9.4
      vertex 12.1 0 9.4
      vertex 47.25 0 12.9
    endloop
  endfacet
  facet normal 0 0 1
    outer loop
      vertex 12 0.1 12.9
      vertex 12.1 0.1 12.9
      vertex 47.25 1.5 12.9
    endloop
  endfacet
  facet normal 0 -1 0
    outer loop
      vertex 12.1 0 9.4
      vertex 24 0 9.4
      vertex 47.25 0 12.9
    endloop
  endfacet
  facet normal 0 0 1
    outer loop
      vertex 12.1 0.1 12.9
      vertex 24 0.1 12.9
      vertex 47.25 1.5 12.9
    endloop
  endfacet
  facet normal 0 0 1
    outer loop
      vertex 24.1 0 12.9
      vertex 36 0.1 12.9
      vertex 24.1 0.1 12.9
    endloop
  endfacet
  facet normal 0 -1 0
    outer loop
      vertex 24 0 9.4
      vertex 24.1 0 9.4
      vertex 47.25 0 12.9
    endloop
  endfacet
  facet normal 0 0 1
    outer loop
      vertex 24 0.1 12.9
      vertex 24.1 0.1 12.9
      vertex 47.25 1.5 12.9
    endloop
  endfacet
  facet normal 0 0 1
    outer loop
      vertex 24.1 0 12.9
      vertex 36 0 12.9
      vertex 36 0.1 12.9
    endloop
  endfacet
  facet normal 0 -1 0
    outer loop
      vertex 24.1 0 9.4
      vertex 36 0 9.4
      vertex 47.25 0 12.9
    endloop
  endfacet
  facet normal 0 0 1
    outer loop
      vertex 24.1 0.1 12.9
      vertex 36 0.1 12.9
      vertex 47.25 1.5 12.9
    endloop
  endfacet
  facet normal 0 -1 0
    outer loop
      vertex 36 0 9.4
      vertex 36.1 0 9.4
      vertex 47.25 0 12.9
    endloop
  endfacet
  facet normal 0 0 1
    outer loop
      vertex 36.1 0 12.9
      vertex 47.25 1.5 12.9
      vertex 36.1 0.1 12.9
    endloop
  endfacet
  facet normal 0 0 1
    outer loop
      vertex 36 0.1 12.9
      vertex 36.1 0.1 12.9
      vertex 47.25 1.5 12.9
    endloop
  endfacet
  facet normal 0 -1 0
    outer loop
      vertex 36.1 0 9.4
      vertex 47.25 0 9.4
      vertex 47.25 0 12.9
    endloop
  endfacet
  facet normal 0 0 1
    outer loop
      vertex 36.1 0 12.9
      vertex 47.25 0 12.9
      vertex 47.25 1.5 12.9
    endloop
  endfacet
  facet normal 0 1 0
    outer loop
      vertex 44.5 1.5 9.4
      vertex 44.5 1.5 12.9
      vertex 47.25 1.5 9.4
    endloop
  endfacet
  facet normal 0 1 0
    outer loop
      vertex 47.25 1.5 9.4
      vertex 44.5 1.5 12.9
      vertex 47.25 1.5 12.9
    endloop
  endfacet
  facet normal 1 0 0
    outer loop
      vertex 48 0.1 9.4
      vertex 48 1.5 12.9
      vertex 48 0.1 12.9
    endloop
  endfacet
  facet normal 1 0 0
    outer loop
      vertex 48 0.1 9.4
      vertex 48 1.5 9.4
      vertex 48 1.5 12.9
    endloop
  endfacet
  facet normal -1 0 0
    outer loop
      vertex -48 0 -12.9
      vertex -48 1.5 -9.4
      vertex -48 1.5 -12.9
    endloop
  endfacet
  facet normal 0 1 0
    outer loop
      vertex -47.25 1.5 -12.9
      vertex -47.25 1.5 -9.4
      vertex -44.5 1.5 -12.9
    endloop
  endfacet
  facet normal -1 0 0
    outer loop
      vertex -48 0 -12.9
      vertex -48 0 -9.4
      vertex -48 1.5 -9.4
    endloop
  endfacet
  facet normal 0 1 0
    outer loop
      vertex -47.25 1.5 -9.4
      vertex -44.5 1.5 -9.4
      vertex -44.5 1.5 -12.9
    endloop
  endfacet
  facet normal 0 0 1
    outer loop
      vertex -47.25 0 -9.4
      vertex -44.5 1.5 -9.4
      vertex -47.25 1.5 -9.4
    endloop
  endfacet
  facet normal 0 0 -1
    outer loop
      vertex -47.25 0 -12.9
      vertex -47.25 1.5 -12.9
      vertex 47.25 0 -12.9
    endloop
  endfacet
  facet normal 0 0 -1
    outer loop
      vertex -47.25 1.5 -12.9
      vertex -44.5 1.5 -12.9
      vertex 47.25 0 -12.9
    endloop
  endfacet
  facet normal 0 -1 0
    outer loop
      vertex -47.25 0 -12.9
      vertex 47.25 0 -9.4
      vertex -47.25 0 -9.4
    endloop
  endfacet
  facet normal 0 0 1
    outer loop
      vertex -47.25 0 -9.4
      vertex 44.5 1.5 -9.4
      vertex -44.5 1.5 -9.4
    endloop
  endfacet
  facet normal 0 0 -1
    outer loop
      vertex -44.5 1.5 -12.9
      vertex 44.5 1.5 -12.9
      vertex 47.25 0 -12.9
    endloop
  endfacet
  facet normal 0 -1 0
    outer loop
      vertex -47.25 0 -12.9
      vertex 47.25 0 -12.9
      vertex 47.25 0 -9.4
    endloop
  endfacet
  facet normal 0 0 1
    outer loop
      vertex -47.25 0 -9.4
      vertex 47.25 1.5 -9.4
      vertex 44.5 1.5 -9.4
    endloop
  endfacet
  facet normal 0 0 1
    outer loop
      vertex -47.25 0 -9.4
      vertex 47.25 0 -9.4
      vertex 47.25 1.5 -9.4
    endloop
  endfacet
  facet normal 0 1 0
    outer loop
      vertex 44.5 1.5 -12.9
      vertex 44.5 1.5 -9.4
      vertex 47.25 1.5 -12.9
    endloop
  endfacet
  facet normal 0 0 -1
    outer loop
      vertex 44.5 1.5 -12.9
      vertex 47.25 1.5 -12.9
      vertex 47.25 0 -12.9
    endloop
  endfacet
  facet normal 1 0 0
    outer loop
      vertex 48 0 -12.9
      vertex 48 0.1 -12
      vertex 48 0 -12
    endloop
  endfacet
  facet normal 1 0 0
    outer loop
      vertex 48 0 -12.9
      vertex 48 1.5 -12.9
      vertex 48 0.1 -12
    endloop
  endfacet
  facet normal 1 0 0
    outer loop
      vertex 48 0.1 -12
      vertex 48 1.5 -12.9
      vertex 48 0.1 -11.9
    endloop
  endfacet
  facet normal 1 0 0
    outer loop
      vertex 48 0.1 -11.9
      vertex 48 1.5 -12.9
      vertex 48 0 -9.4
    endloop
  endfacet
  facet normal 0 1 0
    outer loop
      vertex 44.5 1.5 -9.4
      vertex 47.25 1.5 -9.4
      vertex 47.25 1.5 -12.9
    endloop
  endfacet
  facet normal 1 0 0
    outer loop
      vertex 48 0 -11.9
      vertex 48 0.1 -11.9
      vertex 48 0 -9.4
    endloop
  endfacet
  facet normal 1 0 0
    outer loop
      vertex 48 0 -9.4
      vertex 48 1.5 -12.9
      vertex 48 1.5 -9.4
    endloop
  endfacet
  facet normal 0 -1 0
    outer loop
      vertex -44.5 1.5 -21.55
      vertex -39.15 1.5 -21.55
      vertex -39.15 1.5 -18.05
    endloop
  endfacet
  facet normal -1 0 0
    outer loop
      vertex -44.5 1.5 -21.55
      vertex -44.5 1.5 -15.616666666666667
      vertex -44.5 2 -16.8
    endloop
  endfacet
  facet normal 0 -1 0
    outer loop
      vertex -44.5 1.5 -21.55
      vertex -43.75 1.5 -15.616666666666667
      vertex -44.5 1.5 -15.616666666666667
    endloop
  endfacet
  facet normal -1 0 0
    outer loop
      vertex -44.5 1.5 -21.55
      vertex -44.5 2 -16.8
      vertex -44.5 2 -21.55
    endloop
  endfacet
  facet normal 0 -1 0
    outer loop
      vertex -44.5 1.5 -21.55
      vertex -39.15 1.5 -18.05
      vertex -43.75 1.5 -15.616666666666667
    endloop
  endfacet
  facet normal -1 0 0
    outer loop
      vertex -44.5 1.5 -15.616666666666667
      vertex -44.5 3.5 -16.8
      vertex -44.5 2 -16.8
    endloop
  endfacet
  facet normal 0 -1 0
    outer loop
      vertex -43.75 1.5 -15.616666666666667
      vertex -39.15 1.5 -18.05
      vertex -43.75 1.5 -14.116666666666667
    endloop
  endfacet
  facet normal -1 0 0
    outer loop
      vertex -44.5 15.25 -21.55
      vertex -44.5 3.5 -21.55
      vertex -44.5 3.5 -16.8
    endloop
  endfacet
  facet normal -1 0 0
    outer loop
      vertex -44.5 1.5 -15.616666666666667
      vertex -44.5 15.25 -21.55
      vertex -44.5 3.5 -16.8
    endloop
  endfacet
  facet normal -1 0 0
    outer loop
      vertex -44.5 1.5 -15.616666666666667
      vertex -44.5 15.25 -15.616666666666667
      vertex -44.5 15.25 -21.55
    endloop
  endfacet
  facet normal 0 -1 0
    outer loop
      vertex -37.65 1.5 -21.55
      vertex -19.95 1.5 -21.55
      vertex -37.65 1.5 -18.05
    endloop
  endfacet
  facet normal 0 -1 0
    outer loop
      vertex -39.15 1.5 -18.05
      vertex -37.65 1.5 -18.05
      vertex -43.75 1.5 -14.116666666666667
    endloop
  endfacet
  facet normal 0 -1 0
    outer loop
      vertex -37.65 1.5 -18.05
      vertex -19.95 1.5 -18.05
      vertex -43.75 1.5 -14.116666666666667
    endloop
  endfacet
  facet normal 0 -1 0
    outer loop
      vertex -18.45 1.5 -18.05
      vertex -44.5 1.5 -12.9
      vertex -43.75 1.5 -14.116666666666667
    endloop
  endfacet
  facet normal -1 0 0
    outer loop
      vertex -44.5 15.25 -21.55
      vertex -44.5 15.25 -15.616666666666667
      vertex -44.5 27 -14.742736391902518
    endloop
  endfacet
  facet normal -1 0 0
    outer loop
      vertex -44.5 15.25 -15.616666666666667
      vertex -44.5 15.25 -14.116666666666667
      vertex -44.5 27 -14.742736391902518
    endloop
  endfacet
  facet normal -1 0 0
    outer loop
      vertex -44.5 15.25 -21.55
      vertex -44.5 27 -14.742736391902518
      vertex -44.5 27 -21.55
    endloop
  endfacet
  facet normal 0 -1 0
    outer loop
      vertex -19.95 1.5 -18.05
      vertex -18.45 1.5 -18.05
      vertex -43.75 1.5 -14.116666666666667
    endloop
  endfacet
  facet normal 0 -1 0
    outer loop
      vertex -37.65 1.5 -18.05
      vertex -19.95 1.5 -21.55
      vertex -19.95 1.5 -18.05
    endloop
  endfacet
  facet normal 0 0 -1
    outer loop
      vertex -44.5 15.25 -21.55
      vertex -44.5 27 -21.55
      vertex 44.5 15.25 -21.55
    endloop
  endfacet
  facet normal 0 1 0
    outer loop
      vertex -44.5 27 -21.55
      vertex -44.5 27 -14.742736391902518
      vertex 44.5 27 -14.742736391902518
    endloop
  endfacet
  facet normal 0 -1 0
    outer loop
      vertex -44.5 1.5 -14.116666666666667
      vertex -43.75 1.5 -14.116666666666667
      vertex -44.5 1.5 -12.9
    endloop
  endfacet
  facet normal -1 0 0
    outer loop
      vertex -44.5 1.5 -14.116666666666667
      vertex -44.5 1.5 -12.9
      vertex -44.5 15.25 -14.116666666666667
    endloop
  endfacet
  facet normal -1 0 0
    outer loop
      vertex -44.5 1.5 -12.9
      vertex -44.5 1.5 -9.4
      vertex -44.5 15.25 -14.116666666666667
    endloop
  endfacet
  facet normal -1 0 0
    outer loop
      vertex -44.5 1.5 -9.4
      vertex -44.5 3.5 -2.75
      vertex -44.5 15.25 -14.116666666666667
    endloop
  endfacet
  facet normal -1 0 0
    outer loop
      vertex -44.5 1.5 -9.4
      vertex -44.5 2 -2.75
      vertex -44.5 3.5 -2.75
    endloop
  endfacet
  facet normal -1 0 0
    outer loop
      vertex -44.5 1.5 -9.4
      vertex -44.5 1.5 -0.75
      vertex -44.5 2 -2.75
    endloop
  endfacet
  facet normal 0 -1 0
    outer loop
      vertex -44.5 1.5 -9.4
      vertex -43.75 1.5 -0.75
      vertex -44.5 1.5 -0.75
    endloop
  endfacet
  facet normal -1 0 0
    outer loop
      vertex -44.5 15.25 -14.116666666666667
      vertex -44.5 3.5 -2.75
      vertex -44.5 3.5 -0.75
    endloop
  endfacet
  facet normal -1 0 0
    outer loop
      vertex -44.5 15.25 -14.116666666666667
      vertex -44.5 3.5 -0.75
      vertex -44.5 15.25 -0.75
    endloop
  endfacet
  facet normal -1 0 0
    outer loop
      vertex -44.5 15.25 -14.116666666666667
      vertex -44.5 15.25 -0.75
      vertex -44.5 18.347549557949655 -2.3857565396533893
    endloop
  endfacet
  facet normal -1 0 0
    outer loop
      vertex -44.5 1.5 -0.75
      vertex -44.5 2 -0.75
      vertex -44.5 2 -2.75
    endloop
  endfacet
  facet normal -1 0 0
    outer loop
      vertex -44.5 1.5 0.75
      vertex -44.5 1.5 9.4
      vertex -44.5 2 2.75
    endloop
  endfacet
  facet normal 0 -1 0
    outer loop
      vertex -44.5 1.5 0.75
      vertex -43.75 1.5 0.75
      vertex -44.5 1.5 9.4
    endloop
  endfacet
  facet normal -1 0 0
    outer loop
      vertex -44.5 1.5 0.75
      vertex -44.5 2 2.75
      vertex -44.5 2 0.75
    endloop
  endfacet
  facet normal -1 0 0
    outer loop
      vertex -44.5 15.25 0.75
      vertex -44.5 3.5 0.75
      vertex -44.5 3.5 2.75
    endloop
  endfacet
  facet normal -1 0 0
    outer loop
      vertex -44.5 1.5 9.4
      vertex -44.5 15.25 0.75
      vertex -44.5 3.5 2.75
    endloop
  endfacet
  facet normal -1 0 0
    outer loop
      vertex -44.5 1.5 9.4
      vertex -44.5 3.5 2.75
      vertex -44.5 2 2.75
    endloop
  endfacet
  facet normal -1 0 0
    outer loop
      vertex -44.5 1.5 9.4
      vertex -44.5 1.5 12.9
      vertex -44.5 15.25 0.75
    endloop
  endfacet
  facet normal -1 0 0
    outer loop
      vertex -44.5 15.25 0.75
      vertex -44.5 1.5 12.9
      vertex -44.5 1.5 14.116666666666664
    endloop
  endfacet
  facet normal -1 0 0
    outer loop
      vertex -44.5 15.25 0.75
      vertex -44.5 1.5 14.116666666666664
      vertex -44.5 15.25 14.116666666666664
    endloop
  endfacet
  facet normal -1 0 0
    outer loop
      vertex -44.5 15.25 -14.116666666666667
      vertex -44.5 18.347549557949655 -2.3857565396533893
      vertex -44.5 27 -14.742736391902518
    endloop
  endfacet
  facet normal -1 0 0
    outer loop
      vertex -44.5 27 -12.30191087803298
      vertex -44.5 22.649032819884997 -6.088085772351381
      vertex -44.5 22.730948024313896 -6.030728128716277
    endloop
  endfacet
  facet normal -1 0 0
    outer loop
      vertex -44.5 15.25 -0.75
      vertex -44.5 15.25 0.75
      vertex -44.5 27 21.55
    endloop
  endfacet
  facet normal -1 0 0
    outer loop
      vertex -44.5 15.25 -0.75
      vertex -44.5 27 21.55
      vertex -44.5 18.347549557949655 -2.3857565396533893
    endloop
  endfacet
  facet normal -1 0 0
    outer loop
      vertex -44.5 18.347549557949655 -2.3857565396533893
      vertex -44.5 27 21.55
      vertex -44.5 19.494362419954246 -1.582749528761927
    endloop
  endfacet
  facet normal -1 0 0
    outer loop
      vertex -44.5 27 21.55
      vertex -44.5 22.730948024313896 -6.030728128716277
      vertex -44.5 19.576277624383145 -1.5253918851268224
    endloop
  endfacet
  facet normal -1 0 0
    outer loop
      vertex -44.5 27 21.55
      vertex -44.5 19.576277624383145 -1.5253918851268224
      vertex -44.5 19.494362419954246 -1.582749528761927
    endloop
  endfacet
  facet normal -1 0 0
    outer loop
      vertex -44.5 27 -12.30191087803298
      vertex -44.5 22.730948024313896 -6.030728128716277
      vertex -44.5 27 21.55
    endloop
  endfacet
  facet normal 0 -1 0
    outer loop
      vertex -44.5 1.5 -9.4
      vertex -3.44974746830583 1.5 1.75
      vertex -43.75 1.5 -0.75
    endloop
  endfacet
  facet normal 0 -1 0
    outer loop
      vertex -44.5 1.5 -9.4
      vertex -1.3284271247461845 1.5 -1.75
      vertex -3.44974746830583 1.5 -1.75
    endloop
  endfacet
  facet normal 0 -1 0
    outer loop
      vertex -44.5 1.5 -9.4
      vertex -3.44974746830583 1.5 -1.75
      vertex -3.44974746830583 1.5 1.75
    endloop
  endfacet
  facet normal 0 -1 0
    outer loop
      vertex -43.75 1.5 -0.75
      vertex 44.5 1.5 9.4
      vertex -43.75 1.5 0.75
    endloop
  endfacet
  facet normal 0 -1 0
    outer loop
      vertex -43.75 1.5 0.75
      vertex 44.5 1.5 9.4
      vertex -44.5 1.5 9.4
    endloop
  endfacet
  facet normal 0 1 0
    outer loop
      vertex -44.5 27 -12.30191087803298
      vertex -44.5 27 21.55
      vertex 44.5 27 21.55
    endloop
  endfacet
  facet normal 0 -1 0
    outer loop
      vertex -18.45 1.5 -21.55
      vertex -0.75 1.5 -21.55
      vertex -18.45 1.5 -18.05
    endloop
  endfacet
  facet normal 0 -1 0
    outer loop
      vertex -18.45 1.5 -18.05
      vertex -0.75 1.5 -21.55
      vertex -0.75 1.5 -18.05
    endloop
  endfacet
  facet normal 0 -1 0
    outer loop
      vertex -18.45 1.5 -18.05
      vertex 44.5 1.5 -12.9
      vertex -44.5 1.5 -12.9
    endloop
  endfacet
  facet normal 0 -1 0
    outer loop
      vertex 0.75 1.5 -21.55
      vertex 18.450000000000003 1.5 -21.55
      vertex 0.75 1.5 -18.05
    endloop
  endfacet
  facet normal 0 -1 0
    outer loop
      vertex -18.45 1.5 -18.05
      vertex -0.75 1.5 -18.05
      vertex 44.5 1.5 -12.9
    endloop
  endfacet
  facet normal 0 -1 0
    outer loop
      vertex 0.75 1.5 -18.05
      vertex 18.450000000000003 1.5 -21.55
      vertex 18.450000000000003 1.5 -18.05
    endloop
  endfacet
  facet normal 0 -1 0
    outer loop
      vertex -0.75 1.5 -18.05
      vertex 0.75 1.5 -18.05
      vertex 44.5 1.5 -12.9
    endloop
  endfacet
  facet normal 0 -1 0
    outer loop
      vertex 0.75 1.5 -18.05
      vertex 18.450000000000003 1.5 -18.05
      vertex 44.5 1.5 -12.9
    endloop
  endfacet
  facet normal 0 0 -1
    outer loop
      vertex -44.5 27 -21.55
      vertex 44.5 27 -21.55
      vertex 44.5 15.25 -21.55
    endloop
  endfacet
  facet normal 0 1 0
    outer loop
      vertex -44.5 27 -21.55
      vertex 44.5 27 -14.742736391902518
      vertex 44.5 27 -21.55
    endloop
  endfacet
  facet normal 0 -1 0
    outer loop
      vertex -44.5 1.5 -9.4
      vertex 43.75 1.5 0.75
      vertex -1.3284271247461845 1.5 -1.75
    endloop
  endfacet
  facet normal 0 -1 0
    outer loop
      vertex -43.75 1.5 -0.75
      vertex -3.44974746830583 1.5 1.75
      vertex 44.5 1.5 9.4
    endloop
  endfacet
  facet normal 0 1 0
    outer loop
      vertex -44.5 27 -12.30191087803298
      vertex 22.05025253169417 27 -1.75
      vertex 24.171572875253815 27 -1.75
    endloop
  endfacet
  facet normal 0 1 0
    outer loop
      vertex -44.5 27 -12.30191087803298
      vertex 22.05025253169417 27 1.75
      vertex 22.05025253169417 27 -1.75
    endloop
  endfacet
  facet normal 0 -1 0
    outer loop
      vertex -44.5 1.5 -9.4
      vertex 44.5 1.5 -9.4
      vertex 43.75 1.5 -0.75
    endloop
  endfacet
  facet normal 0 -1 0
    outer loop
      vertex -44.5 1.5 -9.4
      vertex 43.75 1.5 -0.75
      vertex 43.75 1.5 0.75
    endloop
  endfacet
  facet normal 0 -1 0
    outer loop
      vertex 44.5 1.5 9.4
      vertex -1.3284271247461845 1.5 1.75
      vertex -1.3284271247461845 1.5 -1.75
    endloop
  endfacet
  facet normal 0 -1 0
    outer loop
      vertex 44.5 1.5 9.4
      vertex -3.44974746830583 1.5 1.75
      vertex -1.3284271247461845 1.5 1.75
    endloop
  endfacet
  facet normal 0 1 0
    outer loop
      vertex -44.5 27 -12.30191087803298
      vertex 24.171572875253815 27 -1.75
      vertex 44.5 27 -12.301910878032981
    endloop
  endfacet
  facet normal 0 1 0
    outer loop
      vertex -44.5 27 -12.30191087803298
      vertex 44.5 27 21.55
      vertex 22.05025253169417 27 1.75
    endloop
  endfacet
  facet normal 0 -1 0
    outer loop
      vertex -44.5 1.5 12.9
      vertex -43.75 1.5 14.116666666666664
      vertex -44.5 1.5 14.116666666666664
    endloop
  endfacet
  facet normal 0 -1 0
    outer loop
      vertex -43.75 1.5 14.116666666666664
      vertex -39.15 1.5 18.05
      vertex -43.75 1.5 15.616666666666664
    endloop
  endfacet
  facet normal 0 -1 0
    outer loop
      vertex -44.5 1.5 15.616666666666664
      vertex -43.75 1.5 15.616666666666664
      vertex -44.5 1.5 21.55
    endloop
  endfacet
  facet normal 0 -1 0
    outer loop
      vertex -43.75 1.5 15.616666666666664
      vertex -39.15 1.5 18.05
      vertex -44.5 1.5 21.55
    endloop
  endfacet
  facet normal 0 -1 0
    outer loop
      vertex -44.5 1.5 21.55
      vertex -39.15 1.5 18.05
      vertex -39.15 1.5 21.55
    endloop
  endfacet
  facet normal -1 0 0
    outer loop
      vertex -44.5 1.5 15.616666666666664
      vertex -44.5 1.5 21.55
      vertex -44.5 15.25 15.616666666666664
    endloop
  endfacet
  facet normal -1 0 0
    outer loop
      vertex -44.5 1.5 21.55
      vertex -44.5 15.25 21.55
      vertex -44.5 15.25 15.616666666666664
    endloop
  endfacet
  facet normal 0 -1 0
    outer loop
      vertex -44.5 1.5 12.9
      vertex -19.95 1.5 18.05
      vertex -43.75 1.5 14.116666666666664
    endloop
  endfacet
  facet normal 0 -1 0
    outer loop
      vertex -43.75 1.5 14.116666666666664
      vertex -37.65 1.5 18.05
      vertex -39.15 1.5 18.05
    endloop
  endfacet
  facet normal 0 -1 0
    outer loop
      vertex -43.75 1.5 14.116666666666664
      vertex -19.95 1.5 18.05
      vertex -37.65 1.5 18.05
    endloop
  endfacet
  facet normal 0 -1 0
    outer loop
      vertex -37.65 1.5 18.05
      vertex -19.95 1.5 18.05
      vertex -37.65 1.5 21.55
    endloop
  endfacet
  facet normal -1 0 0
    outer loop
      vertex -44.5 15.25 0.75
      vertex -44.5 15.25 14.116666666666664
      vertex -44.5 27 21.55
    endloop
  endfacet
  facet normal -1 0 0
    outer loop
      vertex -44.5 15.25 14.116666666666664
      vertex -44.5 15.25 15.616666666666664
      vertex -44.5 27 21.55
    endloop
  endfacet
  facet normal -1 0 0
    outer loop
      vertex -44.5 15.25 15.616666666666664
      vertex -44.5 15.25 21.55
      vertex -44.5 27 21.55
    endloop
  endfacet
  facet normal 0 -1 0
    outer loop
      vertex -44.5 1.5 12.9
      vertex -18.45 1.5 18.05
      vertex -19.95 1.5 18.05
    endloop
  endfacet
  facet normal 0 -1 0
    outer loop
      vertex -37.65 1.5 21.55
      vertex -19.95 1.5 18.05
      vertex -19.95 1.5 21.55
    endloop
  endfacet
  facet normal 0 -1 0
    outer loop
      vertex -44.5 1.5 12.9
      vertex -0.75 1.5 18.05
      vertex -18.45 1.5 18.05
    endloop
  endfacet
  facet normal 0 -1 0
    outer loop
      vertex -44.5 1.5 12.9
      vertex 0.75 1.5 18.05
      vertex -0.75 1.5 18.05
    endloop
  endfacet
  facet normal 0 0 1
    outer loop
      vertex -44.5 15.25 21.55
      vertex 44.5 27 21.55
      vertex -44.5 27 21.55
    endloop
  endfacet
  facet normal 0 -1 0
    outer loop
      vertex -44.5 1.5 12.9
      vertex 18.450000000000003 1.5 18.05
      vertex 0.75 1.5 18.05
    endloop
  endfacet
  facet normal 0 -1 0
    outer loop
      vertex -18.45 1.5 18.05
      vertex -0.75 1.5 18.05
      vertex -18.45 1.5 21.55
    endloop
  endfacet
  facet normal 0 -1 0
    outer loop
      vertex -18.45 1.5 21.55
      vertex -0.75 1.5 18.05
      vertex -0.75 1.5 21.55
    endloop
  endfacet
  facet normal 0 -1 0
    outer loop
      vertex -44.5 1.5 12.9
      vertex 44.5 1.5 12.9
      vertex 18.450000000000003 1.5 18.05
    endloop
  endfacet
  facet normal 0 -1 0
    outer loop
      vertex 0.75 1.5 18.05
      vertex 18.450000000000003 1.5 18.05
      vertex 0.75 1.5 21.55
    endloop
  endfacet
  facet normal 0 -1 0
    outer loop
      vertex 0.75 1.5 21.55
      vertex 18.450000000000003 1.5 18.05
      vertex 18.450000000000003 1.5 21.55
    endloop
  endfacet
  facet normal 0 0 1
    outer loop
      vertex -44.5 15.25 21.55
      vertex 44.5 15.25 21.55
      vertex 44.5 27 21.55
    endloop
  endfacet
  facet normal 0 -1 0
    outer loop
      vertex 19.950000000000003 1.5 -21.55
      vertex 37.650000000000006 1.5 -21.55
      vertex 19.950000000000003 1.5 -18.05
    endloop
  endfacet
  facet normal 0 -1 0
    outer loop
      vertex 18.450000000000003 1.5 -18.05
      vertex 19.950000000000003 1.5 -18.05
      vertex 44.5 1.5 -12.9
    endloop
  endfacet
  facet normal 0 -1 0
    outer loop
      vertex 19.950000000000003 1.5 -18.05
      vertex 37.650000000000006 1.5 -21.55
      vertex 37.650000000000006 1.5 -18.05
    endloop
  endfacet
  facet normal 0 -1 0
    outer loop
      vertex 39.150000000000006 1.5 -21.55
      vertex 44.5 1.5 -21.55
      vertex 39.150000000000006 1.5 -18.05
    endloop
  endfacet
  facet normal 0 -1 0
    outer loop
      vertex 19.950000000000003 1.5 -18.05
      vertex 37.650000000000006 1.5 -18.05
      vertex 43.75 1.5 -14.116666666666667
    endloop
  endfacet
  facet normal 0 -1 0
    outer loop
      vertex 19.950000000000003 1.5 -18.05
      vertex 43.75 1.5 -14.116666666666667
      vertex 44.5 1.5 -12.9
    endloop
  endfacet
  facet normal 0 -1 0
    outer loop
      vertex 37.650000000000006 1.5 -18.05
      vertex 39.150000000000006 1.5 -18.05
      vertex 43.75 1.5 -14.116666666666667
    endloop
  endfacet
  facet normal 0 -1 0
    outer loop
      vertex 39.150000000000006 1.5 -18.05
      vertex 44.5 1.5 -21.55
      vertex 43.75 1.5 -15.616666666666667
    endloop
  endfacet
  facet normal 0 -1 0
    outer loop
      vertex 44.5 1.5 -21.55
      vertex 44.5 1.5 -15.616666666666667
      vertex 43.75 1.5 -15.616666666666667
    endloop
  endfacet
  facet normal 1 0 0
    outer loop
      vertex 44.5 1.5 -21.55
      vertex 44.5 2 -16.8
      vertex 44.5 1.5 -15.616666666666667
    endloop
  endfacet
  facet normal 1 0 0
    outer loop
      vertex 44.5 1.5 -21.55
      vertex 44.5 2 -21.55
      vertex 44.5 2 -16.8
    endloop
  endfacet
  facet normal 0 -1 0
    outer loop
      vertex 39.150000000000006 1.5 -18.05
      vertex 43.75 1.5 -15.616666666666667
      vertex 43.75 1.5 -14.116666666666667
    endloop
  endfacet
  facet normal 1 0 0
    outer loop
      vertex 44.5 1.5 -15.616666666666667
      vertex 44.5 2 -16.8
      vertex 44.5 3.5 -16.8
    endloop
  endfacet
  facet normal 1 0 0
    outer loop
      vertex 44.5 15.25 -15.616666666666667
      vertex 44.5 3.5 -16.8
      vertex 44.5 3.5 -21.55
    endloop
  endfacet
  facet normal 1 0 0
    outer loop
      vertex 44.5 1.5 -15.616666666666667
      vertex 44.5 3.5 -16.8
      vertex 44.5 15.25 -15.616666666666667
    endloop
  endfacet
  facet normal 1 0 0
    outer loop
      vertex 44.5 15.25 -21.55
      vertex 44.5 15.25 -15.616666666666667
      vertex 44.5 3.5 -21.55
    endloop
  endfacet
  facet normal 1 0 0
    outer loop
      vertex 44.5 15.25 -21.55
      vertex 44.5 27 -21.55
      vertex 44.5 15.25 -15.616666666666667
    endloop
  endfacet
  facet normal 1 0 0
    outer loop
      vertex 44.5 15.25 -15.616666666666667
      vertex 44.5 27 -21.55
      vertex 44.5 15.25 -14.116666666666667
    endloop
  endfacet
  facet normal 0 -1 0
    outer loop
      vertex 43.75 1.5 0.75
      vertex 44.5 1.5 9.4
      vertex -1.3284271247461845 1.5 -1.75
    endloop
  endfacet
  facet normal 0 1 0
    outer loop
      vertex 44.5 27 -12.301910878032981
      vertex 24.171572875253815 27 -1.75
      vertex 24.171572875253815 27 1.75
    endloop
  endfacet
  facet normal 0 1 0
    outer loop
      vertex 44.5 27 21.55
      vertex 24.171572875253815 27 1.75
      vertex 22.05025253169417 27 1.75
    endloop
  endfacet
  facet normal 0 1 0
    outer loop
      vertex 44.5 27 -12.301910878032981
      vertex 24.171572875253815 27 1.75
      vertex 44.5 27 21.55
    endloop
  endfacet
  facet normal 0 -1 0
    outer loop
      vertex 43.75 1.5 -14.116666666666667
      vertex 44.5 1.5 -14.116666666666667
      vertex 44.5 1.5 -12.9
    endloop
  endfacet
  facet normal 1 0 0
    outer loop
      vertex 44.5 1.5 -14.116666666666667
      vertex 44.5 15.25 -0.75
      vertex 44.5 1.5 -12.9
    endloop
  endfacet
  facet normal 1 0 0
    outer loop
      vertex 44.5 1.5 -9.4
      vertex 44.5 3.5 -2.75
      vertex 44.5 2 -2.75
    endloop
  endfacet
  facet normal 1 0 0
    outer loop
      vertex 44.5 1.5 -9.4
      vertex 44.5 2 -2.75
      vertex 44.5 1.5 -0.75
    endloop
  endfacet
  facet normal 0 -1 0
    outer loop
      vertex 44.5 1.5 -9.4
      vertex 44.5 1.5 -0.75
      vertex 43.75 1.5 -0.75
    endloop
  endfacet
  facet normal 1 0 0
    outer loop
      vertex 44.5 1.5 -12.9
      vertex 44.5 15.25 -0.75
      vertex 44.5 1.5 -9.4
    endloop
  endfacet
  facet normal 1 0 0
    outer loop
      vertex 44.5 1.5 -9.4
      vertex 44.5 15.25 -0.75
      vertex 44.5 3.5 -2.75
    endloop
  endfacet
  facet normal 1 0 0
    outer loop
      vertex 44.5 1.5 -14.116666666666667
      vertex 44.5 15.25 -14.116666666666667
      vertex 44.5 15.25 -0.75
    endloop
  endfacet
  facet normal 1 0 0
    outer loop
      vertex 44.5 1.5 -0.75
      vertex 44.5 2 -2.75
      vertex 44.5 2 -0.75
    endloop
  endfacet
  facet normal 0 -1 0
    outer loop
      vertex 43.75 1.5 0.75
      vertex 44.5 1.5 0.75
      vertex 44.5 1.5 9.4
    endloop
  endfacet
  facet normal 1 0 0
    outer loop
      vertex 44.5 1.5 0.75
      vertex 44.5 2 2.75
      vertex 44.5 1.5 9.4
    endloop
  endfacet
  facet normal 1 0 0
    outer loop
      vertex 44.5 1.5 0.75
      vertex 44.5 2 0.75
      vertex 44.5 2 2.75
    endloop
  endfacet
  facet normal 1 0 0
    outer loop
      vertex 44.5 15.25 -0.75
      vertex 44.5 3.5 -0.75
      vertex 44.5 3.5 -2.75
    endloop
  endfacet
  facet normal 1 0 0
    outer loop
      vertex 44.5 1.5 9.4
      vertex 44.5 2 2.75
      vertex 44.5 3.5 2.75
    endloop
  endfacet
  facet normal 1 0 0
    outer loop
      vertex 44.5 15.25 14.116666666666664
      vertex 44.5 3.5 2.75
      vertex 44.5 3.5 0.75
    endloop
  endfacet
  facet normal 1 0 0
    outer loop
      vertex 44.5 1.5 9.4
      vertex 44.5 3.5 2.75
      vertex 44.5 15.25 14.116666666666664
    endloop
  endfacet
  facet normal 1 0 0
    outer loop
      vertex 44.5 15.25 0.75
      vertex 44.5 15.25 14.116666666666664
      vertex 44.5 3.5 0.75
    endloop
  endfacet
  facet normal 1 0 0
    outer loop
      vertex 44.5 15.25 0.75
      vertex 44.5 19.494362419954246 -1.5827495287619264
      vertex 44.5 15.25 14.116666666666664
    endloop
  endfacet
  facet normal 1 0 0
    outer loop
      vertex 44.5 15.25 -14.116666666666667
      vertex 44.5 27 -21.55
      vertex 44.5 15.25 -0.75
    endloop
  endfacet
  facet normal 1 0 0
    outer loop
      vertex 44.5 27 -21.55
      vertex 44.5 27 -14.742736391902518
      vertex 44.5 20.286357407907097 -5.154661106026076
    endloop
  endfacet
  facet normal 1 0 0
    outer loop
      vertex 44.5 27 -21.55
      vertex 44.5 20.286357407907097 -5.154661106026076
      vertex 44.5 18.347549557949655 -2.3857565396533893
    endloop
  endfacet
  facet normal 1 0 0
    outer loop
      vertex 44.5 27 -12.301910878032981
      vertex 44.5 22.730948024313896 -6.030728128716277
      vertex 44.5 22.649032819884997 -6.088085772351381
    endloop
  endfacet
  facet normal 1 0 0
    outer loop
      vertex 44.5 15.25 -0.75
      vertex 44.5 27 -21.55
      vertex 44.5 15.25 0.75
    endloop
  endfacet
  facet normal 1 0 0
    outer loop
      vertex 44.5 15.25 0.75
      vertex 44.5 27 -21.55
      vertex 44.5 18.347549557949655 -2.3857565396533893
    endloop
  endfacet
  facet normal 1 0 0
    outer loop
      vertex 44.5 15.25 0.75
      vertex 44.5 18.347549557949655 -2.3857565396533893
      vertex 44.5 18.511593658645094 -2.2708916237476107
    endloop
  endfacet
  facet normal 1 0 0
    outer loop
      vertex 44.5 15.25 0.75
      vertex 44.5 18.511593658645094 -2.2708916237476107
      vertex 44.5 19.494362419954246 -1.5827495287619264
    endloop
  endfacet
  facet normal 1 0 0
    outer loop
      vertex 44.5 15.25 14.116666666666664
      vertex 44.5 19.494362419954246 -1.5827495287619264
      vertex 44.5 19.576277624383145 -1.5253918851268224
    endloop
  endfacet
  facet normal 1 0 0
    outer loop
      vertex 44.5 15.25 14.116666666666664
      vertex 44.5 19.576277624383145 -1.5253918851268224
      vertex 44.5 22.730948024313896 -6.030728128716277
    endloop
  endfacet
  facet normal 1 0 0
    outer loop
      vertex 44.5 15.25 14.116666666666664
      vertex 44.5 22.730948024313896 -6.030728128716277
      vertex 44.5 27 -12.301910878032981
    endloop
  endfacet
  facet normal 1 0 0
    outer loop
      vertex 44.5 15.25 14.116666666666664
      vertex 44.5 27 -12.301910878032981
      vertex 44.5 15.25 15.616666666666664
    endloop
  endfacet
  facet normal 1 0 0
    outer loop
      vertex 44.5 15.25 15.616666666666664
      vertex 44.5 27 -12.301910878032981
      vertex 44.5 15.25 21.55
    endloop
  endfacet
  facet normal 1 0 0
    outer loop
      vertex 44.5 15.25 21.55
      vertex 44.5 27 -12.301910878032981
      vertex 44.5 27 21.55
    endloop
  endfacet
  facet normal 0 -1 0
    outer loop
      vertex 18.450000000000003 1.5 18.05
      vertex 43.75 1.5 14.116666666666664
      vertex 19.950000000000003 1.5 18.05
    endloop
  endfacet
  facet normal 0 -1 0
    outer loop
      vertex 19.950000000000003 1.5 18.05
      vertex 37.650000000000006 1.5 18.05
      vertex 19.950000000000003 1.5 21.55
    endloop
  endfacet
  facet normal 0 -1 0
    outer loop
      vertex 19.950000000000003 1.5 21.55
      vertex 37.650000000000006 1.5 18.05
      vertex 37.650000000000006 1.5 21.55
    endloop
  endfacet
  facet normal 0 -1 0
    outer loop
      vertex 18.450000000000003 1.5 18.05
      vertex 44.5 1.5 12.9
      vertex 43.75 1.5 14.116666666666664
    endloop
  endfacet
  facet normal 0 -1 0
    outer loop
      vertex 19.950000000000003 1.5 18.05
      vertex 43.75 1.5 14.116666666666664
      vertex 37.650000000000006 1.5 18.05
    endloop
  endfacet
  facet normal 0 -1 0
    outer loop
      vertex 37.650000000000006 1.5 18.05
      vertex 43.75 1.5 14.116666666666664
      vertex 39.150000000000006 1.5 18.05
    endloop
  endfacet
  facet normal 0 -1 0
    outer loop
      vertex 39.150000000000006 1.5 18.05
      vertex 44.5 1.5 21.55
      vertex 39.150000000000006 1.5 21.55
    endloop
  endfacet
  facet normal 0 -1 0
    outer loop
      vertex 39.150000000000006 1.5 18.05
      vertex 43.75 1.5 14.116666666666664
      vertex 43.75 1.5 15.616666666666664
    endloop
  endfacet
  facet normal 0 -1 0
    outer loop
      vertex 44.5 1.5 12.9
      vertex 44.5 1.5 14.116666666666664
      vertex 43.75 1.5 14.116666666666664
    endloop
  endfacet
  facet normal 1 0 0
    outer loop
      vertex 44.5 1.5 9.4
      vertex 44.5 15.25 14.116666666666664
      vertex 44.5 1.5 12.9
    endloop
  endfacet
  facet normal 1 0 0
    outer loop
      vertex 44.5 1.5 12.9
      vertex 44.5 15.25 14.116666666666664
      vertex 44.5 1.5 14.116666666666664
    endloop
  endfacet
  facet normal 0 -1 0
    outer loop
      vertex 39.150000000000006 1.5 18.05
      vertex 43.75 1.5 15.616666666666664
      vertex 44.5 1.5 21.55
    endloop
  endfacet
  facet normal 0 -1 0
    outer loop
      vertex 43.75 1.5 15.616666666666664
      vertex 44.5 1.5 15.616666666666664
      vertex 44.5 1.5 21.55
    endloop
  endfacet
  facet normal 1 0 0
    outer loop
      vertex 44.5 1.5 15.616666666666664
      vertex 44.5 15.25 21.55
      vertex 44.5 1.5 21.55
    endloop
  endfacet
  facet normal 1 0 0
    outer loop
      vertex 44.5 1.5 15.616666666666664
      vertex 44.5 15.25 15.616666666666664
      vertex 44.5 15.25 21.55
    endloop
  endfacet
  facet normal -1 0 0
    outer loop
      vertex 44.5 29 18.8
      vertex 44.5 29 20.175
      vertex 44.5 29.75 20.175
    endloop
  endfacet
  facet normal 0 0 -1
    outer loop
      vertex 44.5 29 18.8
      vertex 45.875 29.75 18.8
      vertex 45.875 29 18.8
    endloop
  endfacet
  facet normal 0 -1 0
    outer loop
      vertex 44.5 29 18.8
      vertex 45.875 29 18.8
      vertex 45.875 29 20.175
    endloop
  endfacet
  facet normal 0 -1 0
    outer loop
      vertex 44.5 29 18.8
      vertex 45.875 29 20.175
      vertex 44.5 29 20.175
    endloop
  endfacet
  facet normal -1 0 0
    outer loop
      vertex 44.5 29 18.8
      vertex 44.5 29.75 20.175
      vertex 44.5 101 22.3
    endloop
  endfacet
  facet normal -1 0 0
    outer loop
      vertex 44.5 101 22.3
      vertex 44.5 29.75 20.175
      vertex 44.5 29.75 22.3
    endloop
  endfacet
  facet normal 0 0 -1
    outer loop
      vertex 44.5 29 18.8
      vertex 48 101 18.8
      vertex 45.875 29.75 18.8
    endloop
  endfacet
  facet normal 0 0 -1
    outer loop
      vertex 48 101 18.8
      vertex 48 29.75 18.8
      vertex 45.875 29.75 18.8
    endloop
  endfacet
  facet normal 1 0 0
    outer loop
      vertex 48 101 18.8
      vertex 48 29.75 21.55
      vertex 48 29.75 18.8
    endloop
  endfacet
  facet normal 1 0 0
    outer loop
      vertex 48 101 18.8
      vertex 48 29.75 22.3
      vertex 48 29.75 21.55
    endloop
  endfacet
  facet normal 0 0 1
    outer loop
      vertex 48 101 22.3
      vertex 44.5 29.75 22.3
      vertex 48 29.75 22.3
    endloop
  endfacet
  facet normal 0 0 -1
    outer loop
      vertex 44.5 29 18.8
      vertex 44.5 101 18.8
      vertex 48 101 18.8
    endloop
  endfacet
  facet normal -1 0 0
    outer loop
      vertex 44.5 29 18.8
      vertex 44.5 101 22.3
      vertex 44.5 101 18.8
    endloop
  endfacet
  facet normal 0 0 1
    outer loop
      vertex 44.5 101 22.3
      vertex 44.5 29.75 22.3
      vertex 48 101 22.3
    endloop
  endfacet
  facet normal 1 0 0
    outer loop
      vertex 48 101 18.8
      vertex 48 101 22.3
      vertex 48 29.75 22.3
    endloop
  endfacet
  facet normal 0 0 -1
    outer loop
      vertex 48 29.75 -22.3
      vertex 44.5 29.75 -22.3
      vertex 44.5 32.291652946627764 -22.3
    endloop
  endfacet
  facet normal -1 0 0
    outer loop
      vertex 44.5 29.75 -22.3
      vertex 44.5 29.75 -20.175
      vertex 44.5 29.840926562893785 -18.8
    endloop
  endfacet
  facet normal -1 0 0
    outer loop
      vertex 44.5 29.840926562893785 -18.8
      vertex 44.5 32.291652946627764 -22.3
      vertex 44.5 29.75 -22.3
    endloop
  endfacet
  facet normal 0 0 -1
    outer loop
      vertex 44.5 32.291652946627764 -22.3
      vertex 48 32.291652946627764 -22.3
      vertex 48 29.75 -22.3
    endloop
  endfacet
  facet normal 1 0 0
    outer loop
      vertex 48 29.75 -21.8
      vertex 48 29.75 -22.3
      vertex 48 32.291652946627764 -22.3
    endloop
  endfacet
  facet normal 1 0 0
    outer loop
      vertex 48 29.75 -21.8
      vertex 48 32.291652946627764 -22.3
      vertex 48 29.75 -21.55
    endloop
  endfacet
  facet normal 1 0 0
    outer loop
      vertex 48 29.75 -21.55
      vertex 48 32.291652946627764 -22.3
      vertex 48 29.75 -20.175
    endloop
  endfacet
  facet normal 1 0 0
    outer loop
      vertex 48 29.75 -20.175
      vertex 48 32.291652946627764 -22.3
      vertex 48 29.75 -18.8
    endloop
  endfacet
  facet normal -1 0 0
    outer loop
      vertex 44.5 29 -18.8
      vertex 44.5 29.75 -20.175
      vertex 44.5 29 -20.175
    endloop
  endfacet
  facet normal -1 0 0
    outer loop
      vertex 44.5 29 -18.8
      vertex 44.5 29.840926562893785 -18.8
      vertex 44.5 29.75 -20.175
    endloop
  endfacet
  facet normal 0 -1 0
    outer loop
      vertex 44.5 29 -18.8
      vertex 44.5 29 -20.175
      vertex 45.875 29 -20.175
    endloop
  endfacet
  facet normal 0 -1 0
    outer loop
      vertex 44.5 29 -18.8
      vertex 45.875 29 -20.175
      vertex 45.875 29 -18.8
    endloop
  endfacet
  facet normal 0 0 1
    outer loop
      vertex 44.5 29 -18.8
      vertex 45.875 29 -18.8
      vertex 44.5 29.840926562893785 -18.8
    endloop
  endfacet
  facet normal 0 0 1
    outer loop
      vertex 45.875 29 -18.8
      vertex 45.875 29.75 -18.8
      vertex 44.5 29.840926562893785 -18.8
    endloop
  endfacet
  facet normal 1 0 0
    outer loop
      vertex 48 29.75 -18.8
      vertex 48 32.291652946627764 -22.3
      vertex 48 29.84092656289378 -18.8
    endloop
  endfacet
  facet normal 0 0 1
    outer loop
      vertex 45.875 29.75 -18.8
      vertex 48 29.84092656289378 -18.8
      vertex 44.5 29.840926562893785 -18.8
    endloop
  endfacet
  facet normal 0 0 1
    outer loop
      vertex 45.875 29.75 -18.8
      vertex 48 29.75 -18.8
      vertex 48 29.84092656289378 -18.8
    endloop
  endfacet
  facet normal 0 0 -1
    outer loop
      vertex 44.5 101 -22.3
      vertex 48 34.00073737089381 -22.3
      vertex 44.5 34.0007373708938 -22.3
    endloop
  endfacet
  facet normal 1 0 0
    outer loop
      vertex 48 101 -22.3
      vertex 48 31.550010987159823 -18.8
      vertex 48 34.00073737089381 -22.3
    endloop
  endfacet
  facet normal -1 0 0
    outer loop
      vertex 44.5 101 -18.8
      vertex 44.5 34.0007373708938 -22.3
      vertex 44.5 31.550010987159823 -18.8
    endloop
  endfacet
  facet normal 0 0 1
    outer loop
      vertex 48 101 -18.8
      vertex 44.5 31.550010987159823 -18.8
      vertex 48 31.550010987159823 -18.8
    endloop
  endfacet
  facet normal -1 0 0
    outer loop
      vertex 44.5 101 -22.3
      vertex 44.5 34.0007373708938 -22.3
      vertex 44.5 101 -18.8
    endloop
  endfacet
  facet normal 0 0 -1
    outer loop
      vertex 44.5 101 -22.3
      vertex 48 101 -22.3
      vertex 48 34.00073737089381 -22.3
    endloop
  endfacet
  facet normal 0 0 1
    outer loop
      vertex 44.5 101 -18.8
      vertex 44.5 31.550010987159823 -18.8
      vertex 48 101 -18.8
    endloop
  endfacet
  facet normal 1 0 0
    outer loop
      vertex 48 101 -22.3
      vertex 48 101 -18.8
      vertex 48 31.550010987159823 -18.8
    endloop
  endfacet
  facet normal 0 -1 0
    outer loop
      vertex -44.5 29 18.8
      vertex -45.875 29 20.175
      vertex -45.875 29 18.8
    endloop
  endfacet
  facet normal 0 -1 0
    outer loop
      vertex -44.5 29 18.8
      vertex -44.5 29 20.175
      vertex -45.875 29 20.175
    endloop
  endfacet
  facet normal 1 0 0
    outer loop
      vertex -44.5 29 18.8
      vertex -44.5 29.75 20.175
      vertex -44.5 29 20.175
    endloop
  endfacet
  facet normal 0 0 -1
    outer loop
      vertex -48 101 18.8
      vertex -45.875 29.75 18.8
      vertex -48 29.75 18.8
    endloop
  endfacet
  facet normal 0 0 -1
    outer loop
      vertex -44.5 29 18.8
      vertex -45.875 29 18.8
      vertex -44.5 101 18.8
    endloop
  endfacet
  facet normal 0 0 -1
    outer loop
      vertex -44.5 101 18.8
      vertex -45.875 29 18.8
      vertex -45.875 29.75 18.8
    endloop
  endfacet
  facet normal -1 0 0
    outer loop
      vertex -48 101 22.3
      vertex -48 29.75 18.8
      vertex -48 29.75 21.55
    endloop
  endfacet
  facet normal -1 0 0
    outer loop
      vertex -48 101 22.3
      vertex -48 29.75 21.55
      vertex -48 29.75 22.3
    endloop
  endfacet
  facet normal 0 0 1
    outer loop
      vertex -44.5 101 22.3
      vertex -48 29.75 22.3
      vertex -44.5 29.75 22.3
    endloop
  endfacet
  facet normal 1 0 0
    outer loop
      vertex -44.5 29 18.8
      vertex -44.5 101 18.8
      vertex -44.5 29.75 20.175
    endloop
  endfacet
  facet normal 1 0 0
    outer loop
      vertex -44.5 101 18.8
      vertex -44.5 29.75 22.3
      vertex -44.5 29.75 20.175
    endloop
  endfacet
  facet normal 0 0 -1
    outer loop
      vertex -48 101 18.8
      vertex -44.5 101 18.8
      vertex -45.875 29.75 18.8
    endloop
  endfacet
  facet normal -1 0 0
    outer loop
      vertex -48 101 18.8
      vertex -48 29.75 18.8
      vertex -48 101 22.3
    endloop
  endfacet
  facet normal 0 0 1
    outer loop
      vertex -48 101 22.3
      vertex -48 29.75 22.3
      vertex -44.5 101 22.3
    endloop
  endfacet
  facet normal 1 0 0
    outer loop
      vertex -44.5 101 18.8
      vertex -44.5 101 22.3
      vertex -44.5 29.75 22.3
    endloop
  endfacet
  facet normal -1 0 0
    outer loop
      vertex -48 29.75 -21.8
      vertex -48 29.84092656289378 -18.8
      vertex -48 29.75 -22.3
    endloop
  endfacet
  facet normal -1 0 0
    outer loop
      vertex -48 29.75 -21.8
      vertex -48 29.75 -21.55
      vertex -48 29.84092656289378 -18.8
    endloop
  endfacet
  facet normal -1 0 0
    outer loop
      vertex -48 29.75 -22.3
      vertex -48 29.84092656289378 -18.8
      vertex -48 32.291652946627764 -22.3
    endloop
  endfacet
  facet normal 0 0 -1
    outer loop
      vertex -44.5 29.75 -22.3
      vertex -48 29.75 -22.3
      vertex -48 32.291652946627764 -22.3
    endloop
  endfacet
  facet normal 0 0 -1
    outer loop
      vertex -48 32.291652946627764 -22.3
      vertex -44.5 32.291652946627764 -22.3
      vertex -44.5 29.75 -22.3
    endloop
  endfacet
  facet normal 1 0 0
    outer loop
      vertex -44.5 29.75 -20.175
      vertex -44.5 29.75 -22.3
      vertex -44.5 32.291652946627764 -22.3
    endloop
  endfacet
  facet normal 1 0 0
    outer loop
      vertex -44.5 29 -18.8
      vertex -44.5 29.75 -20.175
      vertex -44.5 32.291652946627764 -22.3
    endloop
  endfacet
  facet normal 0 -1 0
    outer loop
      vertex -44.5 29 -18.8
      vertex -45.875 29 -20.175
      vertex -44.5 29 -20.175
    endloop
  endfacet
  facet normal 0 -1 0
    outer loop
      vertex -44.5 29 -18.8
      vertex -45.875 29 -18.8
      vertex -45.875 29 -20.175
    endloop
  endfacet
  facet normal 0 0 1
    outer loop
      vertex -44.5 29 -18.8
      vertex -45.875 29.75 -18.8
      vertex -45.875 29 -18.8
    endloop
  endfacet
  facet normal 0 0 1
    outer loop
      vertex -44.5 29 -18.8
      vertex -44.5 29.840926562893785 -18.8
      vertex -45.875 29.75 -18.8
    endloop
  endfacet
  facet normal -1 0 0
    outer loop
      vertex -48 29.75 -21.55
      vertex -48 29.75 -18.8
      vertex -48 29.84092656289378 -18.8
    endloop
  endfacet
  facet normal 0 0 1
    outer loop
      vertex -48 29.75 -18.8
      vertex -44.5 29.840926562893785 -18.8
      vertex -48 29.84092656289378 -18.8
    endloop
  endfacet
  facet normal 0 0 1
    outer loop
      vertex -48 29.75 -18.8
      vertex -45.875 29.75 -18.8
      vertex -44.5 29.840926562893785 -18.8
    endloop
  endfacet
  facet normal 1 0 0
    outer loop
      vertex -44.5 29 -18.8
      vertex -44.5 29 -20.175
      vertex -44.5 29.75 -20.175
    endloop
  endfacet
  facet normal 1 0 0
    outer loop
      vertex -44.5 29 -18.8
      vertex -44.5 32.291652946627764 -22.3
      vertex -44.5 29.840926562893785 -18.8
    endloop
  endfacet
  facet normal 0 0 -1
    outer loop
      vertex -48 101 -22.3
      vertex -44.5 34.0007373708938 -22.3
      vertex -48 34.00073737089381 -22.3
    endloop
  endfacet
  facet normal 1 0 0
    outer loop
      vertex -44.5 101 -22.3
      vertex -44.5 31.550010987159823 -18.8
      vertex -44.5 34.0007373708938 -22.3
    endloop
  endfacet
  facet normal 0 0 1
    outer loop
      vertex -44.5 101 -18.8
      vertex -48 31.550010987159823 -18.8
      vertex -44.5 31.550010987159823 -18.8
    endloop
  endfacet
  facet normal -1 0 0
    outer loop
      vertex -48 101 -18.8
      vertex -48 34.00073737089381 -22.3
      vertex -48 31.550010987159823 -18.8
    endloop
  endfacet
  facet normal -1 0 0
    outer loop
      vertex -48 101 -22.3
      vertex -48 34.00073737089381 -22.3
      vertex -48 101 -18.8
    endloop
  endfacet
  facet normal 0 0 -1
    outer loop
      vertex -48 101 -22.3
      vertex -44.5 101 -22.3
      vertex -44.5 34.0007373708938 -22.3
    endloop
  endfacet
  facet normal 0 0 1
    outer loop
      vertex -48 101 -18.8
      vertex -48 31.550010987159823 -18.8
      vertex -44.5 101 -18.8
    endloop
  endfacet
  facet normal 1 0 0
    outer loop
      vertex -44.5 101 -22.3
      vertex -44.5 101 -18.8
      vertex -44.5 31.550010987159823 -18.8
    endloop
  endfacet
  facet normal -1 0 0
    outer loop
      vertex -48 101 16.8
      vertex -48 102.5 22.3
      vertex -48 102.5 16.8
    endloop
  endfacet
  facet normal -1 0 0
    outer loop
      vertex -48 101 16.8
      vertex -48 101 18.8
      vertex -48 102.5 22.3
    endloop
  endfacet
  facet normal 0 -1 0
    outer loop
      vertex -48 101 16.8
      vertex -44.5 101 18.8
      vertex -48 101 18.8
    endloop
  endfacet
  facet normal -1 0 0
    outer loop
      vertex -48 101 18.8
      vertex -48 101 22.3
      vertex -48 102.5 22.3
    endloop
  endfacet
  facet normal 0 0 1
    outer loop
      vertex -48 101 22.3
      vertex -44.5 101 22.3
      vertex -48 102.5 22.3
    endloop
  endfacet
  facet normal 0 0 -1
    outer loop
      vertex -48 101 16.8
      vertex -48 102.5 16.8
      vertex 48 102.5 16.8
    endloop
  endfacet
  facet normal 0 -1 0
    outer loop
      vertex -48 101 16.8
      vertex 44.5 101 22.3
      vertex -44.5 101 18.8
    endloop
  endfacet
  facet normal 0 1 0
    outer loop
      vertex -48 102.5 16.8
      vertex -48 102.5 22.3
      vertex 48 102.5 16.8
    endloop
  endfacet
  facet normal 0 0 1
    outer loop
      vertex -48 102.5 22.3
      vertex -44.5 101 22.3
      vertex 44.5 101 22.3
    endloop
  endfacet
  facet normal 0 -1 0
    outer loop
      vertex -44.5 101 18.8
      vertex 44.5 101 22.3
      vertex -44.5 101 22.3
    endloop
  endfacet
  facet normal 0 -1 0
    outer loop
      vertex -48 101 16.8
      vertex 44.5 101 18.8
      vertex 44.5 101 22.3
    endloop
  endfacet
  facet normal 0 -1 0
    outer loop
      vertex -48 101 16.8
      vertex 48 101 16.8
      vertex 44.5 101 18.8
    endloop
  endfacet
  facet normal 0 0 -1
    outer loop
      vertex -48 101 16.8
      vertex 48 102.5 16.8
      vertex 48 101 16.8
    endloop
  endfacet
  facet normal 0 1 0
    outer loop
      vertex -48 102.5 22.3
      vertex 48 102.5 22.3
      vertex 48 102.5 16.8
    endloop
  endfacet
  facet normal 0 0 1
    outer loop
      vertex -48 102.5 22.3
      vertex 44.5 101 22.3
      vertex 48 101 22.3
    endloop
  endfacet
  facet normal 0 0 1
    outer loop
      vertex -48 102.5 22.3
      vertex 48 101 22.3
      vertex 48 102.5 22.3
    endloop
  endfacet
  facet normal 0 -1 0
    outer loop
      vertex 48 101 16.8
      vertex 48 101 18.8
      vertex 44.5 101 18.8
    endloop
  endfacet
  facet normal 1 0 0
    outer loop
      vertex 48 101 16.8
      vertex 48 102.5 16.8
      vertex 48 101 18.8
    endloop
  endfacet
  facet normal 1 0 0
    outer loop
      vertex 48 102.5 16.8
      vertex 48 101 22.3
      vertex 48 101 18.8
    endloop
  endfacet
  facet normal 1 0 0
    outer loop
      vertex 48 102.5 16.8
      vertex 48 102.5 22.3
      vertex 48 101 22.3
    endloop
  endfacet
  facet normal -1 0 0
    outer loop
      vertex -48 101 -22.3
      vertex -48 102.5 -16.8
      vertex -48 102.5 -22.3
    endloop
  endfacet
  facet normal -1 0 0
    outer loop
      vertex -48 101 -22.3
      vertex -48 101 -18.8
      vertex -48 102.5 -16.8
    endloop
  endfacet
  facet normal -1 0 0
    outer loop
      vertex -48 101 -18.8
      vertex -48 101 -16.8
      vertex -48 102.5 -16.8
    endloop
  endfacet
  facet normal 0 -1 0
    outer loop
      vertex -48 101 -18.8
      vertex -44.5 101 -18.8
      vertex -48 101 -16.8
    endloop
  endfacet
  facet normal 0 0 -1
    outer loop
      vertex -48 101 -22.3
      vertex -48 102.5 -22.3
      vertex 48 102.5 -22.3
    endloop
  endfacet
  facet normal 0 1 0
    outer loop
      vertex -48 102.5 -22.3
      vertex -48 102.5 -16.8
      vertex 48 102.5 -22.3
    endloop
  endfacet
  facet normal 0 0 -1
    outer loop
      vertex -48 101 -22.3
      vertex 48 102.5 -22.3
      vertex -44.5 101 -22.3
    endloop
  endfacet
  facet normal 0 -1 0
    outer loop
      vertex -44.5 101 -22.3
      vertex 48 101 -16.8
      vertex -44.5 101 -18.8
    endloop
  endfacet
  facet normal 0 -1 0
    outer loop
      vertex -48 101 -16.8
      vertex -44.5 101 -18.8
      vertex 48 101 -16.8
    endloop
  endfacet
  facet normal 0 0 1
    outer loop
      vertex -48 101 -16.8
      vertex 48 101 -16.8
      vertex -48 102.5 -16.8
    endloop
  endfacet
  facet normal 0 0 -1
    outer loop
      vertex -44.5 101 -22.3
      vertex 48 102.5 -22.3
      vertex 44.5 101 -22.3
    endloop
  endfacet
  facet normal 0 -1 0
    outer loop
      vertex -44.5 101 -22.3
      vertex 44.5 101 -22.3
      vertex 44.5 101 -18.8
    endloop
  endfacet
  facet normal 0 -1 0
    outer loop
      vertex -44.5 101 -22.3
      vertex 44.5 101 -18.8
      vertex 48 101 -16.8
    endloop
  endfacet
  facet normal 0 1 0
    outer loop
      vertex -48 102.5 -16.8
      vertex 48 102.5 -16.8
      vertex 48 102.5 -22.3
    endloop
  endfacet
  facet normal 0 0 1
    outer loop
      vertex -48 102.5 -16.8
      vertex 48 101 -16.8
      vertex 48 102.5 -16.8
    endloop
  endfacet
  facet normal 0 0 -1
    outer loop
      vertex 44.5 101 -22.3
      vertex 48 102.5 -22.3
      vertex 48 101 -22.3
    endloop
  endfacet
  facet normal 1 0 0
    outer loop
      vertex 48 101 -22.3
      vertex 48 102.5 -22.3
      vertex 48 101 -18.8
    endloop
  endfacet
  facet normal 1 0 0
    outer loop
      vertex 48 102.5 -22.3
      vertex 48 101 -16.8
      vertex 48 101 -18.8
    endloop
  endfacet
  facet normal 0 -1 0
    outer loop
      vertex 44.5 101 -18.8
      vertex 48 101 -18.8
      vertex 48 101 -16.8
    endloop
  endfacet
  facet normal 1 0 0
    outer loop
      vertex 48 102.5 -22.3
      vertex 48 102.5 -16.8
      vertex 48 101 -16.8
    endloop
  endfacet
  facet normal 0 0 -1
    outer loop
      vertex -35 27.5 -22
      vertex -35 28.25 -22
      vertex -31 28.25 -22
    endloop
  endfacet
  facet normal -1 0 0
    outer loop
      vertex -35 27.5 -22
      vertex -35 27.5 -21.6
      vertex -35 28.25 -22
    endloop
  endfacet
  facet normal -1 0 0
    outer loop
      vertex -35 28.25 -22
      vertex -35 27.5 -21.6
      vertex -35 28.25 -21.6
    endloop
  endfacet
  facet normal 0 -1 0
    outer loop
      vertex -35 27.5 -22
      vertex -31 27.5 -21.6
      vertex -35 27.5 -21.6
    endloop
  endfacet
  facet normal 0 0 1
    outer loop
      vertex -35 27.5 -21.6
      vertex -31 27.5 -21.6
      vertex -35 28.25 -21.6
    endloop
  endfacet
  facet normal 0 0 -1
    outer loop
      vertex -35 27.5 -22
      vertex -31 28.25 -22
      vertex -31 27.5 -22
    endloop
  endfacet
  facet normal 0 -1 0
    outer loop
      vertex -35 27.5 -22
      vertex -31 27.5 -22
      vertex -31 27.5 -21.6
    endloop
  endfacet
  facet normal 0 0 1
    outer loop
      vertex -35 28.25 -21.6
      vertex -31 27.5 -21.6
      vertex -31 28.25 -21.6
    endloop
  endfacet
  facet normal 0 0 -1
    outer loop
      vertex -35 29.75 -22
      vertex -35 31.5 -22
      vertex -31 31.5 -22
    endloop
  endfacet
  facet normal -1 0 0
    outer loop
      vertex -35 29.75 -22
      vertex -35 29.75 -21.6
      vertex -35 31.5 -22
    endloop
  endfacet
  facet normal -1 0 0
    outer loop
      vertex -35 29.75 -21.6
      vertex -35 31.5 -21.6
      vertex -35 31.5 -22
    endloop
  endfacet
  facet normal 0 0 1
    outer loop
      vertex -35 29.75 -21.6
      vertex -31 29.75 -21.6
      vertex -35 31.5 -21.6
    endloop
  endfacet
  facet normal 0 1 0
    outer loop
      vertex -35 31.5 -22
      vertex -35 31.5 -21.6
      vertex -31 31.5 -22
    endloop
  endfacet
  facet normal 0 0 -1
    outer loop
      vertex -35 29.75 -22
      vertex -31 31.5 -22
      vertex -31 29.75 -22
    endloop
  endfacet
  facet normal 0 0 1
    outer loop
      vertex -31 29.75 -21.6
      vertex -31 31.5 -21.6
      vertex -35 31.5 -21.6
    endloop
  endfacet
  facet normal 0 1 0
    outer loop
      vertex -35 31.5 -21.6
      vertex -31 31.5 -21.6
      vertex -31 31.5 -22
    endloop
  endfacet
  facet normal 1 0 0
    outer loop
      vertex -31 27.5 -22
      vertex -31 28.25 -21.6
      vertex -31 27.5 -21.6
    endloop
  endfacet
  facet normal 1 0 0
    outer loop
      vertex -31 27.5 -22
      vertex -31 28.25 -22
      vertex -31 28.25 -21.6
    endloop
  endfacet
  facet normal 1 0 0
    outer loop
      vertex -31 29.75 -22
      vertex -31 31.5 -21.6
      vertex -31 29.75 -21.6
    endloop
  endfacet
  facet normal 1 0 0
    outer loop
      vertex -31 29.75 -22
      vertex -31 31.5 -22
      vertex -31 31.5 -21.6
    endloop
  endfacet
  facet normal 0 0 -1
    outer loop
      vertex -13 27.5 -22
      vertex -13 28.25 -22
      vertex -9 28.25 -22
    endloop
  endfacet
  facet normal -1 0 0
    outer loop
      vertex -13 27.5 -22
      vertex -13 27.5 -21.6
      vertex -13 28.25 -22
    endloop
  endfacet
  facet normal -1 0 0
    outer loop
      vertex -13 28.25 -22
      vertex -13 27.5 -21.6
      vertex -13 28.25 -21.6
    endloop
  endfacet
  facet normal 0 -1 0
    outer loop
      vertex -13 27.5 -22
      vertex -9 27.5 -21.6
      vertex -13 27.5 -21.6
    endloop
  endfacet
  facet normal 0 0 1
    outer loop
      vertex -13 27.5 -21.6
      vertex -9 27.5 -21.6
      vertex -13 28.25 -21.6
    endloop
  endfacet
  facet normal 0 0 -1
    outer loop
      vertex -13 27.5 -22
      vertex -9 28.25 -22
      vertex -9 27.5 -22
    endloop
  endfacet
  facet normal 0 -1 0
    outer loop
      vertex -13 27.5 -22
      vertex -9 27.5 -22
      vertex -9 27.5 -21.6
    endloop
  endfacet
  facet normal 0 0 1
    outer loop
      vertex -13 28.25 -21.6
      vertex -9 27.5 -21.6
      vertex -9 28.25 -21.6
    endloop
  endfacet
  facet normal 1 0 0
    outer loop
      vertex -9 27.5 -22
      vertex -9 28.25 -21.6
      vertex -9 27.5 -21.6
    endloop
  endfacet
  facet normal 1 0 0
    outer loop
      vertex -9 27.5 -22
      vertex -9 28.25 -22
      vertex -9 28.25 -21.6
    endloop
  endfacet
  facet normal 0 0 -1
    outer loop
      vertex -13 29.75 -22
      vertex -13 31.5 -22
      vertex -9 31.5 -22
    endloop
  endfacet
  facet normal -1 0 0
    outer loop
      vertex -13 29.75 -22
      vertex -13 29.75 -21.6
      vertex -13 31.5 -22
    endloop
  endfacet
  facet normal -1 0 0
    outer loop
      vertex -13 29.75 -21.6
      vertex -13 31.5 -21.6
      vertex -13 31.5 -22
    endloop
  endfacet
  facet normal 0 0 1
    outer loop
      vertex -13 29.75 -21.6
      vertex -9 29.75 -21.6
      vertex -13 31.5 -21.6
    endloop
  endfacet
  facet normal 0 1 0
    outer loop
      vertex -13 31.5 -22
      vertex -13 31.5 -21.6
      vertex -9 31.5 -22
    endloop
  endfacet
  facet normal 0 0 -1
    outer loop
      vertex -13 29.75 -22
      vertex -9 31.5 -22
      vertex -9 29.75 -22
    endloop
  endfacet
  facet normal 0 0 1
    outer loop
      vertex -9 29.75 -21.6
      vertex -9 31.5 -21.6
      vertex -13 31.5 -21.6
    endloop
  endfacet
  facet normal 0 1 0
    outer loop
      vertex -13 31.5 -21.6
      vertex -9 31.5 -21.6
      vertex -9 31.5 -22
    endloop
  endfacet
  facet normal 1 0 0
    outer loop
      vertex -9 29.75 -22
      vertex -9 31.5 -21.6
      vertex -9 29.75 -21.8
    endloop
  endfacet
  facet normal 1 0 0
    outer loop
      vertex -9 29.75 -21.8
      vertex -9 31.5 -21.6
      vertex -9 29.75 -21.6
    endloop
  endfacet
  facet normal 1 0 0
    outer loop
      vertex -9 29.75 -22
      vertex -9 31.5 -22
      vertex -9 31.5 -21.6
    endloop
  endfacet
  facet normal -1 0 0
    outer loop
      vertex 9 27.5 -22
      vertex 9 27.5 -21.6
      vertex 9 28.25 -22
    endloop
  endfacet
  facet normal -1 0 0
    outer loop
      vertex 9 28.25 -22
      vertex 9 27.5 -21.6
      vertex 9 28.25 -21.6
    endloop
  endfacet
  facet normal -1 0 0
    outer loop
      vertex 9 29.75 -22
      vertex 9 29.75 -21.8
      vertex 9 31.5 -22
    endloop
  endfacet
  facet normal -1 0 0
    outer loop
      vertex 9 29.75 -21.8
      vertex 9 29.75 -21.6
      vertex 9 31.5 -22
    endloop
  endfacet
  facet normal -1 0 0
    outer loop
      vertex 9 29.75 -21.6
      vertex 9 31.5 -21.6
      vertex 9 31.5 -22
    endloop
  endfacet
  facet normal 0 0 -1
    outer loop
      vertex 9 27.5 -22
      vertex 9 28.25 -22
      vertex 13 28.25 -22
    endloop
  endfacet
  facet normal 0 0 -1
    outer loop
      vertex 9 27.5 -22
      vertex 13 28.25 -22
      vertex 13 27.5 -22
    endloop
  endfacet
  facet normal 0 -1 0
    outer loop
      vertex 9 27.5 -22
      vertex 13 27.5 -21.6
      vertex 9 27.5 -21.6
    endloop
  endfacet
  facet normal 0 0 1
    outer loop
      vertex 9 27.5 -21.6
      vertex 13 27.5 -21.6
      vertex 9 28.25 -21.6
    endloop
  endfacet
  facet normal 0 -1 0
    outer loop
      vertex 9 27.5 -22
      vertex 13 27.5 -22
      vertex 13 27.5 -21.6
    endloop
  endfacet
  facet normal 0 0 1
    outer loop
      vertex 9 28.25 -21.6
      vertex 13 27.5 -21.6
      vertex 13 28.25 -21.6
    endloop
  endfacet
  facet normal 1 0 0
    outer loop
      vertex 13 27.5 -22
      vertex 13 28.25 -21.6
      vertex 13 27.5 -21.6
    endloop
  endfacet
  facet normal 1 0 0
    outer loop
      vertex 13 27.5 -22
      vertex 13 28.25 -22
      vertex 13 28.25 -21.6
    endloop
  endfacet
  facet normal 0 0 -1
    outer loop
      vertex 9 29.75 -22
      vertex 9 31.5 -22
      vertex 13 31.5 -22
    endloop
  endfacet
  facet normal 0 0 -1
    outer loop
      vertex 9 29.75 -22
      vertex 13 31.5 -22
      vertex 13 29.75 -22
    endloop
  endfacet
  facet normal 0 0 1
    outer loop
      vertex 9 29.75 -21.6
      vertex 13 29.75 -21.6
      vertex 9 31.5 -21.6
    endloop
  endfacet
  facet normal 0 1 0
    outer loop
      vertex 9 31.5 -22
      vertex 9 31.5 -21.6
      vertex 13 31.5 -22
    endloop
  endfacet
  facet normal 0 0 1
    outer loop
      vertex 13 29.75 -21.6
      vertex 13 31.5 -21.6
      vertex 9 31.5 -21.6
    endloop
  endfacet
  facet normal 0 1 0
    outer loop
      vertex 9 31.5 -21.6
      vertex 13 31.5 -21.6
      vertex 13 31.5 -22
    endloop
  endfacet
  facet normal 1 0 0
    outer loop
      vertex 13 29.75 -22
      vertex 13 31.5 -21.6
      vertex 13 29.75 -21.6
    endloop
  endfacet
  facet normal 1 0 0
    outer loop
      vertex 13 29.75 -22
      vertex 13 31.5 -22
      vertex 13 31.5 -21.6
    endloop
  endfacet
  facet normal 0 0 -1
    outer loop
      vertex 31 27.5 -22
      vertex 31 28.25 -22
      vertex 35 28.25 -22
    endloop
  endfacet
  facet normal -1 0 0
    outer loop
      vertex 31 27.5 -22
      vertex 31 27.5 -21.6
      vertex 31 28.25 -22
    endloop
  endfacet
  facet normal -1 0 0
    outer loop
      vertex 31 28.25 -22
      vertex 31 27.5 -21.6
      vertex 31 28.25 -21.6
    endloop
  endfacet
  facet normal 0 -1 0
    outer loop
      vertex 31 27.5 -22
      vertex 35 27.5 -21.6
      vertex 31 27.5 -21.6
    endloop
  endfacet
  facet normal 0 0 1
    outer loop
      vertex 31 27.5 -21.6
      vertex 35 27.5 -21.6
      vertex 31 28.25 -21.6
    endloop
  endfacet
  facet normal 0 0 -1
    outer loop
      vertex 31 29.75 -22
      vertex 31 31.5 -22
      vertex 35 31.5 -22
    endloop
  endfacet
  facet normal -1 0 0
    outer loop
      vertex 31 29.75 -22
      vertex 31 29.75 -21.6
      vertex 31 31.5 -22
    endloop
  endfacet
  facet normal -1 0 0
    outer loop
      vertex 31 29.75 -21.6
      vertex 31 31.5 -21.6
      vertex 31 31.5 -22
    endloop
  endfacet
  facet normal 0 0 1
    outer loop
      vertex 31 29.75 -21.6
      vertex 35 29.75 -21.6
      vertex 31 31.5 -21.6
    endloop
  endfacet
  facet normal 0 1 0
    outer loop
      vertex 31 31.5 -22
      vertex 31 31.5 -21.6
      vertex 35 31.5 -22
    endloop
  endfacet
  facet normal 0 0 -1
    outer loop
      vertex 31 27.5 -22
      vertex 35 28.25 -22
      vertex 35 27.5 -22
    endloop
  endfacet
  facet normal 0 -1 0
    outer loop
      vertex 31 27.5 -22
      vertex 35 27.5 -22
      vertex 35 27.5 -21.6
    endloop
  endfacet
  facet normal 0 0 1
    outer loop
      vertex 31 28.25 -21.6
      vertex 35 27.5 -21.6
      vertex 35 28.25 -21.6
    endloop
  endfacet
  facet normal 1 0 0
    outer loop
      vertex 35 27.5 -22
      vertex 35 28.25 -21.6
      vertex 35 27.5 -21.6
    endloop
  endfacet
  facet normal 1 0 0
    outer loop
      vertex 35 27.5 -22
      vertex 35 28.25 -22
      vertex 35 28.25 -21.6
    endloop
  endfacet
  facet normal 0 0 -1
    outer loop
      vertex 31 29.75 -22
      vertex 35 31.5 -22
      vertex 35 29.75 -22
    endloop
  endfacet
  facet normal 0 0 1
    outer loop
      vertex 35 29.75 -21.6
      vertex 35 31.5 -21.6
      vertex 31 31.5 -21.6
    endloop
  endfacet
  facet normal 0 1 0
    outer loop
      vertex 31 31.5 -21.6
      vertex 35 31.5 -21.6
      vertex 35 31.5 -22
    endloop
  endfacet
  facet normal 1 0 0
    outer loop
      vertex 35 29.75 -22
      vertex 35 31.5 -21.6
      vertex 35 29.75 -21.6
    endloop
  endfacet
  facet normal 1 0 0
    outer loop
      vertex 35 29.75 -22
      vertex 35 31.5 -22
      vertex 35 31.5 -21.6
    endloop
  endfacet
  facet normal -1 0 0
    outer loop
      vertex -48 29.269030116872177 -21.895670858091272
      vertex -48 29.260764916066947 -21.872571169313616
      vertex -48 29.269030116872177 -21.70432914190873
    endloop
  endfacet
  facet normal -1 0 0
    outer loop
      vertex -48 29.269030116872177 -21.895670858091272
      vertex -48 29.279519683912913 -21.682150815793502
      vertex -48 29.279519683912913 -21.9178491842065
    endloop
  endfacet
  facet normal -1 0 0
    outer loop
      vertex -48 29.306747386659314 -21.958598321040913
      vertex -48 29.32322330470336 -21.623223304703362
      vertex -48 29.32322330470336 -21.97677669529664
    endloop
  endfacet
  facet normal -1 0 0
    outer loop
      vertex -48 29.306747386659314 -21.958598321040913
      vertex -48 29.292132596924365 -21.938892558254903
      vertex -48 29.306747386659314 -21.641401678959088
    endloop
  endfacet
  facet normal -1 0 0
    outer loop
      vertex -48 29.292132596924365 -21.938892558254903
      vertex -48 29.279519683912913 -21.9178491842065
      vertex -48 29.292132596924365 -21.6611074417451
    endloop
  endfacet
  facet normal -1 0 0
    outer loop
      vertex -48 29.341401678959087 -21.993252613340687
      vertex -48 29.361107441745098 -21.592132596924365
      vertex -48 29.361107441745098 -22.007867403075636
    endloop
  endfacet
  facet normal -1 0 0
    outer loop
      vertex -48 29.32322330470336 -21.97677669529664
      vertex -48 29.341401678959087 -21.606747386659315
      vertex -48 29.341401678959087 -21.993252613340687
    endloop
  endfacet
  facet normal -1 0 0
    outer loop
      vertex -48 29.260764916066947 -21.872571169313616
      vertex -48 29.254803679899194 -21.848772580504033
      vertex -48 29.260764916066947 -21.727428830686385
    endloop
  endfacet
  facet normal -1 0 0
    outer loop
      vertex -48 29.254803679899194 -21.848772580504033
      vertex -48 29.251203818331952 -21.82450428508239
      vertex -48 29.254803679899194 -21.75122741949597
    endloop
  endfacet
  facet normal -1 0 0
    outer loop
      vertex -48 29.251203818331952 -21.82450428508239
      vertex -48 29.25 -21.8
      vertex -48 29.251203818331952 -21.77549571491761
    endloop
  endfacet
  facet normal -1 0 0
    outer loop
      vertex -48 29.251203818331952 -21.82450428508239
      vertex -48 29.251203818331952 -21.77549571491761
      vertex -48 29.254803679899194 -21.75122741949597
    endloop
  endfacet
  facet normal -1 0 0
    outer loop
      vertex -48 29.254803679899194 -21.848772580504033
      vertex -48 29.254803679899194 -21.75122741949597
      vertex -48 29.260764916066947 -21.727428830686385
    endloop
  endfacet
  facet normal -1 0 0
    outer loop
      vertex -48 29.260764916066947 -21.872571169313616
      vertex -48 29.260764916066947 -21.727428830686385
      vertex -48 29.269030116872177 -21.70432914190873
    endloop
  endfacet
  facet normal -1 0 0
    outer loop
      vertex -48 29.269030116872177 -21.895670858091272
      vertex -48 29.269030116872177 -21.70432914190873
      vertex -48 29.279519683912913 -21.682150815793502
    endloop
  endfacet
  facet normal -1 0 0
    outer loop
      vertex -48 29.279519683912913 -21.9178491842065
      vertex -48 29.279519683912913 -21.682150815793502
      vertex -48 29.292132596924365 -21.6611074417451
    endloop
  endfacet
  facet normal -1 0 0
    outer loop
      vertex -48 29.292132596924365 -21.938892558254903
      vertex -48 29.292132596924365 -21.6611074417451
      vertex -48 29.306747386659314 -21.641401678959088
    endloop
  endfacet
  facet normal -1 0 0
    outer loop
      vertex -48 29.306747386659314 -21.958598321040913
      vertex -48 29.306747386659314 -21.641401678959088
      vertex -48 29.32322330470336 -21.623223304703362
    endloop
  endfacet
  facet normal -1 0 0
    outer loop
      vertex -48 29.32322330470336 -21.97677669529664
      vertex -48 29.32322330470336 -21.623223304703362
      vertex -48 29.341401678959087 -21.606747386659315
    endloop
  endfacet
  facet normal -1 0 0
    outer loop
      vertex -48 29.341401678959087 -21.993252613340687
      vertex -48 29.341401678959087 -21.606747386659315
      vertex -48 29.361107441745098 -21.592132596924365
    endloop
  endfacet
  facet normal -1 0 0
    outer loop
      vertex -48 29.361107441745098 -22.007867403075636
      vertex -48 29.361107441745098 -21.592132596924365
      vertex -48 29.3821508157935 -21.579519683912913
    endloop
  endfacet
  facet normal -1 0 0
    outer loop
      vertex -48 29.3821508157935 -22.020480316087088
      vertex -48 29.361107441745098 -22.007867403075636
      vertex -48 29.3821508157935 -21.579519683912913
    endloop
  endfacet
  facet normal -1 0 0
    outer loop
      vertex -48 29.3821508157935 -22.020480316087088
      vertex -48 29.40432914190873 -21.569030116872177
      vertex -48 29.40432914190873 -22.030969883127824
    endloop
  endfacet
  facet normal -1 0 0
    outer loop
      vertex -48 29.40432914190873 -22.030969883127824
      vertex -48 29.427428830686384 -21.560764916066947
      vertex -48 29.427428830686384 -22.039235083933054
    endloop
  endfacet
  facet normal -1 0 0
    outer loop
      vertex -48 29.427428830686384 -22.039235083933054
      vertex -48 29.451227419495968 -21.554803679899194
      vertex -48 29.451227419495968 -22.045196320100807
    endloop
  endfacet
  facet normal -1 0 0
    outer loop
      vertex -48 29.47549571491761 -22.04879618166805
      vertex -48 29.451227419495968 -22.045196320100807
      vertex -48 29.47549571491761 -21.551203818331953
    endloop
  endfacet
  facet normal -1 0 0
    outer loop
      vertex -48 29.47549571491761 -22.04879618166805
      vertex -48 29.5 -21.55
      vertex -48 29.5 -22.05
    endloop
  endfacet
  facet normal -1 0 0
    outer loop
      vertex -48 29.5 -22.05
      vertex -48 29.52450428508239 -21.551203818331953
      vertex -48 29.52450428508239 -22.04879618166805
    endloop
  endfacet
  facet normal -1 0 0
    outer loop
      vertex -48 29.52450428508239 -22.04879618166805
      vertex -48 29.548772580504032 -21.554803679899194
      vertex -48 29.548772580504032 -22.045196320100807
    endloop
  endfacet
  facet normal -1 0 0
    outer loop
      vertex -48 29.548772580504032 -22.045196320100807
      vertex -48 29.572571169313616 -21.560764916066947
      vertex -48 29.572571169313616 -22.039235083933054
    endloop
  endfacet
  facet normal -1 0 0
    outer loop
      vertex -48 29.572571169313616 -22.039235083933054
      vertex -48 29.59567085809127 -21.569030116872177
      vertex -48 29.59567085809127 -22.030969883127824
    endloop
  endfacet
  facet normal -1 0 0
    outer loop
      vertex -48 29.59567085809127 -22.030969883127824
      vertex -48 29.6178491842065 -21.579519683912913
      vertex -48 29.6178491842065 -22.020480316087088
    endloop
  endfacet
  facet normal -1 0 0
    outer loop
      vertex -48 29.6178491842065 -22.020480316087088
      vertex -48 29.638892558254902 -21.592132596924365
      vertex -48 29.638892558254902 -22.007867403075636
    endloop
  endfacet
  facet normal -1 0 0
    outer loop
      vertex -48 29.59567085809127 -22.030969883127824
      vertex -48 29.59567085809127 -21.569030116872177
      vertex -48 29.6178491842065 -21.579519683912913
    endloop
  endfacet
  facet normal -1 0 0
    outer loop
      vertex -48 29.6178491842065 -22.020480316087088
      vertex -48 29.6178491842065 -21.579519683912913
      vertex -48 29.638892558254902 -21.592132596924365
    endloop
  endfacet
  facet normal -1 0 0
    outer loop
      vertex -48 29.3821508157935 -22.020480316087088
      vertex -48 29.3821508157935 -21.579519683912913
      vertex -48 29.40432914190873 -21.569030116872177
    endloop
  endfacet
  facet normal -1 0 0
    outer loop
      vertex -48 29.40432914190873 -22.030969883127824
      vertex -48 29.40432914190873 -21.569030116872177
      vertex -48 29.427428830686384 -21.560764916066947
    endloop
  endfacet
  facet normal -1 0 0
    outer loop
      vertex -48 29.427428830686384 -22.039235083933054
      vertex -48 29.427428830686384 -21.560764916066947
      vertex -48 29.451227419495968 -21.554803679899194
    endloop
  endfacet
  facet normal -1 0 0
    outer loop
      vertex -48 29.451227419495968 -22.045196320100807
      vertex -48 29.451227419495968 -21.554803679899194
      vertex -48 29.47549571491761 -21.551203818331953
    endloop
  endfacet
  facet normal -1 0 0
    outer loop
      vertex -48 29.47549571491761 -22.04879618166805
      vertex -48 29.47549571491761 -21.551203818331953
      vertex -48 29.5 -21.55
    endloop
  endfacet
  facet normal -1 0 0
    outer loop
      vertex -48 29.5 -22.05
      vertex -48 29.5 -21.55
      vertex -48 29.52450428508239 -21.551203818331953
    endloop
  endfacet
  facet normal -1 0 0
    outer loop
      vertex -48 29.52450428508239 -22.04879618166805
      vertex -48 29.52450428508239 -21.551203818331953
      vertex -48 29.548772580504032 -21.554803679899194
    endloop
  endfacet
  facet normal -1 0 0
    outer loop
      vertex -48 29.548772580504032 -22.045196320100807
      vertex -48 29.548772580504032 -21.554803679899194
      vertex -48 29.572571169313616 -21.560764916066947
    endloop
  endfacet
  facet normal -1 0 0
    outer loop
      vertex -48 29.572571169313616 -22.039235083933054
      vertex -48 29.572571169313616 -21.560764916066947
      vertex -48 29.59567085809127 -21.569030116872177
    endloop
  endfacet
  facet normal -1 0 0
    outer loop
      vertex -48 29.638892558254902 -22.007867403075636
      vertex -48 29.658598321040913 -21.606747386659315
      vertex -48 29.658598321040913 -21.993252613340687
    endloop
  endfacet
  facet normal -1 0 0
    outer loop
      vertex -48 29.658598321040913 -21.993252613340687
      vertex -48 29.67677669529664 -21.623223304703362
      vertex -48 29.67677669529664 -21.97677669529664
    endloop
  endfacet
  facet normal -1 0 0
    outer loop
      vertex -48 29.67677669529664 -21.97677669529664
      vertex -48 29.693252613340686 -21.641401678959088
      vertex -48 29.693252613340686 -21.958598321040913
    endloop
  endfacet
  facet normal -1 0 0
    outer loop
      vertex -48 29.693252613340686 -21.958598321040913
      vertex -48 29.707867403075635 -21.6611074417451
      vertex -48 29.707867403075635 -21.938892558254903
    endloop
  endfacet
  facet normal -1 0 0
    outer loop
      vertex -48 29.707867403075635 -21.938892558254903
      vertex -48 29.720480316087087 -21.682150815793502
      vertex -48 29.720480316087087 -21.9178491842065
    endloop
  endfacet
  facet normal -1 0 0
    outer loop
      vertex -48 29.720480316087087 -21.9178491842065
      vertex -48 29.730969883127823 -21.70432914190873
      vertex -48 29.730969883127823 -21.895670858091272
    endloop
  endfacet
  facet normal -1 0 0
    outer loop
      vertex -48 29.730969883127823 -21.895670858091272
      vertex -48 29.739235083933053 -21.727428830686385
      vertex -48 29.739235083933053 -21.872571169313616
    endloop
  endfacet
  facet normal -1 0 0
    outer loop
      vertex -48 29.739235083933053 -21.872571169313616
      vertex -48 29.745196320100806 -21.75122741949597
      vertex -48 29.745196320100806 -21.848772580504033
    endloop
  endfacet
  facet normal -1 0 0
    outer loop
      vertex -48 29.638892558254902 -22.007867403075636
      vertex -48 29.638892558254902 -21.592132596924365
      vertex -48 29.658598321040913 -21.606747386659315
    endloop
  endfacet
  facet normal -1 0 0
    outer loop
      vertex -48 29.658598321040913 -21.993252613340687
      vertex -48 29.658598321040913 -21.606747386659315
      vertex -48 29.67677669529664 -21.623223304703362
    endloop
  endfacet
  facet normal -1 0 0
    outer loop
      vertex -48 29.693252613340686 -21.958598321040913
      vertex -48 29.693252613340686 -21.641401678959088
      vertex -48 29.707867403075635 -21.6611074417451
    endloop
  endfacet
  facet normal -1 0 0
    outer loop
      vertex -48 29.67677669529664 -21.97677669529664
      vertex -48 29.67677669529664 -21.623223304703362
      vertex -48 29.693252613340686 -21.641401678959088
    endloop
  endfacet
  facet normal -1 0 0
    outer loop
      vertex -48 29.707867403075635 -21.938892558254903
      vertex -48 29.707867403075635 -21.6611074417451
      vertex -48 29.720480316087087 -21.682150815793502
    endloop
  endfacet
  facet normal -1 0 0
    outer loop
      vertex -48 29.745196320100806 -21.848772580504033
      vertex -48 29.748796181668048 -21.77549571491761
      vertex -48 29.748796181668048 -21.82450428508239
    endloop
  endfacet
  facet normal -1 0 0
    outer loop
      vertex -48 29.745196320100806 -21.848772580504033
      vertex -48 29.745196320100806 -21.75122741949597
      vertex -48 29.748796181668048 -21.77549571491761
    endloop
  endfacet
  facet normal -1 0 0
    outer loop
      vertex -48 29.739235083933053 -21.872571169313616
      vertex -48 29.739235083933053 -21.727428830686385
      vertex -48 29.745196320100806 -21.75122741949597
    endloop
  endfacet
  facet normal -1 0 0
    outer loop
      vertex -48 29.730969883127823 -21.895670858091272
      vertex -48 29.730969883127823 -21.70432914190873
      vertex -48 29.739235083933053 -21.727428830686385
    endloop
  endfacet
  facet normal -1 0 0
    outer loop
      vertex -48 29.720480316087087 -21.9178491842065
      vertex -48 29.720480316087087 -21.682150815793502
      vertex -48 29.730969883127823 -21.70432914190873
    endloop
  endfacet
  facet normal -1 0 0
    outer loop
      vertex -48 29.748796181668048 -21.82450428508239
      vertex -48 29.748796181668048 -21.77549571491761
      vertex -48 29.75 -21.8
    endloop
  endfacet
  facet normal 1 0 0
    outer loop
      vertex 48 29.269030116872177 -21.895670858091272
      vertex 48 29.260764916066947 -21.727428830686385
      vertex 48 29.260764916066947 -21.872571169313616
    endloop
  endfacet
  facet normal 1 0 0
    outer loop
      vertex 48 29.260764916066947 -21.872571169313616
      vertex 48 29.254803679899194 -21.75122741949597
      vertex 48 29.254803679899194 -21.848772580504033
    endloop
  endfacet
  facet normal 1 0 0
    outer loop
      vertex 48 29.269030116872177 -21.895670858091272
      vertex 48 29.279519683912913 -21.9178491842065
      vertex 48 29.269030116872177 -21.70432914190873
    endloop
  endfacet
  facet normal 1 0 0
    outer loop
      vertex 48 29.306747386659314 -21.958598321040913
      vertex 48 29.32322330470336 -21.97677669529664
      vertex 48 29.306747386659314 -21.641401678959088
    endloop
  endfacet
  facet normal 1 0 0
    outer loop
      vertex 48 29.306747386659314 -21.958598321040913
      vertex 48 29.292132596924365 -21.6611074417451
      vertex 48 29.292132596924365 -21.938892558254903
    endloop
  endfacet
  facet normal 1 0 0
    outer loop
      vertex 48 29.292132596924365 -21.938892558254903
      vertex 48 29.279519683912913 -21.682150815793502
      vertex 48 29.279519683912913 -21.9178491842065
    endloop
  endfacet
  facet normal 1 0 0
    outer loop
      vertex 48 29.32322330470336 -21.97677669529664
      vertex 48 29.341401678959087 -21.993252613340687
      vertex 48 29.32322330470336 -21.623223304703362
    endloop
  endfacet
  facet normal 1 0 0
    outer loop
      vertex 48 29.341401678959087 -21.993252613340687
      vertex 48 29.361107441745098 -22.007867403075636
      vertex 48 29.341401678959087 -21.606747386659315
    endloop
  endfacet
  facet normal 1 0 0
    outer loop
      vertex 48 29.3821508157935 -22.020480316087088
      vertex 48 29.361107441745098 -21.592132596924365
      vertex 48 29.361107441745098 -22.007867403075636
    endloop
  endfacet
  facet normal 1 0 0
    outer loop
      vertex 48 29.254803679899194 -21.848772580504033
      vertex 48 29.251203818331952 -21.77549571491761
      vertex 48 29.251203818331952 -21.82450428508239
    endloop
  endfacet
  facet normal 1 0 0
    outer loop
      vertex 48 29.251203818331952 -21.82450428508239
      vertex 48 29.251203818331952 -21.77549571491761
      vertex 48 29.25 -21.8
    endloop
  endfacet
  facet normal 1 0 0
    outer loop
      vertex 48 29.254803679899194 -21.848772580504033
      vertex 48 29.254803679899194 -21.75122741949597
      vertex 48 29.251203818331952 -21.77549571491761
    endloop
  endfacet
  facet normal 1 0 0
    outer loop
      vertex 48 29.260764916066947 -21.872571169313616
      vertex 48 29.260764916066947 -21.727428830686385
      vertex 48 29.254803679899194 -21.75122741949597
    endloop
  endfacet
  facet normal 1 0 0
    outer loop
      vertex 48 29.269030116872177 -21.895670858091272
      vertex 48 29.269030116872177 -21.70432914190873
      vertex 48 29.260764916066947 -21.727428830686385
    endloop
  endfacet
  facet normal 1 0 0
    outer loop
      vertex 48 29.269030116872177 -21.70432914190873
      vertex 48 29.279519683912913 -21.9178491842065
      vertex 48 29.279519683912913 -21.682150815793502
    endloop
  endfacet
  facet normal 1 0 0
    outer loop
      vertex 48 29.292132596924365 -21.938892558254903
      vertex 48 29.292132596924365 -21.6611074417451
      vertex 48 29.279519683912913 -21.682150815793502
    endloop
  endfacet
  facet normal 1 0 0
    outer loop
      vertex 48 29.306747386659314 -21.958598321040913
      vertex 48 29.306747386659314 -21.641401678959088
      vertex 48 29.292132596924365 -21.6611074417451
    endloop
  endfacet
  facet normal 1 0 0
    outer loop
      vertex 48 29.32322330470336 -21.97677669529664
      vertex 48 29.32322330470336 -21.623223304703362
      vertex 48 29.306747386659314 -21.641401678959088
    endloop
  endfacet
  facet normal 1 0 0
    outer loop
      vertex 48 29.341401678959087 -21.993252613340687
      vertex 48 29.341401678959087 -21.606747386659315
      vertex 48 29.32322330470336 -21.623223304703362
    endloop
  endfacet
  facet normal 1 0 0
    outer loop
      vertex 48 29.361107441745098 -22.007867403075636
      vertex 48 29.361107441745098 -21.592132596924365
      vertex 48 29.341401678959087 -21.606747386659315
    endloop
  endfacet
  facet normal 1 0 0
    outer loop
      vertex 48 29.3821508157935 -22.020480316087088
      vertex 48 29.40432914190873 -22.030969883127824
      vertex 48 29.3821508157935 -21.579519683912913
    endloop
  endfacet
  facet normal 1 0 0
    outer loop
      vertex 48 29.40432914190873 -22.030969883127824
      vertex 48 29.427428830686384 -22.039235083933054
      vertex 48 29.40432914190873 -21.569030116872177
    endloop
  endfacet
  facet normal 1 0 0
    outer loop
      vertex 48 29.427428830686384 -22.039235083933054
      vertex 48 29.451227419495968 -22.045196320100807
      vertex 48 29.427428830686384 -21.560764916066947
    endloop
  endfacet
  facet normal 1 0 0
    outer loop
      vertex 48 29.451227419495968 -22.045196320100807
      vertex 48 29.47549571491761 -22.04879618166805
      vertex 48 29.451227419495968 -21.554803679899194
    endloop
  endfacet
  facet normal 1 0 0
    outer loop
      vertex 48 29.47549571491761 -22.04879618166805
      vertex 48 29.5 -22.05
      vertex 48 29.47549571491761 -21.551203818331953
    endloop
  endfacet
  facet normal 1 0 0
    outer loop
      vertex 48 29.3821508157935 -22.020480316087088
      vertex 48 29.3821508157935 -21.579519683912913
      vertex 48 29.361107441745098 -21.592132596924365
    endloop
  endfacet
  facet normal 1 0 0
    outer loop
      vertex 48 29.40432914190873 -22.030969883127824
      vertex 48 29.40432914190873 -21.569030116872177
      vertex 48 29.3821508157935 -21.579519683912913
    endloop
  endfacet
  facet normal 1 0 0
    outer loop
      vertex 48 29.5 -22.05
      vertex 48 29.52450428508239 -22.04879618166805
      vertex 48 29.5 -21.55
    endloop
  endfacet
  facet normal 1 0 0
    outer loop
      vertex 48 29.52450428508239 -22.04879618166805
      vertex 48 29.548772580504032 -22.045196320100807
      vertex 48 29.52450428508239 -21.551203818331953
    endloop
  endfacet
  facet normal 1 0 0
    outer loop
      vertex 48 29.548772580504032 -22.045196320100807
      vertex 48 29.572571169313616 -22.039235083933054
      vertex 48 29.548772580504032 -21.554803679899194
    endloop
  endfacet
  facet normal 1 0 0
    outer loop
      vertex 48 29.572571169313616 -22.039235083933054
      vertex 48 29.59567085809127 -22.030969883127824
      vertex 48 29.572571169313616 -21.560764916066947
    endloop
  endfacet
  facet normal 1 0 0
    outer loop
      vertex 48 29.59567085809127 -22.030969883127824
      vertex 48 29.6178491842065 -22.020480316087088
      vertex 48 29.59567085809127 -21.569030116872177
    endloop
  endfacet
  facet normal 1 0 0
    outer loop
      vertex 48 29.6178491842065 -22.020480316087088
      vertex 48 29.638892558254902 -22.007867403075636
      vertex 48 29.6178491842065 -21.579519683912913
    endloop
  endfacet
  facet normal 1 0 0
    outer loop
      vertex 48 29.638892558254902 -22.007867403075636
      vertex 48 29.638892558254902 -21.592132596924365
      vertex 48 29.6178491842065 -21.579519683912913
    endloop
  endfacet
  facet normal 1 0 0
    outer loop
      vertex 48 29.427428830686384 -22.039235083933054
      vertex 48 29.427428830686384 -21.560764916066947
      vertex 48 29.40432914190873 -21.569030116872177
    endloop
  endfacet
  facet normal 1 0 0
    outer loop
      vertex 48 29.451227419495968 -22.045196320100807
      vertex 48 29.451227419495968 -21.554803679899194
      vertex 48 29.427428830686384 -21.560764916066947
    endloop
  endfacet
  facet normal 1 0 0
    outer loop
      vertex 48 29.47549571491761 -22.04879618166805
      vertex 48 29.47549571491761 -21.551203818331953
      vertex 48 29.451227419495968 -21.554803679899194
    endloop
  endfacet
  facet normal 1 0 0
    outer loop
      vertex 48 29.5 -22.05
      vertex 48 29.5 -21.55
      vertex 48 29.47549571491761 -21.551203818331953
    endloop
  endfacet
  facet normal 1 0 0
    outer loop
      vertex 48 29.52450428508239 -22.04879618166805
      vertex 48 29.52450428508239 -21.551203818331953
      vertex 48 29.5 -21.55
    endloop
  endfacet
  facet normal 1 0 0
    outer loop
      vertex 48 29.548772580504032 -22.045196320100807
      vertex 48 29.548772580504032 -21.554803679899194
      vertex 48 29.52450428508239 -21.551203818331953
    endloop
  endfacet
  facet normal 1 0 0
    outer loop
      vertex 48 29.572571169313616 -22.039235083933054
      vertex 48 29.572571169313616 -21.560764916066947
      vertex 48 29.548772580504032 -21.554803679899194
    endloop
  endfacet
  facet normal 1 0 0
    outer loop
      vertex 48 29.59567085809127 -22.030969883127824
      vertex 48 29.59567085809127 -21.569030116872177
      vertex 48 29.572571169313616 -21.560764916066947
    endloop
  endfacet
  facet normal 1 0 0
    outer loop
      vertex 48 29.6178491842065 -22.020480316087088
      vertex 48 29.6178491842065 -21.579519683912913
      vertex 48 29.59567085809127 -21.569030116872177
    endloop
  endfacet
  facet normal 1 0 0
    outer loop
      vertex 48 29.638892558254902 -22.007867403075636
      vertex 48 29.658598321040913 -21.993252613340687
      vertex 48 29.638892558254902 -21.592132596924365
    endloop
  endfacet
  facet normal 1 0 0
    outer loop
      vertex 48 29.658598321040913 -21.993252613340687
      vertex 48 29.67677669529664 -21.97677669529664
      vertex 48 29.658598321040913 -21.606747386659315
    endloop
  endfacet
  facet normal 1 0 0
    outer loop
      vertex 48 29.67677669529664 -21.97677669529664
      vertex 48 29.693252613340686 -21.958598321040913
      vertex 48 29.67677669529664 -21.623223304703362
    endloop
  endfacet
  facet normal 1 0 0
    outer loop
      vertex 48 29.693252613340686 -21.958598321040913
      vertex 48 29.707867403075635 -21.938892558254903
      vertex 48 29.693252613340686 -21.641401678959088
    endloop
  endfacet
  facet normal 1 0 0
    outer loop
      vertex 48 29.707867403075635 -21.938892558254903
      vertex 48 29.720480316087087 -21.9178491842065
      vertex 48 29.707867403075635 -21.6611074417451
    endloop
  endfacet
  facet normal 1 0 0
    outer loop
      vertex 48 29.720480316087087 -21.9178491842065
      vertex 48 29.730969883127823 -21.895670858091272
      vertex 48 29.720480316087087 -21.682150815793502
    endloop
  endfacet
  facet normal 1 0 0
    outer loop
      vertex 48 29.730969883127823 -21.895670858091272
      vertex 48 29.739235083933053 -21.872571169313616
      vertex 48 29.730969883127823 -21.70432914190873
    endloop
  endfacet
  facet normal 1 0 0
    outer loop
      vertex 48 29.658598321040913 -21.993252613340687
      vertex 48 29.658598321040913 -21.606747386659315
      vertex 48 29.638892558254902 -21.592132596924365
    endloop
  endfacet
  facet normal 1 0 0
    outer loop
      vertex 48 29.707867403075635 -21.938892558254903
      vertex 48 29.707867403075635 -21.6611074417451
      vertex 48 29.693252613340686 -21.641401678959088
    endloop
  endfacet
  facet normal 1 0 0
    outer loop
      vertex 48 29.693252613340686 -21.958598321040913
      vertex 48 29.693252613340686 -21.641401678959088
      vertex 48 29.67677669529664 -21.623223304703362
    endloop
  endfacet
  facet normal 1 0 0
    outer loop
      vertex 48 29.67677669529664 -21.97677669529664
      vertex 48 29.67677669529664 -21.623223304703362
      vertex 48 29.658598321040913 -21.606747386659315
    endloop
  endfacet
  facet normal 1 0 0
    outer loop
      vertex 48 29.720480316087087 -21.9178491842065
      vertex 48 29.720480316087087 -21.682150815793502
      vertex 48 29.707867403075635 -21.6611074417451
    endloop
  endfacet
  facet normal 1 0 0
    outer loop
      vertex 48 29.739235083933053 -21.872571169313616
      vertex 48 29.745196320100806 -21.848772580504033
      vertex 48 29.739235083933053 -21.727428830686385
    endloop
  endfacet
  facet normal 1 0 0
    outer loop
      vertex 48 29.745196320100806 -21.848772580504033
      vertex 48 29.748796181668048 -21.82450428508239
      vertex 48 29.745196320100806 -21.75122741949597
    endloop
  endfacet
  facet normal 1 0 0
    outer loop
      vertex 48 29.748796181668048 -21.82450428508239
      vertex 48 29.748796181668048 -21.77549571491761
      vertex 48 29.745196320100806 -21.75122741949597
    endloop
  endfacet
  facet normal 1 0 0
    outer loop
      vertex 48 29.745196320100806 -21.848772580504033
      vertex 48 29.745196320100806 -21.75122741949597
      vertex 48 29.739235083933053 -21.727428830686385
    endloop
  endfacet
  facet normal 1 0 0
    outer loop
      vertex 48 29.739235083933053 -21.872571169313616
      vertex 48 29.739235083933053 -21.727428830686385
      vertex 48 29.730969883127823 -21.70432914190873
    endloop
  endfacet
  facet normal 1 0 0
    outer loop
      vertex 48 29.720480316087087 -21.682150815793502
      vertex 48 29.730969883127823 -21.895670858091272
      vertex 48 29.730969883127823 -21.70432914190873
    endloop
  endfacet
  facet normal 1 0 0
    outer loop
      vertex 48 29.748796181668048 -21.82450428508239
      vertex 48 29.75 -21.8
      vertex 48 29.748796181668048 -21.77549571491761
    endloop
  endfacet
  facet normal 0 0 -1
    outer loop
      vertex -3 29.25 16.05
      vertex -3 30.75 16.05
      vertex 3 30.75 16.05
    endloop
  endfacet
  facet normal 0 0 -1
    outer loop
      vertex -3 29.25 16.05
      vertex 3 30.75 16.05
      vertex 3 29.25 16.05
    endloop
  endfacet
  facet normal -1 0 0
    outer loop
      vertex -3 29.25 16.05
      vertex -3 29.25 20.175
      vertex -3 29.75 20.175
    endloop
  endfacet
  facet normal 0 -1 0
    outer loop
      vertex -3 29.25 16.05
      vertex 3 29.25 20.175
      vertex -3 29.25 20.175
    endloop
  endfacet
  facet normal -1 0 0
    outer loop
      vertex -3 29.25 16.05
      vertex -3 30.75 21.55
      vertex -3 30.75 16.05
    endloop
  endfacet
  facet normal -1 0 0
    outer loop
      vertex -3 29.25 16.05
      vertex -3 29.75 20.175
      vertex -3 30.75 21.55
    endloop
  endfacet
  facet normal 0 1 0
    outer loop
      vertex -3 30.75 16.05
      vertex -3 30.75 21.55
      vertex 3 30.75 16.05
    endloop
  endfacet
  facet normal -1 0 0
    outer loop
      vertex -3 29.75 20.175
      vertex -3 29.75 21.55
      vertex -3 30.75 21.55
    endloop
  endfacet
  facet normal 0 0 1
    outer loop
      vertex -3 29.75 21.55
      vertex 3 30.75 21.55
      vertex -3 30.75 21.55
    endloop
  endfacet
  facet normal 0 -1 0
    outer loop
      vertex -3 29.25 16.05
      vertex 3 29.25 16.05
      vertex 3 29.25 20.175
    endloop
  endfacet
  facet normal 1 0 0
    outer loop
      vertex 3 29.25 16.05
      vertex 3 29.75 20.175
      vertex 3 29.25 20.175
    endloop
  endfacet
  facet normal 0 1 0
    outer loop
      vertex 3 30.75 16.05
      vertex -3 30.75 21.55
      vertex 3 30.75 21.55
    endloop
  endfacet
  facet normal 1 0 0
    outer loop
      vertex 3 29.25 16.05
      vertex 3 30.75 16.05
      vertex 3 29.75 20.175
    endloop
  endfacet
  facet normal 1 0 0
    outer loop
      vertex 3 30.75 16.05
      vertex 3 29.75 21.55
      vertex 3 29.75 20.175
    endloop
  endfacet
  facet normal 1 0 0
    outer loop
      vertex 3 30.75 16.05
      vertex 3 30.75 21.55
      vertex 3 29.75 21.55
    endloop
  endfacet
  facet normal 0 0 1
    outer loop
      vertex -3 29.75 21.55
      vertex 3 29.75 21.55
      vertex 3 30.75 21.55
    endloop
  endfacet
  facet normal 0 -0.5735764363510433 0.8191520442889938
    outer loop
      vertex -3 41.921201081280145 -33.611594460461504
      vertex 3 42.207904296781294 -33.41084270773864
      vertex -3 42.207904296781294 -33.41084270773864
    endloop
  endfacet
  facet normal 0 -0.5735764363510433 0.8191520442889938
    outer loop
      vertex -3 41.921201081280145 -33.611594460461504
      vertex 3 41.921201081280145 -33.611594460461504
      vertex 3 42.207904296781294 -33.41084270773864
    endloop
  endfacet
  facet normal -1 0 0
    outer loop
      vertex -3 42.207904296781294 -33.41084270773864
      vertex -3 45.362574696712045 -37.91617895132809
      vertex -3 45.075871481210896 -38.11693070405096
    endloop
  endfacet
  facet normal 0 0.5735764363510467 -0.8191520442889914
    outer loop
      vertex -2.999999999999994 44.133846630278555 -38.77654360585466
      vertex -3 45.075871481210896 -38.11693070405096
      vertex 3 44.133846630278555 -38.77654360585466
    endloop
  endfacet
  facet normal 0 0.819152044288992 0.5735764363510459
    outer loop
      vertex -3 42.207904296781294 -33.41084270773864
      vertex 3 45.362574696712045 -37.91617895132809
      vertex -3 45.362574696712045 -37.91617895132809
    endloop
  endfacet
  facet normal 0 0.5735764363510433 -0.8191520442889938
    outer loop
      vertex -3 45.075871481210896 -38.11693070405096
      vertex -3 45.362574696712045 -37.91617895132809
      vertex 3 45.075871481210896 -38.11693070405096
    endloop
  endfacet
  facet normal -1 0 0
    outer loop
      vertex -3 41.921201081280145 -33.611594460461504
      vertex -3 42.207904296781294 -33.41084270773864
      vertex -3 45.075871481210896 -38.11693070405096
    endloop
  endfacet
  facet normal 0 0.5735764363510467 -0.8191520442889914
    outer loop
      vertex -3 45.075871481210896 -38.11693070405096
      vertex 3 45.075871481210896 -38.11693070405096
      vertex 3 44.133846630278555 -38.77654360585466
    endloop
  endfacet
  facet normal 0 0.5735764363510433 -0.8191520442889938
    outer loop
      vertex -3 45.362574696712045 -37.91617895132809
      vertex 3 45.362574696712045 -37.91617895132809
      vertex 3 45.075871481210896 -38.11693070405096
    endloop
  endfacet
  facet normal 1 0 0
    outer loop
      vertex 3 41.921201081280145 -33.611594460461504
      vertex 3 45.075871481210896 -38.11693070405096
      vertex 3 45.362574696712045 -37.91617895132809
    endloop
  endfacet
  facet normal 0 0.819152044288992 0.5735764363510459
    outer loop
      vertex -3 42.207904296781294 -33.41084270773864
      vertex 3 42.207904296781294 -33.41084270773864
      vertex 3 45.362574696712045 -37.91617895132809
    endloop
  endfacet
  facet normal 1 0 0
    outer loop
      vertex 3 41.921201081280145 -33.611594460461504
      vertex 3 45.362574696712045 -37.91617895132809
      vertex 3 42.207904296781294 -33.41084270773864
    endloop
  endfacet
  facet normal 0 0 -1
    outer loop
      vertex -0.3865052266813685 31.18280335791818 16.3
      vertex -0.4157348061512726 31.2222148834902 16.3
      vertex -0.3865052266813685 31.81719664208182 16.3
    endloop
  endfacet
  facet normal 0 0 -1
    outer loop
      vertex -0.46193976625564337 31.308658283817454 16.3
      vertex -0.4784701678661044 31.35485766137277 16.3
      vertex -0.46193976625564337 31.691341716182546 16.3
    endloop
  endfacet
  facet normal 0 0 -1
    outer loop
      vertex -0.4409606321741775 31.264301631587003 16.3
      vertex -0.46193976625564337 31.308658283817454 16.3
      vertex -0.4409606321741775 31.735698368412997 16.3
    endloop
  endfacet
  facet normal 0 0 -1
    outer loop
      vertex -0.4157348061512726 31.2222148834902 16.3
      vertex -0.4409606321741775 31.264301631587003 16.3
      vertex -0.4157348061512726 31.7777851165098 16.3
    endloop
  endfacet
  facet normal 0 0 -1
    outer loop
      vertex -0.4903926402016152 31.402454838991936 16.3
      vertex -0.49759236333609846 31.45099142983522 16.3
      vertex -0.4903926402016152 31.597545161008064 16.3
    endloop
  endfacet
  facet normal 0 0 -1
    outer loop
      vertex -0.4784701678661044 31.35485766137277 16.3
      vertex -0.4903926402016152 31.402454838991936 16.3
      vertex -0.4784701678661044 31.64514233862723 16.3
    endloop
  endfacet
  facet normal 0 0 -1
    outer loop
      vertex -0.49759236333609846 31.45099142983522 16.3
      vertex -0.5 31.5 16.3
      vertex -0.49759236333609846 31.54900857016478 16.3
    endloop
  endfacet
  facet normal 0 0 -1
    outer loop
      vertex -0.2777851165098011 31.084265193848726 16.3
      vertex -0.31719664208182274 31.11349477331863 16.3
      vertex -0.2777851165098011 31.915734806151274 16.3
    endloop
  endfacet
  facet normal 0 0 -1
    outer loop
      vertex -0.31719664208182274 31.11349477331863 16.3
      vertex -0.3535533905932738 31.146446609406727 16.3
      vertex -0.31719664208182274 31.88650522668137 16.3
    endloop
  endfacet
  facet normal 0 0 -1
    outer loop
      vertex -0.3865052266813685 31.18280335791818 16.3
      vertex -0.3535533905932738 31.853553390593273 16.3
      vertex -0.3535533905932738 31.146446609406727 16.3
    endloop
  endfacet
  facet normal 0 0 -1
    outer loop
      vertex -0.49759236333609846 31.45099142983522 16.3
      vertex -0.49759236333609846 31.54900857016478 16.3
      vertex -0.4903926402016152 31.597545161008064 16.3
    endloop
  endfacet
  facet normal 0 0 -1
    outer loop
      vertex -0.4903926402016152 31.402454838991936 16.3
      vertex -0.4903926402016152 31.597545161008064 16.3
      vertex -0.4784701678661044 31.64514233862723 16.3
    endloop
  endfacet
  facet normal 0 0 -1
    outer loop
      vertex -0.4784701678661044 31.35485766137277 16.3
      vertex -0.4784701678661044 31.64514233862723 16.3
      vertex -0.46193976625564337 31.691341716182546 16.3
    endloop
  endfacet
  facet normal 0 0 -1
    outer loop
      vertex -0.46193976625564337 31.308658283817454 16.3
      vertex -0.46193976625564337 31.691341716182546 16.3
      vertex -0.4409606321741775 31.735698368412997 16.3
    endloop
  endfacet
  facet normal 0 0 -1
    outer loop
      vertex -0.4409606321741775 31.264301631587003 16.3
      vertex -0.4409606321741775 31.735698368412997 16.3
      vertex -0.4157348061512726 31.7777851165098 16.3
    endloop
  endfacet
  facet normal 0 0 -1
    outer loop
      vertex -0.4157348061512726 31.2222148834902 16.3
      vertex -0.4157348061512726 31.7777851165098 16.3
      vertex -0.3865052266813685 31.81719664208182 16.3
    endloop
  endfacet
  facet normal 0 0 -1
    outer loop
      vertex -0.3865052266813685 31.18280335791818 16.3
      vertex -0.3865052266813685 31.81719664208182 16.3
      vertex -0.3535533905932738 31.853553390593273 16.3
    endloop
  endfacet
  facet normal 0 0 -1
    outer loop
      vertex -0.3535533905932738 31.146446609406727 16.3
      vertex -0.3535533905932738 31.853553390593273 16.3
      vertex -0.31719664208182274 31.88650522668137 16.3
    endloop
  endfacet
  facet normal 0 0 -1
    outer loop
      vertex -0.31719664208182274 31.11349477331863 16.3
      vertex -0.31719664208182274 31.88650522668137 16.3
      vertex -0.2777851165098011 31.915734806151274 16.3
    endloop
  endfacet
  facet normal 0 0 -1
    outer loop
      vertex -0.2777851165098011 31.084265193848726 16.3
      vertex -0.2777851165098011 31.915734806151274 16.3
      vertex -0.23569836841299882 31.94096063217418 16.3
    endloop
  endfacet
  facet normal 0 0 -1
    outer loop
      vertex -0.1913417161825449 31.038060233744357 16.3
      vertex -0.23569836841299882 31.05903936782582 16.3
      vertex -0.1913417161825449 31.961939766255643 16.3
    endloop
  endfacet
  facet normal 0 0 -1
    outer loop
      vertex -0.1913417161825449 31.038060233744357 16.3
      vertex -0.14514233862723117 31.978470167866103 16.3
      vertex -0.14514233862723117 31.021529832133897 16.3
    endloop
  endfacet
  facet normal 0 0 -1
    outer loop
      vertex -0.14514233862723117 31.021529832133897 16.3
      vertex -0.09754516100806412 31.990392640201616 16.3
      vertex -0.09754516100806412 31.009607359798384 16.3
    endloop
  endfacet
  facet normal 0 0 -1
    outer loop
      vertex -0.2777851165098011 31.084265193848726 16.3
      vertex -0.23569836841299882 31.94096063217418 16.3
      vertex -0.23569836841299882 31.05903936782582 16.3
    endloop
  endfacet
  facet normal 0 0 -1
    outer loop
      vertex -0.0490085701647803 31.0024076366639 16.3
      vertex -0.09754516100806412 31.009607359798384 16.3
      vertex -0.0490085701647803 31.9975923633361 16.3
    endloop
  endfacet
  facet normal 0 0 -1
    outer loop
      vertex -0.0490085701647803 31.0024076366639 16.3
      vertex 0 32 16.3
      vertex 0 31 16.3
    endloop
  endfacet
  facet normal 0 0 -1
    outer loop
      vertex -0.23569836841299882 31.05903936782582 16.3
      vertex -0.23569836841299882 31.94096063217418 16.3
      vertex -0.1913417161825449 31.961939766255643 16.3
    endloop
  endfacet
  facet normal 0 0 -1
    outer loop
      vertex -0.1913417161825449 31.038060233744357 16.3
      vertex -0.1913417161825449 31.961939766255643 16.3
      vertex -0.14514233862723117 31.978470167866103 16.3
    endloop
  endfacet
  facet normal 0 0 -1
    outer loop
      vertex -0.14514233862723117 31.021529832133897 16.3
      vertex -0.14514233862723117 31.978470167866103 16.3
      vertex -0.09754516100806412 31.990392640201616 16.3
    endloop
  endfacet
  facet normal 0 0 -1
    outer loop
      vertex -0.09754516100806412 31.009607359798384 16.3
      vertex -0.09754516100806412 31.990392640201616 16.3
      vertex -0.0490085701647803 31.9975923633361 16.3
    endloop
  endfacet
  facet normal 0 0 -1
    outer loop
      vertex -0.0490085701647803 31.0024076366639 16.3
      vertex -0.0490085701647803 31.9975923633361 16.3
      vertex 0 32 16.3
    endloop
  endfacet
  facet normal 0 0 -1
    outer loop
      vertex 0 31 16.3
      vertex 0 32 16.3
      vertex 0.0490085701647803 31.9975923633361 16.3
    endloop
  endfacet
  facet normal 0 0 -1
    outer loop
      vertex 0 31 16.3
      vertex 0.0490085701647803 31.9975923633361 16.3
      vertex 0.0490085701647803 31.0024076366639 16.3
    endloop
  endfacet
  facet normal 0 0 -1
    outer loop
      vertex 0.0490085701647803 31.0024076366639 16.3
      vertex 0.09754516100806412 31.990392640201616 16.3
      vertex 0.09754516100806412 31.009607359798384 16.3
    endloop
  endfacet
  facet normal 0 0 -1
    outer loop
      vertex 0.09754516100806412 31.009607359798384 16.3
      vertex 0.14514233862723117 31.978470167866103 16.3
      vertex 0.14514233862723117 31.021529832133897 16.3
    endloop
  endfacet
  facet normal 0 0 -1
    outer loop
      vertex 0.14514233862723117 31.021529832133897 16.3
      vertex 0.1913417161825449 31.961939766255643 16.3
      vertex 0.1913417161825449 31.038060233744357 16.3
    endloop
  endfacet
  facet normal 0 0 -1
    outer loop
      vertex 0.1913417161825449 31.038060233744357 16.3
      vertex 0.23569836841299882 31.94096063217418 16.3
      vertex 0.23569836841299882 31.05903936782582 16.3
    endloop
  endfacet
  facet normal 0 0 -1
    outer loop
      vertex 0.23569836841299882 31.05903936782582 16.3
      vertex 0.2777851165098011 31.915734806151274 16.3
      vertex 0.2777851165098011 31.084265193848726 16.3
    endloop
  endfacet
  facet normal 0 0 -1
    outer loop
      vertex 0.2777851165098011 31.084265193848726 16.3
      vertex 0.31719664208182274 31.88650522668137 16.3
      vertex 0.31719664208182274 31.11349477331863 16.3
    endloop
  endfacet
  facet normal 0 0 -1
    outer loop
      vertex 0.0490085701647803 31.0024076366639 16.3
      vertex 0.0490085701647803 31.9975923633361 16.3
      vertex 0.09754516100806412 31.990392640201616 16.3
    endloop
  endfacet
  facet normal 0 0 -1
    outer loop
      vertex 0.09754516100806412 31.009607359798384 16.3
      vertex 0.09754516100806412 31.990392640201616 16.3
      vertex 0.14514233862723117 31.978470167866103 16.3
    endloop
  endfacet
  facet normal 0 0 -1
    outer loop
      vertex 0.14514233862723117 31.021529832133897 16.3
      vertex 0.14514233862723117 31.978470167866103 16.3
      vertex 0.1913417161825449 31.961939766255643 16.3
    endloop
  endfacet
  facet normal 0 0 -1
    outer loop
      vertex 0.2777851165098011 31.084265193848726 16.3
      vertex 0.2777851165098011 31.915734806151274 16.3
      vertex 0.31719664208182274 31.88650522668137 16.3
    endloop
  endfacet
  facet normal 0 0 -1
    outer loop
      vertex 0.1913417161825449 31.038060233744357 16.3
      vertex 0.1913417161825449 31.961939766255643 16.3
      vertex 0.23569836841299882 31.94096063217418 16.3
    endloop
  endfacet
  facet normal 0 0 -1
    outer loop
      vertex 0.23569836841299882 31.05903936782582 16.3
      vertex 0.23569836841299882 31.94096063217418 16.3
      vertex 0.2777851165098011 31.915734806151274 16.3
    endloop
  endfacet
  facet normal 0 0 -1
    outer loop
      vertex 0.31719664208182274 31.11349477331863 16.3
      vertex 0.3535533905932738 31.853553390593273 16.3
      vertex 0.3535533905932738 31.146446609406727 16.3
    endloop
  endfacet
  facet normal 0 0 -1
    outer loop
      vertex 0.3535533905932738 31.146446609406727 16.3
      vertex 0.3865052266813685 31.81719664208182 16.3
      vertex 0.3865052266813685 31.18280335791818 16.3
    endloop
  endfacet
  facet normal 0 0 -1
    outer loop
      vertex 0.3865052266813685 31.18280335791818 16.3
      vertex 0.4157348061512726 31.7777851165098 16.3
      vertex 0.4157348061512726 31.2222148834902 16.3
    endloop
  endfacet
  facet normal 0 0 -1
    outer loop
      vertex 0.4157348061512726 31.2222148834902 16.3
      vertex 0.4409606321741775 31.735698368412997 16.3
      vertex 0.4409606321741775 31.264301631587003 16.3
    endloop
  endfacet
  facet normal 0 0 -1
    outer loop
      vertex 0.4409606321741775 31.264301631587003 16.3
      vertex 0.46193976625564337 31.691341716182546 16.3
      vertex 0.46193976625564337 31.308658283817454 16.3
    endloop
  endfacet
  facet normal 0 0 -1
    outer loop
      vertex 0.46193976625564337 31.308658283817454 16.3
      vertex 0.4784701678661044 31.64514233862723 16.3
      vertex 0.4784701678661044 31.35485766137277 16.3
    endloop
  endfacet
  facet normal 0 0 -1
    outer loop
      vertex 0.4784701678661044 31.35485766137277 16.3
      vertex 0.4903926402016152 31.597545161008064 16.3
      vertex 0.4903926402016152 31.402454838991936 16.3
    endloop
  endfacet
  facet normal 0 0 -1
    outer loop
      vertex 0.4903926402016152 31.402454838991936 16.3
      vertex 0.49759236333609846 31.54900857016478 16.3
      vertex 0.49759236333609846 31.45099142983522 16.3
    endloop
  endfacet
  facet normal 0 0 -1
    outer loop
      vertex 0.49759236333609846 31.45099142983522 16.3
      vertex 0.49759236333609846 31.54900857016478 16.3
      vertex 0.5 31.5 16.3
    endloop
  endfacet
  facet normal 0 0 -1
    outer loop
      vertex 0.4409606321741775 31.264301631587003 16.3
      vertex 0.4409606321741775 31.735698368412997 16.3
      vertex 0.46193976625564337 31.691341716182546 16.3
    endloop
  endfacet
  facet normal 0 0 -1
    outer loop
      vertex 0.4157348061512726 31.2222148834902 16.3
      vertex 0.4157348061512726 31.7777851165098 16.3
      vertex 0.4409606321741775 31.735698368412997 16.3
    endloop
  endfacet
  facet normal 0 0 -1
    outer loop
      vertex 0.31719664208182274 31.11349477331863 16.3
      vertex 0.31719664208182274 31.88650522668137 16.3
      vertex 0.3535533905932738 31.853553390593273 16.3
    endloop
  endfacet
  facet normal 0 0 -1
    outer loop
      vertex 0.3535533905932738 31.146446609406727 16.3
      vertex 0.3535533905932738 31.853553390593273 16.3
      vertex 0.3865052266813685 31.81719664208182 16.3
    endloop
  endfacet
  facet normal 0 0 -1
    outer loop
      vertex 0.3865052266813685 31.18280335791818 16.3
      vertex 0.3865052266813685 31.81719664208182 16.3
      vertex 0.4157348061512726 31.7777851165098 16.3
    endloop
  endfacet
  facet normal 0 0 -1
    outer loop
      vertex 0.4903926402016152 31.402454838991936 16.3
      vertex 0.4903926402016152 31.597545161008064 16.3
      vertex 0.49759236333609846 31.54900857016478 16.3
    endloop
  endfacet
  facet normal 0 0 -1
    outer loop
      vertex 0.4784701678661044 31.35485766137277 16.3
      vertex 0.4784701678661044 31.64514233862723 16.3
      vertex 0.4903926402016152 31.597545161008064 16.3
    endloop
  endfacet
  facet normal 0 0 -1
    outer loop
      vertex 0.46193976625564337 31.308658283817454 16.3
      vertex 0.46193976625564337 31.691341716182546 16.3
      vertex 0.4784701678661044 31.64514233862723 16.3
    endloop
  endfacet
  facet normal -0.8032075314806395 -0.5956993044924405 0
    outer loop
      vertex -0.3865052266813685 31.18280335791818 16.3
      vertex -0.4157348061512726 31.2222148834902 20.3
      vertex -0.4157348061512726 31.2222148834902 16.3
    endloop
  endfacet
  facet normal -0.5956993044924549 -0.8032075314806291 0
    outer loop
      vertex -0.2777851165098011 31.084265193848726 16.3
      vertex -0.2777851165098011 31.084265193848726 20.3
      vertex -0.31719664208182274 31.11349477331863 16.3
    endloop
  endfacet
  facet normal -0.6715589548470254 -0.7409511253549527 0
    outer loop
      vertex -0.31719664208182274 31.11349477331863 16.3
      vertex -0.31719664208182274 31.11349477331863 20.3
      vertex -0.3535533905932738 31.146446609406727 16.3
    endloop
  endfacet
  facet normal -0.7409511253549641 -0.671558954847013 0
    outer loop
      vertex -0.3865052266813685 31.18280335791818 16.3
      vertex -0.3535533905932738 31.146446609406727 16.3
      vertex -0.3865052266813685 31.18280335791818 20.3
    endloop
  endfacet
  facet normal -0.24298017990330883 -0.9700312531945326 0
    outer loop
      vertex -0.14514233862723117 31.021529832133897 16.3
      vertex -0.09754516100806412 31.009607359798384 16.3
      vertex -0.09754516100806412 31.009607359798384 20.3
    endloop
  endfacet
  facet normal -0.5141027441932103 -0.8577286100002788 0
    outer loop
      vertex -0.2777851165098011 31.084265193848726 16.3
      vertex -0.23569836841299882 31.05903936782582 16.3
      vertex -0.23569836841299882 31.05903936782582 20.3
    endloop
  endfacet
  facet normal -0.4275550934302625 -0.9039892931234528 0
    outer loop
      vertex -0.1913417161825449 31.038060233744357 16.3
      vertex -0.1913417161825449 31.038060233744357 20.3
      vertex -0.23569836841299882 31.05903936782582 16.3
    endloop
  endfacet
  facet normal -0.3368898533921997 -0.9415440651830281 0
    outer loop
      vertex -0.1913417161825449 31.038060233744357 16.3
      vertex -0.14514233862723117 31.021529832133897 16.3
      vertex -0.14514233862723117 31.021529832133897 20.3
    endloop
  endfacet
  facet normal -0.14673047445537346 -0.9891765099647792 0
    outer loop
      vertex -0.0490085701647803 31.0024076366639 16.3
      vertex -0.0490085701647803 31.0024076366639 20.3
      vertex -0.09754516100806412 31.009607359798384 16.3
    endloop
  endfacet
  facet normal -0.04906767432738823 -0.9987954562051738 0
    outer loop
      vertex -0.0490085701647803 31.0024076366639 16.3
      vertex 0 31 16.3
      vertex 0 31 20.3
    endloop
  endfacet
  facet normal -0.8577286100002782 -0.5141027441932113 0
    outer loop
      vertex -0.4157348061512726 31.2222148834902 16.3
      vertex -0.4409606321741775 31.264301631587003 20.3
      vertex -0.4409606321741775 31.264301631587003 16.3
    endloop
  endfacet
  facet normal -0.9039892931234342 -0.42755509343030107 0
    outer loop
      vertex -0.4409606321741775 31.264301631587003 16.3
      vertex -0.46193976625564337 31.308658283817454 20.3
      vertex -0.46193976625564337 31.308658283817454 16.3
    endloop
  endfacet
  facet normal -0.9415440651830231 -0.3368898533922136 0
    outer loop
      vertex -0.46193976625564337 31.308658283817454 16.3
      vertex -0.4784701678661044 31.35485766137277 20.3
      vertex -0.4784701678661044 31.35485766137277 16.3
    endloop
  endfacet
  facet normal -0.970031253194544 -0.24298017990326415 0
    outer loop
      vertex -0.4784701678661044 31.35485766137277 16.3
      vertex -0.4903926402016152 31.402454838991936 20.3
      vertex -0.4903926402016152 31.402454838991936 16.3
    endloop
  endfacet
  facet normal -0.9891765099647809 -0.1467304744553619 0
    outer loop
      vertex -0.4903926402016152 31.402454838991936 16.3
      vertex -0.49759236333609846 31.45099142983522 20.3
      vertex -0.49759236333609846 31.45099142983522 16.3
    endloop
  endfacet
  facet normal -0.9987954562051724 -0.04906767432741788 0
    outer loop
      vertex -0.49759236333609846 31.45099142983522 16.3
      vertex -0.5 31.5 20.3
      vertex -0.5 31.5 16.3
    endloop
  endfacet
  facet normal -0.9987954562051724 0.04906767432741788 0
    outer loop
      vertex -0.5 31.5 16.3
      vertex -0.49759236333609846 31.54900857016478 20.3
      vertex -0.49759236333609846 31.54900857016478 16.3
    endloop
  endfacet
  facet normal -0.9891765099647809 0.1467304744553619 0
    outer loop
      vertex -0.49759236333609846 31.54900857016478 16.3
      vertex -0.4903926402016152 31.597545161008064 20.3
      vertex -0.4903926402016152 31.597545161008064 16.3
    endloop
  endfacet
  facet normal -0.970031253194544 0.24298017990326415 0
    outer loop
      vertex -0.4903926402016152 31.597545161008064 16.3
      vertex -0.4784701678661044 31.64514233862723 20.3
      vertex -0.4784701678661044 31.64514233862723 16.3
    endloop
  endfacet
  facet normal -0.9415440651830231 0.3368898533922136 0
    outer loop
      vertex -0.4784701678661044 31.64514233862723 16.3
      vertex -0.46193976625564337 31.691341716182546 20.3
      vertex -0.46193976625564337 31.691341716182546 16.3
    endloop
  endfacet
  facet normal -0.9039892931234342 0.42755509343030107 0
    outer loop
      vertex -0.46193976625564337 31.691341716182546 16.3
      vertex -0.4409606321741775 31.735698368412997 20.3
      vertex -0.4409606321741775 31.735698368412997 16.3
    endloop
  endfacet
  facet normal -0.8577286100002782 0.5141027441932113 0
    outer loop
      vertex -0.4409606321741775 31.735698368412997 16.3
      vertex -0.4157348061512726 31.7777851165098 20.3
      vertex -0.4157348061512726 31.7777851165098 16.3
    endloop
  endfacet
  facet normal 0.04906767432738823 -0.9987954562051738 0
    outer loop
      vertex 0 31 16.3
      vertex 0.0490085701647803 31.0024076366639 16.3
      vertex 0.0490085701647803 31.0024076366639 20.3
    endloop
  endfacet
  facet normal 0.14673047445537346 -0.9891765099647792 0
    outer loop
      vertex 0.0490085701647803 31.0024076366639 16.3
      vertex 0.09754516100806412 31.009607359798384 16.3
      vertex 0.09754516100806412 31.009607359798384 20.3
    endloop
  endfacet
  facet normal 0.24298017990330883 -0.9700312531945326 0
    outer loop
      vertex 0.09754516100806412 31.009607359798384 16.3
      vertex 0.14514233862723117 31.021529832133897 16.3
      vertex 0.14514233862723117 31.021529832133897 20.3
    endloop
  endfacet
  facet normal 0.3368898533921997 -0.9415440651830281 0
    outer loop
      vertex 0.14514233862723117 31.021529832133897 16.3
      vertex 0.1913417161825449 31.038060233744357 16.3
      vertex 0.1913417161825449 31.038060233744357 20.3
    endloop
  endfacet
  facet normal 0.4275550934302625 -0.9039892931234528 0
    outer loop
      vertex 0.1913417161825449 31.038060233744357 16.3
      vertex 0.23569836841299882 31.05903936782582 16.3
      vertex 0.23569836841299882 31.05903936782582 20.3
    endloop
  endfacet
  facet normal 0.5141027441932103 -0.8577286100002788 0
    outer loop
      vertex 0.23569836841299882 31.05903936782582 16.3
      vertex 0.2777851165098011 31.084265193848726 16.3
      vertex 0.2777851165098011 31.084265193848726 20.3
    endloop
  endfacet
  facet normal 0.5956993044924549 -0.8032075314806291 0
    outer loop
      vertex 0.2777851165098011 31.084265193848726 16.3
      vertex 0.31719664208182274 31.11349477331863 16.3
      vertex 0.31719664208182274 31.11349477331863 20.3
    endloop
  endfacet
  facet normal 0.6715589548470254 -0.7409511253549527 0
    outer loop
      vertex 0.31719664208182274 31.11349477331863 16.3
      vertex 0.3535533905932738 31.146446609406727 16.3
      vertex 0.3535533905932738 31.146446609406727 20.3
    endloop
  endfacet
  facet normal 0.7409511253549641 -0.671558954847013 0
    outer loop
      vertex 0.3535533905932738 31.146446609406727 16.3
      vertex 0.3865052266813685 31.18280335791818 16.3
      vertex 0.3535533905932738 31.146446609406727 20.3
    endloop
  endfacet
  facet normal 0.8032075314806395 -0.5956993044924405 0
    outer loop
      vertex 0.3865052266813685 31.18280335791818 16.3
      vertex 0.4157348061512726 31.2222148834902 16.3
      vertex 0.3865052266813685 31.18280335791818 20.3
    endloop
  endfacet
  facet normal 0.8577286100002782 -0.5141027441932113 0
    outer loop
      vertex 0.4157348061512726 31.2222148834902 16.3
      vertex 0.4409606321741775 31.264301631587003 16.3
      vertex 0.4157348061512726 31.2222148834902 20.3
    endloop
  endfacet
  facet normal 0.9039892931234342 -0.42755509343030107 0
    outer loop
      vertex 0.4409606321741775 31.264301631587003 16.3
      vertex 0.46193976625564337 31.308658283817454 16.3
      vertex 0.4409606321741775 31.264301631587003 20.3
    endloop
  endfacet
  facet normal 0.9415440651830231 -0.3368898533922136 0
    outer loop
      vertex 0.46193976625564337 31.308658283817454 16.3
      vertex 0.4784701678661044 31.35485766137277 16.3
      vertex 0.46193976625564337 31.308658283817454 20.3
    endloop
  endfacet
  facet normal 0.970031253194544 -0.24298017990326415 0
    outer loop
      vertex 0.4784701678661044 31.35485766137277 16.3
      vertex 0.4903926402016152 31.402454838991936 16.3
      vertex 0.4784701678661044 31.35485766137277 20.3
    endloop
  endfacet
  facet normal 0.9891765099647809 -0.1467304744553619 0
    outer loop
      vertex 0.4903926402016152 31.402454838991936 16.3
      vertex 0.49759236333609846 31.45099142983522 16.3
      vertex 0.4903926402016152 31.402454838991936 20.3
    endloop
  endfacet
  facet normal 0.9987954562051724 -0.04906767432741788 0
    outer loop
      vertex 0.49759236333609846 31.45099142983522 16.3
      vertex 0.5 31.5 16.3
      vertex 0.49759236333609846 31.45099142983522 20.3
    endloop
  endfacet
  facet normal 0.9039892931234342 0.42755509343030107 0
    outer loop
      vertex 0.4409606321741775 31.735698368412997 16.3
      vertex 0.46193976625564337 31.691341716182546 20.3
      vertex 0.46193976625564337 31.691341716182546 16.3
    endloop
  endfacet
  facet normal 0.8577286100002782 0.5141027441932113 0
    outer loop
      vertex 0.4409606321741775 31.735698368412997 16.3
      vertex 0.4157348061512726 31.7777851165098 16.3
      vertex 0.4409606321741775 31.735698368412997 20.3
    endloop
  endfacet
  facet normal 0.9987954562051724 0.04906767432741788 0
    outer loop
      vertex 0.5 31.5 16.3
      vertex 0.49759236333609846 31.54900857016478 16.3
      vertex 0.5 31.5 20.3
    endloop
  endfacet
  facet normal 0.9891765099647809 0.1467304744553619 0
    outer loop
      vertex 0.49759236333609846 31.54900857016478 16.3
      vertex 0.4903926402016152 31.597545161008064 16.3
      vertex 0.49759236333609846 31.54900857016478 20.3
    endloop
  endfacet
  facet normal 0.970031253194544 0.24298017990326415 0
    outer loop
      vertex 0.4903926402016152 31.597545161008064 16.3
      vertex 0.4784701678661044 31.64514233862723 16.3
      vertex 0.4903926402016152 31.597545161008064 20.3
    endloop
  endfacet
  facet normal 0.9415440651830231 0.3368898533922136 0
    outer loop
      vertex 0.4784701678661044 31.64514233862723 16.3
      vertex 0.46193976625564337 31.691341716182546 16.3
      vertex 0.4784701678661044 31.64514233862723 20.3
    endloop
  endfacet
  facet normal -0.8032075314806395 -0.5956993044924405 0
    outer loop
      vertex -0.3865052266813685 31.18280335791818 16.3
      vertex -0.3865052266813685 31.18280335791818 20.3
      vertex -0.4157348061512726 31.2222148834902 20.3
    endloop
  endfacet
  facet normal -0.8577286100002782 -0.5141027441932113 0
    outer loop
      vertex -0.4157348061512726 31.2222148834902 16.3
      vertex -0.4157348061512726 31.2222148834902 20.3
      vertex -0.4409606321741775 31.264301631587003 20.3
    endloop
  endfacet
  facet normal -0.5141027441932103 -0.8577286100002788 0
    outer loop
      vertex -0.2777851165098011 31.084265193848726 16.3
      vertex -0.23569836841299882 31.05903936782582 20.3
      vertex -0.2777851165098011 31.084265193848726 20.3
    endloop
  endfacet
  facet normal -0.5956993044924549 -0.8032075314806291 0
    outer loop
      vertex -0.31719664208182274 31.11349477331863 16.3
      vertex -0.2777851165098011 31.084265193848726 20.3
      vertex -0.31719664208182274 31.11349477331863 20.3
    endloop
  endfacet
  facet normal -0.6715589548470254 -0.7409511253549527 0
    outer loop
      vertex -0.3535533905932738 31.146446609406727 16.3
      vertex -0.31719664208182274 31.11349477331863 20.3
      vertex -0.3535533905932738 31.146446609406727 20.3
    endloop
  endfacet
  facet normal -0.7409511253549641 -0.671558954847013 0
    outer loop
      vertex -0.3535533905932738 31.146446609406727 16.3
      vertex -0.3535533905932738 31.146446609406727 20.3
      vertex -0.3865052266813685 31.18280335791818 20.3
    endloop
  endfacet
  facet normal -0.4275550934302625 -0.9039892931234528 0
    outer loop
      vertex -0.23569836841299882 31.05903936782582 16.3
      vertex -0.1913417161825449 31.038060233744357 20.3
      vertex -0.23569836841299882 31.05903936782582 20.3
    endloop
  endfacet
  facet normal -0.3368898533921997 -0.9415440651830281 0
    outer loop
      vertex -0.1913417161825449 31.038060233744357 16.3
      vertex -0.14514233862723117 31.021529832133897 20.3
      vertex -0.1913417161825449 31.038060233744357 20.3
    endloop
  endfacet
  facet normal -0.24298017990330883 -0.9700312531945326 0
    outer loop
      vertex -0.14514233862723117 31.021529832133897 16.3
      vertex -0.09754516100806412 31.009607359798384 20.3
      vertex -0.14514233862723117 31.021529832133897 20.3
    endloop
  endfacet
  facet normal -0.14673047445537346 -0.9891765099647792 0
    outer loop
      vertex -0.09754516100806412 31.009607359798384 16.3
      vertex -0.0490085701647803 31.0024076366639 20.3
      vertex -0.09754516100806412 31.009607359798384 20.3
    endloop
  endfacet
  facet normal -0.04906767432738823 -0.9987954562051738 0
    outer loop
      vertex -0.0490085701647803 31.0024076366639 16.3
      vertex 0 31 20.3
      vertex -0.0490085701647803 31.0024076366639 20.3
    endloop
  endfacet
  facet normal 0.04906767432738823 -0.9987954562051738 0
    outer loop
      vertex 0 31 16.3
      vertex 0.0490085701647803 31.0024076366639 20.3
      vertex 0 31 20.3
    endloop
  endfacet
  facet normal -0.9039892931234342 -0.42755509343030107 0
    outer loop
      vertex -0.4409606321741775 31.264301631587003 16.3
      vertex -0.4409606321741775 31.264301631587003 20.3
      vertex -0.46193976625564337 31.308658283817454 20.3
    endloop
  endfacet
  facet normal -0.9415440651830231 -0.3368898533922136 0
    outer loop
      vertex -0.46193976625564337 31.308658283817454 16.3
      vertex -0.46193976625564337 31.308658283817454 20.3
      vertex -0.4784701678661044 31.35485766137277 20.3
    endloop
  endfacet
  facet normal -0.970031253194544 -0.24298017990326415 0
    outer loop
      vertex -0.4784701678661044 31.35485766137277 16.3
      vertex -0.4784701678661044 31.35485766137277 20.3
      vertex -0.4903926402016152 31.402454838991936 20.3
    endloop
  endfacet
  facet normal -0.9891765099647809 -0.1467304744553619 0
    outer loop
      vertex -0.4903926402016152 31.402454838991936 16.3
      vertex -0.4903926402016152 31.402454838991936 20.3
      vertex -0.49759236333609846 31.45099142983522 20.3
    endloop
  endfacet
  facet normal -0.9987954562051724 -0.04906767432741788 0
    outer loop
      vertex -0.49759236333609846 31.45099142983522 16.3
      vertex -0.49759236333609846 31.45099142983522 20.3
      vertex -0.5 31.5 20.3
    endloop
  endfacet
  facet normal -0.9987954562051724 0.04906767432741788 0
    outer loop
      vertex -0.5 31.5 16.3
      vertex -0.5 31.5 20.3
      vertex -0.49759236333609846 31.54900857016478 20.3
    endloop
  endfacet
  facet normal -0.9891765099647809 0.1467304744553619 0
    outer loop
      vertex -0.49759236333609846 31.54900857016478 16.3
      vertex -0.49759236333609846 31.54900857016478 20.3
      vertex -0.4903926402016152 31.597545161008064 20.3
    endloop
  endfacet
  facet normal -0.970031253194544 0.24298017990326415 0
    outer loop
      vertex -0.4903926402016152 31.597545161008064 16.3
      vertex -0.4903926402016152 31.597545161008064 20.3
      vertex -0.4784701678661044 31.64514233862723 20.3
    endloop
  endfacet
  facet normal -0.9415440651830231 0.3368898533922136 0
    outer loop
      vertex -0.4784701678661044 31.64514233862723 16.3
      vertex -0.4784701678661044 31.64514233862723 20.3
      vertex -0.46193976625564337 31.691341716182546 20.3
    endloop
  endfacet
  facet normal -0.9039892931234342 0.42755509343030107 0
    outer loop
      vertex -0.46193976625564337 31.691341716182546 16.3
      vertex -0.46193976625564337 31.691341716182546 20.3
      vertex -0.4409606321741775 31.735698368412997 20.3
    endloop
  endfacet
  facet normal -0.8577286100002782 0.5141027441932113 0
    outer loop
      vertex -0.4409606321741775 31.735698368412997 16.3
      vertex -0.4409606321741775 31.735698368412997 20.3
      vertex -0.4157348061512726 31.7777851165098 20.3
    endloop
  endfacet
  facet normal 0.14673047445537346 -0.9891765099647792 0
    outer loop
      vertex 0.0490085701647803 31.0024076366639 16.3
      vertex 0.09754516100806412 31.009607359798384 20.3
      vertex 0.0490085701647803 31.0024076366639 20.3
    endloop
  endfacet
  facet normal 0.24298017990330883 -0.9700312531945326 0
    outer loop
      vertex 0.09754516100806412 31.009607359798384 16.3
      vertex 0.14514233862723117 31.021529832133897 20.3
      vertex 0.09754516100806412 31.009607359798384 20.3
    endloop
  endfacet
  facet normal 0.3368898533921997 -0.9415440651830281 0
    outer loop
      vertex 0.14514233862723117 31.021529832133897 16.3
      vertex 0.1913417161825449 31.038060233744357 20.3
      vertex 0.14514233862723117 31.021529832133897 20.3
    endloop
  endfacet
  facet normal 0.4275550934302625 -0.9039892931234528 0
    outer loop
      vertex 0.1913417161825449 31.038060233744357 16.3
      vertex 0.23569836841299882 31.05903936782582 20.3
      vertex 0.1913417161825449 31.038060233744357 20.3
    endloop
  endfacet
  facet normal 0.5141027441932103 -0.8577286100002788 0
    outer loop
      vertex 0.23569836841299882 31.05903936782582 16.3
      vertex 0.2777851165098011 31.084265193848726 20.3
      vertex 0.23569836841299882 31.05903936782582 20.3
    endloop
  endfacet
  facet normal 0.5956993044924549 -0.8032075314806291 0
    outer loop
      vertex 0.2777851165098011 31.084265193848726 16.3
      vertex 0.31719664208182274 31.11349477331863 20.3
      vertex 0.2777851165098011 31.084265193848726 20.3
    endloop
  endfacet
  facet normal 0.6715589548470254 -0.7409511253549527 0
    outer loop
      vertex 0.31719664208182274 31.11349477331863 16.3
      vertex 0.3535533905932738 31.146446609406727 20.3
      vertex 0.31719664208182274 31.11349477331863 20.3
    endloop
  endfacet
  facet normal 0.7409511253549641 -0.671558954847013 0
    outer loop
      vertex 0.3865052266813685 31.18280335791818 16.3
      vertex 0.3865052266813685 31.18280335791818 20.3
      vertex 0.3535533905932738 31.146446609406727 20.3
    endloop
  endfacet
  facet normal 0.8032075314806395 -0.5956993044924405 0
    outer loop
      vertex 0.4157348061512726 31.2222148834902 16.3
      vertex 0.4157348061512726 31.2222148834902 20.3
      vertex 0.3865052266813685 31.18280335791818 20.3
    endloop
  endfacet
  facet normal 0.8577286100002782 -0.5141027441932113 0
    outer loop
      vertex 0.4409606321741775 31.264301631587003 16.3
      vertex 0.4409606321741775 31.264301631587003 20.3
      vertex 0.4157348061512726 31.2222148834902 20.3
    endloop
  endfacet
  facet normal 0.9039892931234342 -0.42755509343030107 0
    outer loop
      vertex 0.46193976625564337 31.308658283817454 16.3
      vertex 0.46193976625564337 31.308658283817454 20.3
      vertex 0.4409606321741775 31.264301631587003 20.3
    endloop
  endfacet
  facet normal 0.9415440651830231 -0.3368898533922136 0
    outer loop
      vertex 0.4784701678661044 31.35485766137277 16.3
      vertex 0.4784701678661044 31.35485766137277 20.3
      vertex 0.46193976625564337 31.308658283817454 20.3
    endloop
  endfacet
  facet normal 0.970031253194544 -0.24298017990326415 0
    outer loop
      vertex 0.4903926402016152 31.402454838991936 16.3
      vertex 0.4903926402016152 31.402454838991936 20.3
      vertex 0.4784701678661044 31.35485766137277 20.3
    endloop
  endfacet
  facet normal 0.9891765099647809 -0.1467304744553619 0
    outer loop
      vertex 0.49759236333609846 31.45099142983522 16.3
      vertex 0.49759236333609846 31.45099142983522 20.3
      vertex 0.4903926402016152 31.402454838991936 20.3
    endloop
  endfacet
  facet normal 0.9987954562051724 -0.04906767432741788 0
    outer loop
      vertex 0.5 31.5 16.3
      vertex 0.5 31.5 20.3
      vertex 0.49759236333609846 31.45099142983522 20.3
    endloop
  endfacet
  facet normal 0.9039892931234342 0.42755509343030107 0
    outer loop
      vertex 0.4409606321741775 31.735698368412997 16.3
      vertex 0.4409606321741775 31.735698368412997 20.3
      vertex 0.46193976625564337 31.691341716182546 20.3
    endloop
  endfacet
  facet normal 0.8577286100002782 0.5141027441932113 0
    outer loop
      vertex 0.4157348061512726 31.7777851165098 16.3
      vertex 0.4157348061512726 31.7777851165098 20.3
      vertex 0.4409606321741775 31.735698368412997 20.3
    endloop
  endfacet
  facet normal 0.9987954562051724 0.04906767432741788 0
    outer loop
      vertex 0.49759236333609846 31.54900857016478 16.3
      vertex 0.49759236333609846 31.54900857016478 20.3
      vertex 0.5 31.5 20.3
    endloop
  endfacet
  facet normal 0.9891765099647809 0.1467304744553619 0
    outer loop
      vertex 0.4903926402016152 31.597545161008064 16.3
      vertex 0.4903926402016152 31.597545161008064 20.3
      vertex 0.49759236333609846 31.54900857016478 20.3
    endloop
  endfacet
  facet normal 0.970031253194544 0.24298017990326415 0
    outer loop
      vertex 0.4784701678661044 31.64514233862723 16.3
      vertex 0.4784701678661044 31.64514233862723 20.3
      vertex 0.4903926402016152 31.597545161008064 20.3
    endloop
  endfacet
  facet normal 0.9415440651830231 0.3368898533922136 0
    outer loop
      vertex 0.46193976625564337 31.691341716182546 16.3
      vertex 0.46193976625564337 31.691341716182546 20.3
      vertex 0.4784701678661044 31.64514233862723 20.3
    endloop
  endfacet
  facet normal -0.8032075314806395 0.5956993044924405 0
    outer loop
      vertex -0.4157348061512726 31.7777851165098 16.3
      vertex -0.3865052266813685 31.81719664208182 20.3
      vertex -0.3865052266813685 31.81719664208182 16.3
    endloop
  endfacet
  facet normal -0.7409511253549641 0.671558954847013 0
    outer loop
      vertex -0.3865052266813685 31.81719664208182 16.3
      vertex -0.3535533905932738 31.853553390593273 20.3
      vertex -0.3535533905932738 31.853553390593273 16.3
    endloop
  endfacet
  facet normal -0.6715589548470254 0.7409511253549527 0
    outer loop
      vertex -0.3535533905932738 31.853553390593273 16.3
      vertex -0.3535533905932738 31.853553390593273 20.3
      vertex -0.31719664208182274 31.88650522668137 16.3
    endloop
  endfacet
  facet normal -0.5956993044924549 0.8032075314806291 0
    outer loop
      vertex -0.31719664208182274 31.88650522668137 16.3
      vertex -0.31719664208182274 31.88650522668137 20.3
      vertex -0.2777851165098011 31.915734806151274 16.3
    endloop
  endfacet
  facet normal -0.5141027441932103 0.8577286100002788 0
    outer loop
      vertex -0.2777851165098011 31.915734806151274 16.3
      vertex -0.2777851165098011 31.915734806151274 20.3
      vertex -0.23569836841299882 31.94096063217418 16.3
    endloop
  endfacet
  facet normal -0.4275550934302625 0.9039892931234528 0
    outer loop
      vertex -0.23569836841299882 31.94096063217418 16.3
      vertex -0.23569836841299882 31.94096063217418 20.3
      vertex -0.1913417161825449 31.961939766255643 16.3
    endloop
  endfacet
  facet normal -0.3368898533921997 0.9415440651830281 0
    outer loop
      vertex -0.1913417161825449 31.961939766255643 16.3
      vertex -0.1913417161825449 31.961939766255643 20.3
      vertex -0.14514233862723117 31.978470167866103 16.3
    endloop
  endfacet
  facet normal -0.24298017990330883 0.9700312531945326 0
    outer loop
      vertex -0.14514233862723117 31.978470167866103 16.3
      vertex -0.14514233862723117 31.978470167866103 20.3
      vertex -0.09754516100806412 31.990392640201616 16.3
    endloop
  endfacet
  facet normal -0.14673047445537346 0.9891765099647792 0
    outer loop
      vertex -0.09754516100806412 31.990392640201616 16.3
      vertex -0.09754516100806412 31.990392640201616 20.3
      vertex -0.0490085701647803 31.9975923633361 16.3
    endloop
  endfacet
  facet normal -0.04906767432738823 0.9987954562051738 0
    outer loop
      vertex -0.0490085701647803 31.9975923633361 16.3
      vertex -0.0490085701647803 31.9975923633361 20.3
      vertex 0 32 16.3
    endloop
  endfacet
  facet normal 0.04906767432738823 0.9987954562051738 0
    outer loop
      vertex 0 32 16.3
      vertex 0 32 20.3
      vertex 0.0490085701647803 31.9975923633361 16.3
    endloop
  endfacet
  facet normal 0.3368898533921997 0.9415440651830281 0
    outer loop
      vertex 0.1913417161825449 31.961939766255643 16.3
      vertex 0.14514233862723117 31.978470167866103 16.3
      vertex 0.14514233862723117 31.978470167866103 20.3
    endloop
  endfacet
  facet normal 0.14673047445537346 0.9891765099647792 0
    outer loop
      vertex 0.0490085701647803 31.9975923633361 16.3
      vertex 0.0490085701647803 31.9975923633361 20.3
      vertex 0.09754516100806412 31.990392640201616 16.3
    endloop
  endfacet
  facet normal 0.24298017990330883 0.9700312531945326 0
    outer loop
      vertex 0.14514233862723117 31.978470167866103 16.3
      vertex 0.09754516100806412 31.990392640201616 16.3
      vertex 0.09754516100806412 31.990392640201616 20.3
    endloop
  endfacet
  facet normal 0.5956993044924549 0.8032075314806291 0
    outer loop
      vertex 0.2777851165098011 31.915734806151274 16.3
      vertex 0.2777851165098011 31.915734806151274 20.3
      vertex 0.31719664208182274 31.88650522668137 16.3
    endloop
  endfacet
  facet normal 0.5141027441932103 0.8577286100002788 0
    outer loop
      vertex 0.2777851165098011 31.915734806151274 16.3
      vertex 0.23569836841299882 31.94096063217418 16.3
      vertex 0.23569836841299882 31.94096063217418 20.3
    endloop
  endfacet
  facet normal 0.4275550934302625 0.9039892931234528 0
    outer loop
      vertex 0.1913417161825449 31.961939766255643 16.3
      vertex 0.1913417161825449 31.961939766255643 20.3
      vertex 0.23569836841299882 31.94096063217418 16.3
    endloop
  endfacet
  facet normal 0.8032075314806395 0.5956993044924405 0
    outer loop
      vertex 0.4157348061512726 31.7777851165098 16.3
      vertex 0.3865052266813685 31.81719664208182 16.3
      vertex 0.4157348061512726 31.7777851165098 20.3
    endloop
  endfacet
  facet normal 0.7409511253549641 0.671558954847013 0
    outer loop
      vertex 0.3865052266813685 31.81719664208182 16.3
      vertex 0.3535533905932738 31.853553390593273 16.3
      vertex 0.3865052266813685 31.81719664208182 20.3
    endloop
  endfacet
  facet normal 0.6715589548470254 0.7409511253549527 0
    outer loop
      vertex 0.3535533905932738 31.853553390593273 16.3
      vertex 0.31719664208182274 31.88650522668137 16.3
      vertex 0.31719664208182274 31.88650522668137 20.3
    endloop
  endfacet
  facet normal -0.8032075314806395 0.5956993044924405 0
    outer loop
      vertex -0.4157348061512726 31.7777851165098 16.3
      vertex -0.4157348061512726 31.7777851165098 20.3
      vertex -0.3865052266813685 31.81719664208182 20.3
    endloop
  endfacet
  facet normal -0.7409511253549641 0.671558954847013 0
    outer loop
      vertex -0.3865052266813685 31.81719664208182 16.3
      vertex -0.3865052266813685 31.81719664208182 20.3
      vertex -0.3535533905932738 31.853553390593273 20.3
    endloop
  endfacet
  facet normal -0.6715589548470254 0.7409511253549527 0
    outer loop
      vertex -0.31719664208182274 31.88650522668137 16.3
      vertex -0.3535533905932738 31.853553390593273 20.3
      vertex -0.31719664208182274 31.88650522668137 20.3
    endloop
  endfacet
  facet normal -0.5956993044924549 0.8032075314806291 0
    outer loop
      vertex -0.2777851165098011 31.915734806151274 16.3
      vertex -0.31719664208182274 31.88650522668137 20.3
      vertex -0.2777851165098011 31.915734806151274 20.3
    endloop
  endfacet
  facet normal -0.5141027441932103 0.8577286100002788 0
    outer loop
      vertex -0.23569836841299882 31.94096063217418 16.3
      vertex -0.2777851165098011 31.915734806151274 20.3
      vertex -0.23569836841299882 31.94096063217418 20.3
    endloop
  endfacet
  facet normal -0.4275550934302625 0.9039892931234528 0
    outer loop
      vertex -0.1913417161825449 31.961939766255643 16.3
      vertex -0.23569836841299882 31.94096063217418 20.3
      vertex -0.1913417161825449 31.961939766255643 20.3
    endloop
  endfacet
  facet normal -0.3368898533921997 0.9415440651830281 0
    outer loop
      vertex -0.14514233862723117 31.978470167866103 16.3
      vertex -0.1913417161825449 31.961939766255643 20.3
      vertex -0.14514233862723117 31.978470167866103 20.3
    endloop
  endfacet
  facet normal -0.24298017990330883 0.9700312531945326 0
    outer loop
      vertex -0.09754516100806412 31.990392640201616 16.3
      vertex -0.14514233862723117 31.978470167866103 20.3
      vertex -0.09754516100806412 31.990392640201616 20.3
    endloop
  endfacet
  facet normal -0.14673047445537346 0.9891765099647792 0
    outer loop
      vertex -0.0490085701647803 31.9975923633361 16.3
      vertex -0.09754516100806412 31.990392640201616 20.3
      vertex -0.0490085701647803 31.9975923633361 20.3
    endloop
  endfacet
  facet normal -0.04906767432738823 0.9987954562051738 0
    outer loop
      vertex 0 32 16.3
      vertex -0.0490085701647803 31.9975923633361 20.3
      vertex 0 32 20.3
    endloop
  endfacet
  facet normal 0.04906767432738823 0.9987954562051738 0
    outer loop
      vertex 0.0490085701647803 31.9975923633361 16.3
      vertex 0 32 20.3
      vertex 0.0490085701647803 31.9975923633361 20.3
    endloop
  endfacet
  facet normal 0.24298017990330883 0.9700312531945326 0
    outer loop
      vertex 0.14514233862723117 31.978470167866103 16.3
      vertex 0.09754516100806412 31.990392640201616 20.3
      vertex 0.14514233862723117 31.978470167866103 20.3
    endloop
  endfacet
  facet normal 0.14673047445537346 0.9891765099647792 0
    outer loop
      vertex 0.09754516100806412 31.990392640201616 16.3
      vertex 0.0490085701647803 31.9975923633361 20.3
      vertex 0.09754516100806412 31.990392640201616 20.3
    endloop
  endfacet
  facet normal 0.5956993044924549 0.8032075314806291 0
    outer loop
      vertex 0.31719664208182274 31.88650522668137 16.3
      vertex 0.2777851165098011 31.915734806151274 20.3
      vertex 0.31719664208182274 31.88650522668137 20.3
    endloop
  endfacet
  facet normal 0.3368898533921997 0.9415440651830281 0
    outer loop
      vertex 0.1913417161825449 31.961939766255643 16.3
      vertex 0.14514233862723117 31.978470167866103 20.3
      vertex 0.1913417161825449 31.961939766255643 20.3
    endloop
  endfacet
  facet normal 0.5141027441932103 0.8577286100002788 0
    outer loop
      vertex 0.2777851165098011 31.915734806151274 16.3
      vertex 0.23569836841299882 31.94096063217418 20.3
      vertex 0.2777851165098011 31.915734806151274 20.3
    endloop
  endfacet
  facet normal 0.4275550934302625 0.9039892931234528 0
    outer loop
      vertex 0.23569836841299882 31.94096063217418 16.3
      vertex 0.1913417161825449 31.961939766255643 20.3
      vertex 0.23569836841299882 31.94096063217418 20.3
    endloop
  endfacet
  facet normal 0.8032075314806395 0.5956993044924405 0
    outer loop
      vertex 0.3865052266813685 31.81719664208182 16.3
      vertex 0.3865052266813685 31.81719664208182 20.3
      vertex 0.4157348061512726 31.7777851165098 20.3
    endloop
  endfacet
  facet normal 0.7409511253549641 0.671558954847013 0
    outer loop
      vertex 0.3535533905932738 31.853553390593273 16.3
      vertex 0.3535533905932738 31.853553390593273 20.3
      vertex 0.3865052266813685 31.81719664208182 20.3
    endloop
  endfacet
  facet normal 0.6715589548470254 0.7409511253549527 0
    outer loop
      vertex 0.3535533905932738 31.853553390593273 16.3
      vertex 0.31719664208182274 31.88650522668137 20.3
      vertex 0.3535533905932738 31.853553390593273 20.3
    endloop
  endfacet
  facet normal 0 0 1
    outer loop
      vertex -0.4157348061512726 31.2222148834902 20.3
      vertex -0.4409606321741775 31.735698368412997 20.3
      vertex -0.4409606321741775 31.264301631587003 20.3
    endloop
  endfacet
  facet normal 0 0 1
    outer loop
      vertex -0.3865052266813685 31.18280335791818 20.3
      vertex -0.4157348061512726 31.7777851165098 20.3
      vertex -0.4157348061512726 31.2222148834902 20.3
    endloop
  endfacet
  facet normal 0 0 1
    outer loop
      vertex -0.4784701678661044 31.35485766137277 20.3
      vertex -0.4903926402016152 31.597545161008064 20.3
      vertex -0.4903926402016152 31.402454838991936 20.3
    endloop
  endfacet
  facet normal 0 0 1
    outer loop
      vertex -0.46193976625564337 31.308658283817454 20.3
      vertex -0.4784701678661044 31.64514233862723 20.3
      vertex -0.4784701678661044 31.35485766137277 20.3
    endloop
  endfacet
  facet normal 0 0 1
    outer loop
      vertex -0.4409606321741775 31.264301631587003 20.3
      vertex -0.46193976625564337 31.691341716182546 20.3
      vertex -0.46193976625564337 31.308658283817454 20.3
    endloop
  endfacet
  facet normal 0 0 1
    outer loop
      vertex -0.4903926402016152 31.402454838991936 20.3
      vertex -0.49759236333609846 31.54900857016478 20.3
      vertex -0.49759236333609846 31.45099142983522 20.3
    endloop
  endfacet
  facet normal 0 0 1
    outer loop
      vertex -0.49759236333609846 31.45099142983522 20.3
      vertex -0.49759236333609846 31.54900857016478 20.3
      vertex -0.5 31.5 20.3
    endloop
  endfacet
  facet normal 0 0 1
    outer loop
      vertex -0.2777851165098011 31.084265193848726 20.3
      vertex -0.23569836841299882 31.05903936782582 20.3
      vertex -0.2777851165098011 31.915734806151274 20.3
    endloop
  endfacet
  facet normal 0 0 1
    outer loop
      vertex -0.2777851165098011 31.084265193848726 20.3
      vertex -0.31719664208182274 31.88650522668137 20.3
      vertex -0.31719664208182274 31.11349477331863 20.3
    endloop
  endfacet
  facet normal 0 0 1
    outer loop
      vertex -0.31719664208182274 31.11349477331863 20.3
      vertex -0.3535533905932738 31.853553390593273 20.3
      vertex -0.3535533905932738 31.146446609406727 20.3
    endloop
  endfacet
  facet normal 0 0 1
    outer loop
      vertex -0.3865052266813685 31.18280335791818 20.3
      vertex -0.3535533905932738 31.146446609406727 20.3
      vertex -0.3865052266813685 31.81719664208182 20.3
    endloop
  endfacet
  facet normal 0 0 1
    outer loop
      vertex -0.4903926402016152 31.402454838991936 20.3
      vertex -0.4903926402016152 31.597545161008064 20.3
      vertex -0.49759236333609846 31.54900857016478 20.3
    endloop
  endfacet
  facet normal 0 0 1
    outer loop
      vertex -0.4784701678661044 31.35485766137277 20.3
      vertex -0.4784701678661044 31.64514233862723 20.3
      vertex -0.4903926402016152 31.597545161008064 20.3
    endloop
  endfacet
  facet normal 0 0 1
    outer loop
      vertex -0.46193976625564337 31.308658283817454 20.3
      vertex -0.46193976625564337 31.691341716182546 20.3
      vertex -0.4784701678661044 31.64514233862723 20.3
    endloop
  endfacet
  facet normal 0 0 1
    outer loop
      vertex -0.4409606321741775 31.264301631587003 20.3
      vertex -0.4409606321741775 31.735698368412997 20.3
      vertex -0.46193976625564337 31.691341716182546 20.3
    endloop
  endfacet
  facet normal 0 0 1
    outer loop
      vertex -0.4157348061512726 31.2222148834902 20.3
      vertex -0.4157348061512726 31.7777851165098 20.3
      vertex -0.4409606321741775 31.735698368412997 20.3
    endloop
  endfacet
  facet normal 0 0 1
    outer loop
      vertex -0.3865052266813685 31.18280335791818 20.3
      vertex -0.3865052266813685 31.81719664208182 20.3
      vertex -0.4157348061512726 31.7777851165098 20.3
    endloop
  endfacet
  facet normal 0 0 1
    outer loop
      vertex -0.3535533905932738 31.146446609406727 20.3
      vertex -0.3535533905932738 31.853553390593273 20.3
      vertex -0.3865052266813685 31.81719664208182 20.3
    endloop
  endfacet
  facet normal 0 0 1
    outer loop
      vertex -0.31719664208182274 31.11349477331863 20.3
      vertex -0.31719664208182274 31.88650522668137 20.3
      vertex -0.3535533905932738 31.853553390593273 20.3
    endloop
  endfacet
  facet normal 0 0 1
    outer loop
      vertex -0.2777851165098011 31.084265193848726 20.3
      vertex -0.2777851165098011 31.915734806151274 20.3
      vertex -0.31719664208182274 31.88650522668137 20.3
    endloop
  endfacet
  facet normal 0 0 1
    outer loop
      vertex -0.1913417161825449 31.038060233744357 20.3
      vertex -0.23569836841299882 31.94096063217418 20.3
      vertex -0.23569836841299882 31.05903936782582 20.3
    endloop
  endfacet
  facet normal 0 0 1
    outer loop
      vertex -0.1913417161825449 31.038060233744357 20.3
      vertex -0.14514233862723117 31.021529832133897 20.3
      vertex -0.1913417161825449 31.961939766255643 20.3
    endloop
  endfacet
  facet normal 0 0 1
    outer loop
      vertex -0.14514233862723117 31.021529832133897 20.3
      vertex -0.09754516100806412 31.009607359798384 20.3
      vertex -0.14514233862723117 31.978470167866103 20.3
    endloop
  endfacet
  facet normal 0 0 1
    outer loop
      vertex -0.0490085701647803 31.0024076366639 20.3
      vertex -0.09754516100806412 31.990392640201616 20.3
      vertex -0.09754516100806412 31.009607359798384 20.3
    endloop
  endfacet
  facet normal 0 0 1
    outer loop
      vertex -0.0490085701647803 31.0024076366639 20.3
      vertex 0 31 20.3
      vertex -0.0490085701647803 31.9975923633361 20.3
    endloop
  endfacet
  facet normal 0 0 1
    outer loop
      vertex 0 31 20.3
      vertex 0.0490085701647803 31.0024076366639 20.3
      vertex 0 32 20.3
    endloop
  endfacet
  facet normal 0 0 1
    outer loop
      vertex -0.23569836841299882 31.05903936782582 20.3
      vertex -0.23569836841299882 31.94096063217418 20.3
      vertex -0.2777851165098011 31.915734806151274 20.3
    endloop
  endfacet
  facet normal 0 0 1
    outer loop
      vertex -0.1913417161825449 31.038060233744357 20.3
      vertex -0.1913417161825449 31.961939766255643 20.3
      vertex -0.23569836841299882 31.94096063217418 20.3
    endloop
  endfacet
  facet normal 0 0 1
    outer loop
      vertex -0.14514233862723117 31.021529832133897 20.3
      vertex -0.14514233862723117 31.978470167866103 20.3
      vertex -0.1913417161825449 31.961939766255643 20.3
    endloop
  endfacet
  facet normal 0 0 1
    outer loop
      vertex -0.09754516100806412 31.009607359798384 20.3
      vertex -0.09754516100806412 31.990392640201616 20.3
      vertex -0.14514233862723117 31.978470167866103 20.3
    endloop
  endfacet
  facet normal 0 0 1
    outer loop
      vertex -0.0490085701647803 31.0024076366639 20.3
      vertex -0.0490085701647803 31.9975923633361 20.3
      vertex -0.09754516100806412 31.990392640201616 20.3
    endloop
  endfacet
  facet normal 0 0 1
    outer loop
      vertex 0 31 20.3
      vertex 0 32 20.3
      vertex -0.0490085701647803 31.9975923633361 20.3
    endloop
  endfacet
  facet normal 0 0 1
    outer loop
      vertex 0.0490085701647803 31.0024076366639 20.3
      vertex 0.09754516100806412 31.009607359798384 20.3
      vertex 0.0490085701647803 31.9975923633361 20.3
    endloop
  endfacet
  facet normal 0 0 1
    outer loop
      vertex 0.09754516100806412 31.009607359798384 20.3
      vertex 0.14514233862723117 31.021529832133897 20.3
      vertex 0.09754516100806412 31.990392640201616 20.3
    endloop
  endfacet
  facet normal 0 0 1
    outer loop
      vertex 0.14514233862723117 31.021529832133897 20.3
      vertex 0.1913417161825449 31.038060233744357 20.3
      vertex 0.14514233862723117 31.978470167866103 20.3
    endloop
  endfacet
  facet normal 0 0 1
    outer loop
      vertex 0.1913417161825449 31.038060233744357 20.3
      vertex 0.23569836841299882 31.05903936782582 20.3
      vertex 0.1913417161825449 31.961939766255643 20.3
    endloop
  endfacet
  facet normal 0 0 1
    outer loop
      vertex 0.23569836841299882 31.05903936782582 20.3
      vertex 0.2777851165098011 31.084265193848726 20.3
      vertex 0.23569836841299882 31.94096063217418 20.3
    endloop
  endfacet
  facet normal 0 0 1
    outer loop
      vertex 0.2777851165098011 31.084265193848726 20.3
      vertex 0.31719664208182274 31.11349477331863 20.3
      vertex 0.2777851165098011 31.915734806151274 20.3
    endloop
  endfacet
  facet normal 0 0 1
    outer loop
      vertex 0.0490085701647803 31.0024076366639 20.3
      vertex 0.0490085701647803 31.9975923633361 20.3
      vertex 0 32 20.3
    endloop
  endfacet
  facet normal 0 0 1
    outer loop
      vertex 0.09754516100806412 31.009607359798384 20.3
      vertex 0.09754516100806412 31.990392640201616 20.3
      vertex 0.0490085701647803 31.9975923633361 20.3
    endloop
  endfacet
  facet normal 0 0 1
    outer loop
      vertex 0.14514233862723117 31.021529832133897 20.3
      vertex 0.14514233862723117 31.978470167866103 20.3
      vertex 0.09754516100806412 31.990392640201616 20.3
    endloop
  endfacet
  facet normal 0 0 1
    outer loop
      vertex 0.2777851165098011 31.084265193848726 20.3
      vertex 0.2777851165098011 31.915734806151274 20.3
      vertex 0.23569836841299882 31.94096063217418 20.3
    endloop
  endfacet
  facet normal 0 0 1
    outer loop
      vertex 0.31719664208182274 31.11349477331863 20.3
      vertex 0.31719664208182274 31.88650522668137 20.3
      vertex 0.2777851165098011 31.915734806151274 20.3
    endloop
  endfacet
  facet normal 0 0 1
    outer loop
      vertex 0.1913417161825449 31.038060233744357 20.3
      vertex 0.1913417161825449 31.961939766255643 20.3
      vertex 0.14514233862723117 31.978470167866103 20.3
    endloop
  endfacet
  facet normal 0 0 1
    outer loop
      vertex 0.23569836841299882 31.05903936782582 20.3
      vertex 0.23569836841299882 31.94096063217418 20.3
      vertex 0.1913417161825449 31.961939766255643 20.3
    endloop
  endfacet
  facet normal 0 0 1
    outer loop
      vertex 0.31719664208182274 31.11349477331863 20.3
      vertex 0.3535533905932738 31.146446609406727 20.3
      vertex 0.31719664208182274 31.88650522668137 20.3
    endloop
  endfacet
  facet normal 0 0 1
    outer loop
      vertex 0.3535533905932738 31.146446609406727 20.3
      vertex 0.3865052266813685 31.18280335791818 20.3
      vertex 0.3535533905932738 31.853553390593273 20.3
    endloop
  endfacet
  facet normal 0 0 1
    outer loop
      vertex 0.3865052266813685 31.18280335791818 20.3
      vertex 0.4157348061512726 31.2222148834902 20.3
      vertex 0.3865052266813685 31.81719664208182 20.3
    endloop
  endfacet
  facet normal 0 0 1
    outer loop
      vertex 0.4157348061512726 31.2222148834902 20.3
      vertex 0.4409606321741775 31.264301631587003 20.3
      vertex 0.4157348061512726 31.7777851165098 20.3
    endloop
  endfacet
  facet normal 0 0 1
    outer loop
      vertex 0.4409606321741775 31.264301631587003 20.3
      vertex 0.46193976625564337 31.308658283817454 20.3
      vertex 0.4409606321741775 31.735698368412997 20.3
    endloop
  endfacet
  facet normal 0 0 1
    outer loop
      vertex 0.46193976625564337 31.308658283817454 20.3
      vertex 0.4784701678661044 31.35485766137277 20.3
      vertex 0.46193976625564337 31.691341716182546 20.3
    endloop
  endfacet
  facet normal 0 0 1
    outer loop
      vertex 0.4784701678661044 31.35485766137277 20.3
      vertex 0.4903926402016152 31.402454838991936 20.3
      vertex 0.4784701678661044 31.64514233862723 20.3
    endloop
  endfacet
  facet normal 0 0 1
    outer loop
      vertex 0.4903926402016152 31.402454838991936 20.3
      vertex 0.49759236333609846 31.45099142983522 20.3
      vertex 0.4903926402016152 31.597545161008064 20.3
    endloop
  endfacet
  facet normal 0 0 1
    outer loop
      vertex 0.49759236333609846 31.45099142983522 20.3
      vertex 0.5 31.5 20.3
      vertex 0.49759236333609846 31.54900857016478 20.3
    endloop
  endfacet
  facet normal 0 0 1
    outer loop
      vertex 0.46193976625564337 31.308658283817454 20.3
      vertex 0.46193976625564337 31.691341716182546 20.3
      vertex 0.4409606321741775 31.735698368412997 20.3
    endloop
  endfacet
  facet normal 0 0 1
    outer loop
      vertex 0.3535533905932738 31.146446609406727 20.3
      vertex 0.3535533905932738 31.853553390593273 20.3
      vertex 0.31719664208182274 31.88650522668137 20.3
    endloop
  endfacet
  facet normal 0 0 1
    outer loop
      vertex 0.3865052266813685 31.18280335791818 20.3
      vertex 0.3865052266813685 31.81719664208182 20.3
      vertex 0.3535533905932738 31.853553390593273 20.3
    endloop
  endfacet
  facet normal 0 0 1
    outer loop
      vertex 0.4157348061512726 31.2222148834902 20.3
      vertex 0.4157348061512726 31.7777851165098 20.3
      vertex 0.3865052266813685 31.81719664208182 20.3
    endloop
  endfacet
  facet normal 0 0 1
    outer loop
      vertex 0.4409606321741775 31.264301631587003 20.3
      vertex 0.4409606321741775 31.735698368412997 20.3
      vertex 0.4157348061512726 31.7777851165098 20.3
    endloop
  endfacet
  facet normal 0 0 1
    outer loop
      vertex 0.49759236333609846 31.45099142983522 20.3
      vertex 0.49759236333609846 31.54900857016478 20.3
      vertex 0.4903926402016152 31.597545161008064 20.3
    endloop
  endfacet
  facet normal 0 0 1
    outer loop
      vertex 0.4784701678661044 31.35485766137277 20.3
      vertex 0.4784701678661044 31.64514233862723 20.3
      vertex 0.46193976625564337 31.691341716182546 20.3
    endloop
  endfacet
  facet normal 0 0 1
    outer loop
      vertex 0.4903926402016152 31.402454838991936 20.3
      vertex 0.4903926402016152 31.597545161008064 20.3
      vertex 0.4784701678661044 31.64514233862723 20.3
    endloop
  endfacet
  facet normal -1 0 0
    outer loop
      vertex -25 45.075871481210896 -38.11693070405096
      vertex -25 44.84644090667048 -37.78926988633536
      vertex -25 46.48474499524846 -36.642117013633275
    endloop
  endfacet
  facet normal -1 0 0
    outer loop
      vertex -25 45.075871481210896 -38.11693070405096
      vertex -25 46.48474499524846 -36.642117013633275
      vertex -25 46.71417556978888 -36.96977783134887
    endloop
  endfacet
  facet normal 0 -0.8191520442889945 -0.5735764363510423
    outer loop
      vertex -25 45.075871481210896 -38.11693070405096
      vertex -23 44.84644090667048 -37.78926988633536
      vertex -25 44.84644090667048 -37.78926988633536
    endloop
  endfacet
  facet normal 0 -0.5735764363510446 0.8191520442889928
    outer loop
      vertex -25 44.84644090667048 -37.78926988633536
      vertex -23 44.84644090667048 -37.78926988633536
      vertex -25 46.48474499524846 -36.642117013633275
    endloop
  endfacet
  facet normal 0 -0.8191520442889945 -0.5735764363510423
    outer loop
      vertex -25 45.075871481210896 -38.11693070405096
      vertex -23 45.075871481210896 -38.11693070405096
      vertex -23 44.84644090667048 -37.78926988633536
    endloop
  endfacet
  facet normal 0 0.5735764363510446 -0.8191520442889928
    outer loop
      vertex -25 45.075871481210896 -38.11693070405096
      vertex -23 46.71417556978888 -36.96977783134887
      vertex -23 45.075871481210896 -38.11693070405096
    endloop
  endfacet
  facet normal 1 0 0
    outer loop
      vertex -23 45.075871481210896 -38.11693070405096
      vertex -23 46.71417556978888 -36.96977783134887
      vertex -23 44.84644090667048 -37.78926988633536
    endloop
  endfacet
  facet normal 0 0.5735764363510446 -0.8191520442889928
    outer loop
      vertex -25 45.075871481210896 -38.11693070405096
      vertex -25 46.71417556978888 -36.96977783134887
      vertex -23 46.71417556978888 -36.96977783134887
    endloop
  endfacet
  facet normal 0 0.8191520442889945 0.5735764363510423
    outer loop
      vertex -25 46.71417556978888 -36.96977783134887
      vertex -25 46.48474499524846 -36.642117013633275
      vertex -23 46.71417556978888 -36.96977783134887
    endloop
  endfacet
  facet normal 0 -0.5735764363510446 0.8191520442889928
    outer loop
      vertex -25 46.48474499524846 -36.642117013633275
      vertex -23 44.84644090667048 -37.78926988633536
      vertex -23 46.48474499524846 -36.642117013633275
    endloop
  endfacet
  facet normal 0 0.8191520442889945 0.5735764363510423
    outer loop
      vertex -25 46.48474499524846 -36.642117013633275
      vertex -23 46.48474499524846 -36.642117013633275
      vertex -23 46.71417556978888 -36.96977783134887
    endloop
  endfacet
  facet normal 1 0 0
    outer loop
      vertex -23 44.84644090667048 -37.78926988633536
      vertex -23 46.71417556978888 -36.96977783134887
      vertex -23 46.48474499524846 -36.642117013633275
    endloop
  endfacet
  facet normal -1 0 0
    outer loop
      vertex 23 45.075871481210896 -38.11693070405096
      vertex 23 44.84644090667048 -37.78926988633536
      vertex 23 46.48474499524846 -36.642117013633275
    endloop
  endfacet
  facet normal -1 0 0
    outer loop
      vertex 23 45.075871481210896 -38.11693070405096
      vertex 23 46.48474499524846 -36.642117013633275
      vertex 23 46.71417556978888 -36.96977783134887
    endloop
  endfacet
  facet normal 0 -0.8191520442889945 -0.5735764363510423
    outer loop
      vertex 23 45.075871481210896 -38.11693070405096
      vertex 25 44.84644090667048 -37.78926988633536
      vertex 23 44.84644090667048 -37.78926988633536
    endloop
  endfacet
  facet normal 0 -0.5735764363510446 0.8191520442889928
    outer loop
      vertex 23 44.84644090667048 -37.78926988633536
      vertex 25 44.84644090667048 -37.78926988633536
      vertex 23 46.48474499524846 -36.642117013633275
    endloop
  endfacet
  facet normal 0 -0.8191520442889945 -0.5735764363510423
    outer loop
      vertex 23 45.075871481210896 -38.11693070405096
      vertex 25 45.075871481210896 -38.11693070405096
      vertex 25 44.84644090667048 -37.78926988633536
    endloop
  endfacet
  facet normal 0 0.5735764363510446 -0.8191520442889928
    outer loop
      vertex 23 45.075871481210896 -38.11693070405096
      vertex 25 46.71417556978888 -36.96977783134887
      vertex 25 45.075871481210896 -38.11693070405096
    endloop
  endfacet
  facet normal 1 0 0
    outer loop
      vertex 25 45.075871481210896 -38.11693070405096
      vertex 25 46.71417556978888 -36.96977783134887
      vertex 25 44.84644090667048 -37.78926988633536
    endloop
  endfacet
  facet normal 0 0.5735764363510446 -0.8191520442889928
    outer loop
      vertex 23 45.075871481210896 -38.11693070405096
      vertex 23 46.71417556978888 -36.96977783134887
      vertex 25 46.71417556978888 -36.96977783134887
    endloop
  endfacet
  facet normal 0 0.8191520442889945 0.5735764363510423
    outer loop
      vertex 23 46.71417556978888 -36.96977783134887
      vertex 23 46.48474499524846 -36.642117013633275
      vertex 25 46.71417556978888 -36.96977783134887
    endloop
  endfacet
  facet normal 0 -0.5735764363510446 0.8191520442889928
    outer loop
      vertex 23 46.48474499524846 -36.642117013633275
      vertex 25 44.84644090667048 -37.78926988633536
      vertex 25 46.48474499524846 -36.642117013633275
    endloop
  endfacet
  facet normal 0 0.8191520442889945 0.5735764363510423
    outer loop
      vertex 23 46.48474499524846 -36.642117013633275
      vertex 25 46.48474499524846 -36.642117013633275
      vertex 25 46.71417556978888 -36.96977783134887
    endloop
  endfacet
  facet normal 1 0 0
    outer loop
      vertex 25 44.84644090667048 -37.78926988633536
      vertex 25 46.71417556978888 -36.96977783134887
      vertex 25 46.48474499524846 -36.642117013633275
    endloop
  endfacet
  facet normal -1 0 0
    outer loop
      vertex -48 19.576277624383145 -1.5253918851268224
      vertex -48 22.649032819884997 -6.088085772351381
      vertex -48 19.494362419954246 -1.5827495287619266
    endloop
  endfacet
  facet normal 0 0.819152044288992 0.5735764363510458
    outer loop
      vertex -48 22.730948024313896 -6.030728128716277
      vertex -48 19.576277624383145 -1.5253918851268224
      vertex -44.5 19.576277624383145 -1.5253918851268224
    endloop
  endfacet
  facet normal 0 0.5735764363510423 -0.8191520442889945
    outer loop
      vertex -48 22.730948024313896 -6.030728128716277
      vertex -44.5 22.649032819884997 -6.088085772351381
      vertex -48 22.649032819884997 -6.088085772351381
    endloop
  endfacet
  facet normal 0 0.5735764363510423 -0.8191520442889945
    outer loop
      vertex -48 22.730948024313896 -6.030728128716277
      vertex -44.5 22.730948024313896 -6.030728128716277
      vertex -44.5 22.649032819884997 -6.088085772351381
    endloop
  endfacet
  facet normal -1 0 0
    outer loop
      vertex -48 22.730948024313896 -6.030728128716277
      vertex -48 22.649032819884997 -6.088085772351381
      vertex -48 19.576277624383145 -1.5253918851268224
    endloop
  endfacet
  facet normal 0 0.819152044288992 0.5735764363510458
    outer loop
      vertex -48 22.730948024313896 -6.030728128716277
      vertex -44.5 19.576277624383145 -1.5253918851268224
      vertex -44.5 22.730948024313896 -6.030728128716277
    endloop
  endfacet
  facet normal 1.0408340855860873e-16 -0.5735764363510437 0.8191520442889935
    outer loop
      vertex -48 19.576277624383145 -1.5253918851268224
      vertex -48 19.494362419954246 -1.5827495287619266
      vertex -44.5 19.494362419954246 -1.582749528761927
    endloop
  endfacet
  facet normal 0 -0.5735764363510467 0.8191520442889914
    outer loop
      vertex -48 19.576277624383145 -1.5253918851268224
      vertex -44.5 19.494362419954246 -1.582749528761927
      vertex -44.5 19.576277624383145 -1.5253918851268224
    endloop
  endfacet
  facet normal 0 -0.5735764363510463 0.8191520442889917
    outer loop
      vertex 44.5 18.347549557949655 -2.3857565396533893
      vertex 48 18.347549557949655 -2.3857565396533893
      vertex 44.5 18.511593658645094 -2.2708916237476107
    endloop
  endfacet
  facet normal -2.9224396408458217e-15 -0.8191520442889919 -0.5735764363510459
    outer loop
      vertex 44.5 20.286357407907097 -5.154661106026076
      vertex 44.76918321687263 20.286148441522652 -5.154362671100656
      vertex 44.5 18.347549557949655 -2.3857565396533893
    endloop
  endfacet
  facet normal 2.260641907126263e-15 -0.8191520442889921 -0.5735764363510455
    outer loop
      vertex 44.76918321687263 20.286148441522652 -5.154362671100656
      vertex 45.28291941380481 20.28575473177997 -5.153800395316408
      vertex 44.5 18.347549557949655 -2.3857565396533893
    endloop
  endfacet
  facet normal 0 -0.8191520442889919 -0.573576436351046
    outer loop
      vertex 48 18.347549557949655 -2.3857565396533893
      vertex 44.5 18.347549557949655 -2.3857565396533893
      vertex 45.28291941380481 20.28575473177997 -5.153800395316408
    endloop
  endfacet
  facet normal 0 0.819152044288992 0.5735764363510458
    outer loop
      vertex 48 19.576277624383145 -1.5253918851268224
      vertex 44.5 22.730948024313896 -6.030728128716277
      vertex 44.5 19.576277624383145 -1.5253918851268224
    endloop
  endfacet
  facet normal 0 0.5735764363510423 -0.8191520442889945
    outer loop
      vertex 48 22.730948024313896 -6.030728128716277
      vertex 44.5 22.649032819884997 -6.088085772351381
      vertex 44.5 22.730948024313896 -6.030728128716277
    endloop
  endfacet
  facet normal 8.63654885902883e-16 -0.5735764363510438 0.8191520442889934
    outer loop
      vertex 48 18.347549557949655 -2.3857565396533893
      vertex 48 19.15987533520291 -1.816959906938603
      vertex 46.833333333333336 18.825388250451567 -2.0511702851152798
    endloop
  endfacet
  facet normal 1 0 0
    outer loop
      vertex 48 22.730948024313896 -6.030728128716277
      vertex 48 19.576277624383145 -1.5253918851268224
      vertex 48 19.494362419954246 -1.5827495287619266
    endloop
  endfacet
  facet normal 0 0.5735764363510423 -0.8191520442889945
    outer loop
      vertex 48 22.730948024313896 -6.030728128716277
      vertex 48 22.649032819884997 -6.088085772351381
      vertex 44.5 22.649032819884997 -6.088085772351381
    endloop
  endfacet
  facet normal 0 0.819152044288992 0.5735764363510458
    outer loop
      vertex 48 22.730948024313896 -6.030728128716277
      vertex 44.5 22.730948024313896 -6.030728128716277
      vertex 48 19.576277624383145 -1.5253918851268224
    endloop
  endfacet
  facet normal 1 0 0
    outer loop
      vertex 48 22.730948024313896 -6.030728128716277
      vertex 48 19.494362419954246 -1.5827495287619266
      vertex 48 22.649032819884997 -6.088085772351381
    endloop
  endfacet
  facet normal 5.196808344219472e-17 -0.5735764363510423 0.8191520442889945
    outer loop
      vertex 44.5 19.494362419954246 -1.5827495287619264
      vertex 48 19.494362419954246 -1.5827495287619266
      vertex 44.5 19.576277624383145 -1.5253918851268224
    endloop
  endfacet
  facet normal 0 -0.5735764363510437 0.8191520442889935
    outer loop
      vertex 48 19.576277624383145 -1.5253918851268224
      vertex 44.5 19.576277624383145 -1.5253918851268224
      vertex 48 19.494362419954246 -1.5827495287619266
    endloop
  endfacet
  facet normal 0 -1 0
    outer loop
      vertex -44.5 2 -21.55
      vertex -44.5 2 -16.8
      vertex -47.25 2 -21.55
    endloop
  endfacet
  facet normal 0 1 0
    outer loop
      vertex -47.25 3.5 -21.55
      vertex -44.5 3.5 -16.8
      vertex -44.5 3.5 -21.55
    endloop
  endfacet
  facet normal 0 -1 0
    outer loop
      vertex -47.25 2 -16.8
      vertex -47.25 2 -21.55
      vertex -44.5 2 -16.8
    endloop
  endfacet
  facet normal 0 1 0
    outer loop
      vertex -47.25 3.5 -21.55
      vertex -47.25 3.5 -16.8
      vertex -44.5 3.5 -16.8
    endloop
  endfacet
  facet normal 0 0 1
    outer loop
      vertex -47.25 2 -16.8
      vertex -44.5 2 -16.8
      vertex -47.25 3.5 -16.8
    endloop
  endfacet
  facet normal 0 0 1
    outer loop
      vertex -44.5 3.5 -16.8
      vertex -47.25 3.5 -16.8
      vertex -44.5 2 -16.8
    endloop
  endfacet
  facet normal 0 -1 0
    outer loop
      vertex 47.25 2 -21.55
      vertex 44.5 2 -16.8
      vertex 44.5 2 -21.55
    endloop
  endfacet
  facet normal 0 1 0
    outer loop
      vertex 47.25 3.5 -16.8
      vertex 44.5 3.5 -21.55
      vertex 44.5 3.5 -16.8
    endloop
  endfacet
  facet normal 0 0 1
    outer loop
      vertex 44.5 2 -16.8
      vertex 47.25 2 -16.8
      vertex 44.5 3.5 -16.8
    endloop
  endfacet
  facet normal 0 1 0
    outer loop
      vertex 47.25 3.5 -16.8
      vertex 47.25 3.5 -21.55
      vertex 44.5 3.5 -21.55
    endloop
  endfacet
  facet normal 0 -1 0
    outer loop
      vertex 47.25 2 -21.55
      vertex 47.25 2 -16.8
      vertex 44.5 2 -16.8
    endloop
  endfacet
  facet normal 0 0 1
    outer loop
      vertex 47.25 3.5 -16.8
      vertex 44.5 3.5 -16.8
      vertex 47.25 2 -16.8
    endloop
  endfacet
  facet normal 0 0 -1
    outer loop
      vertex 44.5 3.5 -2.75
      vertex 47.25 3.5 -2.75
      vertex 44.5 2 -2.75
    endloop
  endfacet
  facet normal 0 0 -1
    outer loop
      vertex 47.25 3.5 -2.75
      vertex 47.25 2 -2.75
      vertex 44.5 2 -2.75
    endloop
  endfacet
  facet normal 0 -1 0
    outer loop
      vertex 47.25 2 -0.75
      vertex 44.5 2 -2.75
      vertex 47.25 2 -2.75
    endloop
  endfacet
  facet normal 0 1 0
    outer loop
      vertex 47.25 3.5 -2.75
      vertex 44.5 3.5 -2.75
      vertex 47.25 3.5 -0.75
    endloop
  endfacet
  facet normal 0 -1 0
    outer loop
      vertex 47.25 2 -0.75
      vertex 44.5 2 -0.75
      vertex 44.5 2 -2.75
    endloop
  endfacet
  facet normal 0 1 0
    outer loop
      vertex 47.25 3.5 -0.75
      vertex 44.5 3.5 -2.75
      vertex 44.5 3.5 -0.75
    endloop
  endfacet
  facet normal 0 -1 0
    outer loop
      vertex 47.25 2 0.75
      vertex 44.5 2 2.75
      vertex 44.5 2 0.75
    endloop
  endfacet
  facet normal 0 0 1
    outer loop
      vertex 44.5 2 2.75
      vertex 47.25 2 2.75
      vertex 44.5 3.5 2.75
    endloop
  endfacet
  facet normal 0 1 0
    outer loop
      vertex 44.5 3.5 0.75
      vertex 44.5 3.5 2.75
      vertex 47.25 3.5 2.75
    endloop
  endfacet
  facet normal 0 -1 0
    outer loop
      vertex 47.25 2 0.75
      vertex 47.25 2 2.75
      vertex 44.5 2 2.75
    endloop
  endfacet
  facet normal 0 1 0
    outer loop
      vertex 47.25 3.5 0.75
      vertex 44.5 3.5 0.75
      vertex 47.25 3.5 2.75
    endloop
  endfacet
  facet normal 0 0 1
    outer loop
      vertex 47.25 3.5 2.75
      vertex 44.5 3.5 2.75
      vertex 47.25 2 2.75
    endloop
  endfacet
  facet normal 0 -1 0
    outer loop
      vertex -47.25 2 -0.75
      vertex -47.25 2 -2.75
      vertex -44.5 2 -2.75
    endloop
  endfacet
  facet normal 0 0 -1
    outer loop
      vertex -47.25 3.5 -2.75
      vertex -44.5 3.5 -2.75
      vertex -47.25 2 -2.75
    endloop
  endfacet
  facet normal 0 0 -1
    outer loop
      vertex -47.25 2 -2.75
      vertex -44.5 3.5 -2.75
      vertex -44.5 2 -2.75
    endloop
  endfacet
  facet normal 0 1 0
    outer loop
      vertex -44.5 3.5 -0.75
      vertex -44.5 3.5 -2.75
      vertex -47.25 3.5 -2.75
    endloop
  endfacet
  facet normal 0 1 0
    outer loop
      vertex -47.25 3.5 -0.75
      vertex -44.5 3.5 -0.75
      vertex -47.25 3.5 -2.75
    endloop
  endfacet
  facet normal 0 -1 0
    outer loop
      vertex -47.25 2 -0.75
      vertex -44.5 2 -2.75
      vertex -44.5 2 -0.75
    endloop
  endfacet
  facet normal 0 -1 0
    outer loop
      vertex -47.25 2 0.75
      vertex -44.5 2 2.75
      vertex -47.25 2 2.75
    endloop
  endfacet
  facet normal 0 0 1
    outer loop
      vertex -47.25 2 2.75
      vertex -44.5 2 2.75
      vertex -47.25 3.5 2.75
    endloop
  endfacet
  facet normal 0 1 0
    outer loop
      vertex -47.25 3.5 0.75
      vertex -47.25 3.5 2.75
      vertex -44.5 3.5 2.75
    endloop
  endfacet
  facet normal 0 -1 0
    outer loop
      vertex -47.25 2 0.75
      vertex -44.5 2 0.75
      vertex -44.5 2 2.75
    endloop
  endfacet
  facet normal 0 1 0
    outer loop
      vertex -44.5 3.5 0.75
      vertex -47.25 3.5 0.75
      vertex -44.5 3.5 2.75
    endloop
  endfacet
  facet normal 0 0 1
    outer loop
      vertex -44.5 3.5 2.75
      vertex -47.25 3.5 2.75
      vertex -44.5 2 2.75
    endloop
  endfacet
  facet normal -0.7071067811865476 -0.7071067811865476 0
    outer loop
      vertex -38.53731957466684 -33.58757210636101 -1.75
      vertex -37.476659402887016 -34.64823227814083 1.75
      vertex -38.53731957466684 -33.58757210636101 1.75
    endloop
  endfacet
  facet normal -0.7071067811865476 -0.7071067811865476 0
    outer loop
      vertex -38.53731957466684 -33.58757210636101 -1.75
      vertex -37.476659402887016 -34.64823227814083 -1.75
      vertex -37.476659402887016 -34.64823227814083 1.75
    endloop
  endfacet
  facet normal -0.7071067811865476 0.7071067811865476 0
    outer loop
      vertex -38.53731957466684 -33.58757210636101 -1.75
      vertex -38.53731957466684 -33.58757210636101 1.75
      vertex -3.44974746830583 1.5 1.75
    endloop
  endfacet
  facet normal 0 0 -1
    outer loop
      vertex -38.53731957466684 -33.58757210636101 -1.75
      vertex -3.44974746830583 1.5 -1.75
      vertex -37.476659402887016 -34.64823227814083 -1.75
    endloop
  endfacet
  facet normal 0.7071067811865476 -0.7071067811865476 0
    outer loop
      vertex -37.476659402887016 -34.64823227814083 -1.75
      vertex -1.3284271247461845 1.5 -1.75
      vertex -37.476659402887016 -34.64823227814083 1.75
    endloop
  endfacet
  facet normal 0 0 1
    outer loop
      vertex -38.53731957466684 -33.58757210636101 1.75
      vertex -37.476659402887016 -34.64823227814083 1.75
      vertex -3.44974746830583 1.5 1.75
    endloop
  endfacet
  facet normal -0.7071067811865476 0.7071067811865476 0
    outer loop
      vertex -38.53731957466684 -33.58757210636101 -1.75
      vertex -3.44974746830583 1.5 1.75
      vertex -3.44974746830583 1.5 -1.75
    endloop
  endfacet
  facet normal 0 0 -1
    outer loop
      vertex -37.476659402887016 -34.64823227814083 -1.75
      vertex -3.44974746830583 1.5 -1.75
      vertex -1.3284271247461845 1.5 -1.75
    endloop
  endfacet
  facet normal 0.7071067811865476 -0.7071067811865476 0
    outer loop
      vertex -37.476659402887016 -34.64823227814083 1.75
      vertex -1.3284271247461845 1.5 -1.75
      vertex -1.3284271247461845 1.5 1.75
    endloop
  endfacet
  facet normal 0 0 1
    outer loop
      vertex -37.476659402887016 -34.64823227814083 1.75
      vertex -1.3284271247461845 1.5 1.75
      vertex -3.44974746830583 1.5 1.75
    endloop
  endfacet
  facet normal 0 0 -1
    outer loop
      vertex 33.58757210636101 38.53731957466684 -1.75
      vertex 24.171572875253815 27 -1.75
      vertex 22.05025253169417 27 -1.75
    endloop
  endfacet
  facet normal 0.7071067811865476 -0.7071067811865476 0
    outer loop
      vertex 34.64823227814083 37.476659402887016 -1.75
      vertex 24.171572875253815 27 1.75
      vertex 24.171572875253815 27 -1.75
    endloop
  endfacet
  facet normal -0.7071067811865475 0.7071067811865475 0
    outer loop
      vertex 33.58757210636101 38.53731957466684 1.75
      vertex 22.05025253169417 27 -1.75
      vertex 22.05025253169417 27 1.75
    endloop
  endfacet
  facet normal 0 0 1
    outer loop
      vertex 33.58757210636101 38.53731957466684 1.75
      vertex 22.05025253169417 27 1.75
      vertex 24.171572875253815 27 1.75
    endloop
  endfacet
  facet normal -0.7071067811865475 0.7071067811865475 0
    outer loop
      vertex 33.58757210636101 38.53731957466684 -1.75
      vertex 22.05025253169417 27 -1.75
      vertex 33.58757210636101 38.53731957466684 1.75
    endloop
  endfacet
  facet normal 0 0 -1
    outer loop
      vertex 34.64823227814083 37.476659402887016 -1.75
      vertex 24.171572875253815 27 -1.75
      vertex 33.58757210636101 38.53731957466684 -1.75
    endloop
  endfacet
  facet normal 0.7071067811865476 -0.7071067811865476 0
    outer loop
      vertex 34.64823227814083 37.476659402887016 -1.75
      vertex 34.64823227814083 37.476659402887016 1.75
      vertex 24.171572875253815 27 1.75
    endloop
  endfacet
  facet normal 0 0 1
    outer loop
      vertex 34.64823227814083 37.476659402887016 1.75
      vertex 33.58757210636101 38.53731957466684 1.75
      vertex 24.171572875253815 27 1.75
    endloop
  endfacet
  facet normal 0.7071067811865476 0.7071067811865476 0
    outer loop
      vertex 34.64823227814083 37.476659402887016 -1.75
      vertex 33.58757210636101 38.53731957466684 -1.75
      vertex 34.64823227814083 37.476659402887016 1.75
    endloop
  endfacet
  facet normal 0.7071067811865476 0.7071067811865476 0
    outer loop
      vertex 33.58757210636101 38.53731957466684 -1.75
      vertex 33.58757210636101 38.53731957466684 1.75
      vertex 34.64823227814083 37.476659402887016 1.75
    endloop
  endfacet
  facet normal 0 -0.8191520442889918 -0.5735764363510462
    outer loop
      vertex -44.5 27 -14.742736391902518
      vertex -48.5 28.25 -16.52792140033016
      vertex -45.875 28.25 -16.52792140033016
    endloop
  endfacet
  facet normal -2.47000345607516e-16 0.8191520442889917 0.5735764363510463
    outer loop
      vertex -45.875 29.75 -16.229317896573793
      vertex -45.875 28.25 -14.087095886460622
      vertex -44.5 27 -12.30191087803298
    endloop
  endfacet
  facet normal -2.1566754628510745e-15 -0.819152044288992 -0.5735764363510458
    outer loop
      vertex -48.5 29.75 -18.670143410443334
      vertex -48 32.291652946627764 -22.3
      vertex -48 29.84092656289378 -18.8
    endloop
  endfacet
  facet normal 0 -0.8191520442889959 -0.5735764363510403
    outer loop
      vertex -48.5 29.75 -18.670143410443334
      vertex -48 29.84092656289378 -18.8
      vertex -45.875 29.75 -18.670143410443334
    endloop
  endfacet
  facet normal 8.316572441337904e-16 -0.8191520442889895 -0.5735764363510494
    outer loop
      vertex -45.875 29.75 -18.670143410443334
      vertex -48 29.84092656289378 -18.8
      vertex -44.5 29.840926562893785 -18.8
    endloop
  endfacet
  facet normal 0 0.8191520442889919 0.5735764363510459
    outer loop
      vertex -45.875 29.75 -16.229317896573793
      vertex -44.5 31.550010987159823 -18.8
      vertex -48 31.550010987159823 -18.8
    endloop
  endfacet
  facet normal -7.762868004807647e-16 0.8191520442889917 0.5735764363510464
    outer loop
      vertex -48.5 29.75 -16.229317896573797
      vertex -45.875 29.75 -16.229317896573793
      vertex -48 31.550010987159823 -18.8
    endloop
  endfacet
  facet normal 4.1130847566349424e-16 -0.8191520442889875 -0.5735764363510524
    outer loop
      vertex -45.875 29.75 -18.670143410443334
      vertex -44.5 29.840926562893785 -18.8
      vertex 44.5 27 -14.742736391902518
    endloop
  endfacet
  facet normal -7.515916463852488e-18 -0.8191520442889919 -0.5735764363510459
    outer loop
      vertex -45.875 28.25 -16.52792140033016
      vertex -45.875 29.75 -18.670143410443334
      vertex 44.5 27 -14.742736391902518
    endloop
  endfacet
  facet normal 0 -0.8191520442889918 -0.5735764363510462
    outer loop
      vertex -44.5 27 -14.742736391902518
      vertex -45.875 28.25 -16.52792140033016
      vertex 44.5 27 -14.742736391902518
    endloop
  endfacet
  facet normal -6.539803759017746e-17 -0.8191520442889924 -0.5735764363510454
    outer loop
      vertex 44.5 27 -14.742736391902518
      vertex -44.5 29.840926562893785 -18.8
      vertex -44.5 32.291652946627764 -22.3
    endloop
  endfacet
  facet normal -5.144567153319883e-17 -0.8191520442889918 -0.573576436351046
    outer loop
      vertex -44.5 27 -14.742736391902518
      vertex -48.5 18.347549557949655 -2.3857565396533893
      vertex -48.5 28.25 -16.52792140033016
    endloop
  endfacet
  facet normal -1 0 0
    outer loop
      vertex -48.5 28.25 -16.52792140033016
      vertex -48.5 18.347549557949655 -2.3857565396533893
      vertex -48.5 28.25 -14.087095886460624
    endloop
  endfacet
  facet normal 0 0.819152044288992 0.5735764363510462
    outer loop
      vertex -48.5 28.25 -14.087095886460624
      vertex -48 22.649032819884997 -6.088085772351381
      vertex -44.5 22.649032819884997 -6.088085772351381
    endloop
  endfacet
  facet normal 0 -0.5735764363510445 0.8191520442889929
    outer loop
      vertex -48.5 18.347549557949655 -2.3857565396533893
      vertex -44.5 18.347549557949655 -2.3857565396533893
      vertex -48.5 19.494362419954246 -1.5827495287619264
    endloop
  endfacet
  facet normal 2.5471910640775067e-16 0.8191520442889919 0.5735764363510458
    outer loop
      vertex -48.5 19.494362419954246 -1.5827495287619264
      vertex -48 19.494362419954246 -1.5827495287619266
      vertex -48 22.649032819884997 -6.088085772351381
    endloop
  endfacet
  facet normal 3.1720657846433045e-16 -0.5735764363510437 0.8191520442889936
    outer loop
      vertex -44.5 18.347549557949655 -2.3857565396533893
      vertex -48 19.494362419954246 -1.5827495287619266
      vertex -48.5 19.494362419954246 -1.5827495287619264
    endloop
  endfacet
  facet normal 9.063045098980864e-17 -0.573576436351044 0.819152044288993
    outer loop
      vertex -44.5 18.347549557949655 -2.3857565396533893
      vertex -44.5 19.494362419954246 -1.582749528761927
      vertex -48 19.494362419954246 -1.5827495287619266
    endloop
  endfacet
  facet normal -1 0 0
    outer loop
      vertex -48.5 18.347549557949655 -2.3857565396533893
      vertex -48.5 19.494362419954246 -1.5827495287619264
      vertex -48.5 28.25 -14.087095886460624
    endloop
  endfacet
  facet normal 1.8618887158199233e-15 0.8191520442889918 0.573576436351046
    outer loop
      vertex -48.5 19.494362419954246 -1.5827495287619264
      vertex -48 22.649032819884997 -6.088085772351381
      vertex -48.5 28.25 -14.087095886460624
    endloop
  endfacet
  facet normal 0 -0.8191520442889918 -0.573576436351046
    outer loop
      vertex -44.5 27 -14.742736391902518
      vertex -44.5 18.347549557949655 -2.3857565396533893
      vertex -48.5 18.347549557949655 -2.3857565396533893
    endloop
  endfacet
  facet normal -3.881434002403822e-16 0.8191520442889917 0.5735764363510462
    outer loop
      vertex -48.5 28.25 -14.087095886460624
      vertex -44.5 22.649032819884997 -6.088085772351381
      vertex -45.875 28.25 -14.087095886460622
    endloop
  endfacet
  facet normal 0 0.8191520442889917 0.5735764363510462
    outer loop
      vertex -44.5 27 -12.30191087803298
      vertex -45.875 28.25 -14.087095886460622
      vertex -44.5 22.649032819884997 -6.088085772351381
    endloop
  endfacet
  facet normal 0 -0.8191520442889917 -0.5735764363510462
    outer loop
      vertex -48.5 43.92905861920631 -38.91993771494242
      vertex 44.5 29.840926562893785 -18.8
      vertex 44.5 27 -14.742736391902518
    endloop
  endfacet
  facet normal 3.6725698713436284e-17 0.8191520442889915 0.5735764363510464
    outer loop
      vertex -44.5 27 -12.30191087803298
      vertex 45.875 29.75 -16.229317896573797
      vertex 44.5 31.550010987159823 -18.8
    endloop
  endfacet
  facet normal 2.2547749391557475e-17 0.8191520442889917 0.5735764363510463
    outer loop
      vertex -44.5 27 -12.30191087803298
      vertex 45.875 28.25 -14.087095886460625
      vertex 45.875 29.75 -16.229317896573797
    endloop
  endfacet
  facet normal -7.474061438877423e-17 0.8191520442889922 0.5735764363510454
    outer loop
      vertex -44.5 27 -12.30191087803298
      vertex 44.5 31.550010987159823 -18.8
      vertex 44.5 34.0007373708938 -22.3
    endloop
  endfacet
  facet normal 1.1448049726191042e-17 0.819152044288992 0.5735764363510458
    outer loop
      vertex -44.5 27 -12.30191087803298
      vertex 44.5 27 -12.301910878032981
      vertex 45.875 28.25 -14.087095886460625
    endloop
  endfacet
  facet normal -5.173763972317833e-15 -0.8191520442889918 -0.5735764363510462
    outer loop
      vertex -48.5 29.75 -18.670143410443334
      vertex -48.5 43.92905861920631 -38.91993771494242
      vertex -48 32.291652946627764 -22.3
    endloop
  endfacet
  facet normal 0 -0.8191520442889918 -0.5735764363510463
    outer loop
      vertex -48.5 43.92905861920631 -38.91993771494242
      vertex -44.5 32.291652946627764 -22.3
      vertex -48 32.291652946627764 -22.3
    endloop
  endfacet
  facet normal 1.6822264205525659e-15 0.8191520442889919 0.5735764363510459
    outer loop
      vertex -48.5 45.075871481210896 -38.11693070405096
      vertex -48 34.00073737089381 -22.3
      vertex -44.5 34.0007373708938 -22.3
    endloop
  endfacet
  facet normal -1 0 0
    outer loop
      vertex -48.5 29.75 -18.670143410443334
      vertex -48.5 45.075871481210896 -38.11693070405096
      vertex -48.5 43.92905861920631 -38.91993771494242
    endloop
  endfacet
  facet normal 0 0.8191520442889918 0.5735764363510463
    outer loop
      vertex -48.5 45.075871481210896 -38.11693070405096
      vertex -44.5 34.0007373708938 -22.3
      vertex -3 45.075871481210896 -38.11693070405096
    endloop
  endfacet
  facet normal -3.224352583291274e-17 0.5735764363510456 -0.819152044288992
    outer loop
      vertex -48.5 43.92905861920631 -38.91993771494242
      vertex -48.5 45.075871481210896 -38.11693070405096
      vertex -2.999999999999994 44.133846630278555 -38.77654360585466
    endloop
  endfacet
  facet normal -1 0 0
    outer loop
      vertex -48.5 29.75 -18.670143410443334
      vertex -48.5 29.75 -16.229317896573797
      vertex -48.5 45.075871481210896 -38.11693070405096
    endloop
  endfacet
  facet normal -2.659232597324382e-15 0.8191520442889918 0.573576436351046
    outer loop
      vertex -48.5 29.75 -16.229317896573797
      vertex -48 31.550010987159823 -18.8
      vertex -48.5 45.075871481210896 -38.11693070405096
    endloop
  endfacet
  facet normal -2.6607658722403604e-14 0.8191520442889916 0.5735764363510465
    outer loop
      vertex -48.5 45.075871481210896 -38.11693070405096
      vertex -48 31.550010987159823 -18.8
      vertex -48 34.00073737089381 -22.3
    endloop
  endfacet
  facet normal -2.4904017025545685e-16 0.8191520442889919 0.573576436351046
    outer loop
      vertex -44.5 27 -12.30191087803298
      vertex -3 41.921201081280145 -33.611594460461504
      vertex -3 45.075871481210896 -38.11693070405096
    endloop
  endfacet
  facet normal 0 0.5735764363510467 -0.8191520442889914
    outer loop
      vertex -48.5 45.075871481210896 -38.11693070405096
      vertex -3 45.075871481210896 -38.11693070405096
      vertex -2.999999999999994 44.133846630278555 -38.77654360585466
    endloop
  endfacet
  facet normal 0 0.5735764363510409 -0.8191520442889954
    outer loop
      vertex -48.5 43.92905861920631 -38.91993771494242
      vertex -2.999999999999994 44.133846630278555 -38.77654360585466
      vertex 3 44.133846630278555 -38.77654360585466
    endloop
  endfacet
  facet normal 0 0 0
    outer loop
      vertex -3 45.075871481210896 -38.11693070405096
      vertex 3 45.075871481210896 -38.11693070405096
      vertex -48.5 45.075871481210896 -38.11693070405096
    endloop
  endfacet
  facet normal 0 0 0
    outer loop
      vertex -48.5 45.075871481210896 -38.11693070405096
      vertex 3 45.075871481210896 -38.11693070405096
      vertex -3 45.075871481210896 -38.11693070405096
    endloop
  endfacet
  facet normal -7.264405557028379e-17 0.8191520442889919 0.5735764363510459
    outer loop
      vertex -45.875 29.75 -16.229317896573793
      vertex -3 45.075871481210896 -38.11693070405096
      vertex -44.5 31.550010987159823 -18.8
    endloop
  endfacet
  facet normal -4.808613022121137e-16 0.8191520442889924 0.5735764363510454
    outer loop
      vertex -44.5 34.0007373708938 -22.3
      vertex -44.5 31.550010987159823 -18.8
      vertex -3 45.075871481210896 -38.11693070405096
    endloop
  endfacet
  facet normal 1.1729818813745962e-16 0.8191520442889917 0.5735764363510462
    outer loop
      vertex -45.875 29.75 -16.229317896573793
      vertex -44.5 27 -12.30191087803298
      vertex -3 45.075871481210896 -38.11693070405096
    endloop
  endfacet
  facet normal 6.427212880980577e-17 -0.8191520442889917 -0.5735764363510462
    outer loop
      vertex -48.5 43.92905861920631 -38.91993771494242
      vertex 44.5 27 -14.742736391902518
      vertex -44.5 32.291652946627764 -22.3
    endloop
  endfacet
  facet normal 0 0.8191520442889917 0.5735764363510462
    outer loop
      vertex -44.5 27 -12.30191087803298
      vertex 3 41.921201081280145 -33.611594460461504
      vertex -3 41.921201081280145 -33.611594460461504
    endloop
  endfacet
  facet normal 6.162545764388813e-17 0.8191520442889918 0.5735764363510462
    outer loop
      vertex -44.5 27 -12.30191087803298
      vertex 48.5 45.075871481210896 -38.11693070405096
      vertex 3 41.921201081280145 -33.611594460461504
    endloop
  endfacet
  facet normal 0 0.5735764363510408 -0.8191520442889955
    outer loop
      vertex -48.5 43.92905861920631 -38.91993771494242
      vertex 3 44.133846630278555 -38.77654360585466
      vertex 48.5 43.92905861920631 -38.91993771494242
    endloop
  endfacet
  facet normal -2.145778929226099e-16 -0.8191520442889924 -0.5735764363510454
    outer loop
      vertex -48.5 43.92905861920631 -38.91993771494242
      vertex 44.5 32.291652946627764 -22.3
      vertex 44.5 29.840926562893785 -18.8
    endloop
  endfacet
  facet normal 0 -0.8191520442889917 -0.5735764363510462
    outer loop
      vertex -48.5 43.92905861920631 -38.91993771494242
      vertex 48.5 43.92905861920631 -38.91993771494242
      vertex 44.5 32.291652946627764 -22.3
    endloop
  endfacet
  facet normal 3.978343375388754e-17 0.5735764363510467 -0.8191520442889914
    outer loop
      vertex 3 44.133846630278555 -38.77654360585466
      vertex 3 45.075871481210896 -38.11693070405096
      vertex 48.5 43.92905861920631 -38.91993771494242
    endloop
  endfacet
  facet normal 0 0.8191520442889919 0.5735764363510458
    outer loop
      vertex 3 41.921201081280145 -33.611594460461504
      vertex 48.5 45.075871481210896 -38.11693070405096
      vertex 3 45.075871481210896 -38.11693070405096
    endloop
  endfacet
  facet normal 5.1067021197114146e-17 0.8191520442889917 0.5735764363510462
    outer loop
      vertex -44.5 27 -12.30191087803298
      vertex 44.5 34.0007373708938 -22.3
      vertex 48.5 45.075871481210896 -38.11693070405096
    endloop
  endfacet
  facet normal 0 -0.8191520442889917 -0.5735764363510464
    outer loop
      vertex 44.5 27 -14.742736391902518
      vertex 44.5 29.840926562893785 -18.8
      vertex 45.875 29.75 -18.67014341044333
    endloop
  endfacet
  facet normal -7.410010368225484e-16 -0.8191520442889915 -0.5735764363510466
    outer loop
      vertex 44.5 27 -14.742736391902518
      vertex 45.875 29.75 -18.67014341044333
      vertex 45.875 28.25 -16.52792140033016
    endloop
  endfacet
  facet normal 2.1566754628510745e-15 -0.819152044288992 -0.5735764363510458
    outer loop
      vertex 48.5 29.75 -18.670143410443334
      vertex 48 29.84092656289378 -18.8
      vertex 48 32.291652946627764 -22.3
    endloop
  endfacet
  facet normal -8.316572441337751e-16 -0.8191520442889968 -0.5735764363510388
    outer loop
      vertex 45.875 29.75 -18.67014341044333
      vertex 44.5 29.840926562893785 -18.8
      vertex 48 29.84092656289378 -18.8
    endloop
  endfacet
  facet normal 0 0.8191520442889915 0.5735764363510464
    outer loop
      vertex 48.5 29.75 -16.229317896573797
      vertex 48 31.550010987159823 -18.8
      vertex 44.5 31.550010987159823 -18.8
    endloop
  endfacet
  facet normal -7.762868004807537e-16 -0.8191520442889973 -0.5735764363510383
    outer loop
      vertex 45.875 29.75 -18.67014341044333
      vertex 48 29.84092656289378 -18.8
      vertex 48.5 29.75 -18.670143410443334
    endloop
  endfacet
  facet normal 0 0.8191520442889915 0.5735764363510464
    outer loop
      vertex 45.875 29.75 -16.229317896573797
      vertex 48.5 29.75 -16.229317896573797
      vertex 44.5 31.550010987159823 -18.8
    endloop
  endfacet
  facet normal 0 -0.8191520442889917 -0.573576436351046
    outer loop
      vertex 44.5 27 -14.742736391902518
      vertex 45.875 28.25 -16.52792140033016
      vertex 44.76918321687263 20.286148441522652 -5.154362671100656
    endloop
  endfacet
  facet normal -4.510298700503161e-15 -0.8191520442889918 -0.5735764363510462
    outer loop
      vertex 44.5 27 -14.742736391902518
      vertex 44.76918321687263 20.286148441522652 -5.154362671100656
      vertex 44.5 20.286357407907097 -5.154661106026076
    endloop
  endfacet
  facet normal 1.9920579388822735e-15 -0.8191520442889918 -0.5735764363510459
    outer loop
      vertex 45.875 28.25 -16.52792140033016
      vertex 45.28291941380481 20.28575473177997 -5.153800395316408
      vertex 44.76918321687263 20.286148441522652 -5.154362671100656
    endloop
  endfacet
  facet normal 0 0.8191520442889919 0.573576436351046
    outer loop
      vertex 44.5 27 -12.301910878032981
      vertex 44.5 22.649032819884997 -6.088085772351381
      vertex 48 22.649032819884997 -6.088085772351381
    endloop
  endfacet
  facet normal 2.5586264393354555e-16 -0.8191520442889919 -0.573576436351046
    outer loop
      vertex 48.5 28.25 -16.52792140033016
      vertex 48.5 18.347549557949655 -2.3857565396533893
      vertex 45.28291941380481 20.28575473177997 -5.153800395316408
    endloop
  endfacet
  facet normal 1 0 0
    outer loop
      vertex 48.5 28.25 -16.52792140033016
      vertex 48.5 28.25 -14.087095886460624
      vertex 48.5 19.494362419954246 -1.5827495287619264
    endloop
  endfacet
  facet normal -9.914860981571511e-17 -0.5735764363510442 0.8191520442889931
    outer loop
      vertex 44.5 19.494362419954246 -1.5827495287619264
      vertex 44.5 18.511593658645094 -2.2708916237476107
      vertex 46.833333333333336 18.825388250451567 -2.0511702851152798
    endloop
  endfacet
  facet normal 8.443208992201589e-17 -0.573576436351045 0.8191520442889926
    outer loop
      vertex 46.833333333333336 18.825388250451567 -2.0511702851152798
      vertex 44.5 18.511593658645094 -2.2708916237476107
      vertex 48 18.347549557949655 -2.3857565396533893
    endloop
  endfacet
  facet normal 0 -0.5735764363510438 0.8191520442889935
    outer loop
      vertex 48.5 18.347549557949655 -2.3857565396533893
      vertex 48 19.15987533520291 -1.816959906938603
      vertex 48 18.347549557949655 -2.3857565396533893
    endloop
  endfacet
  facet normal 0 -0.8191520442889918 -0.573576436351046
    outer loop
      vertex 48.5 18.347549557949655 -2.3857565396533893
      vertex 48 18.347549557949655 -2.3857565396533893
      vertex 45.28291941380481 20.28575473177997 -5.153800395316408
    endloop
  endfacet
  facet normal -1.5860328923216511e-15 -0.5735764363510445 0.8191520442889929
    outer loop
      vertex 48.5 18.347549557949655 -2.3857565396533893
      vertex 48.5 19.494362419954246 -1.5827495287619264
      vertex 48 19.15987533520291 -1.816959906938603
    endloop
  endfacet
  facet normal -5.16758353280073e-15 0.8191520442889919 0.5735764363510458
    outer loop
      vertex 48.5 28.25 -14.087095886460624
      vertex 48 22.649032819884997 -6.088085772351381
      vertex 48 19.494362419954246 -1.5827495287619266
    endloop
  endfacet
  facet normal 1 0 0
    outer loop
      vertex 48.5 28.25 -16.52792140033016
      vertex 48.5 19.494362419954246 -1.5827495287619264
      vertex 48.5 18.347549557949655 -2.3857565396533893
    endloop
  endfacet
  facet normal -2.5471910640775077e-16 0.8191520442889918 0.573576436351046
    outer loop
      vertex 48.5 19.494362419954246 -1.5827495287619264
      vertex 48.5 28.25 -14.087095886460624
      vertex 48 19.494362419954246 -1.5827495287619266
    endloop
  endfacet
  facet normal 0 -0.8191520442889918 -0.5735764363510462
    outer loop
      vertex 45.875 28.25 -16.52792140033016
      vertex 48.5 28.25 -16.52792140033016
      vertex 45.28291941380481 20.28575473177997 -5.153800395316408
    endloop
  endfacet
  facet normal -3.881434002403818e-16 0.8191520442889921 0.5735764363510455
    outer loop
      vertex 44.5 27 -12.301910878032981
      vertex 48.5 28.25 -14.087095886460624
      vertex 45.875 28.25 -14.087095886460625
    endloop
  endfacet
  facet normal -4.678279844140052e-17 0.8191520442889917 0.573576436351046
    outer loop
      vertex 44.5 27 -12.301910878032981
      vertex 48 22.649032819884997 -6.088085772351381
      vertex 48.5 28.25 -14.087095886460624
    endloop
  endfacet
  facet normal 4.3696824584371923e-16 -0.5735764363510429 0.819152044288994
    outer loop
      vertex 44.5 19.494362419954246 -1.5827495287619264
      vertex 46.833333333333336 18.825388250451567 -2.0511702851152798
      vertex 48 19.15987533520291 -1.816959906938603
    endloop
  endfacet
  facet normal 5.196808344219457e-17 -0.5735764363510456 0.819152044288992
    outer loop
      vertex 44.5 19.494362419954246 -1.5827495287619264
      vertex 48 19.15987533520291 -1.816959906938603
      vertex 48 19.494362419954246 -1.5827495287619266
    endloop
  endfacet
  facet normal -3.3986419121178334e-16 -0.5735764363510456 0.8191520442889921
    outer loop
      vertex 48 19.15987533520291 -1.816959906938603
      vertex 48.5 19.494362419954246 -1.5827495287619264
      vertex 48 19.494362419954246 -1.5827495287619266
    endloop
  endfacet
  facet normal 0 0.5735764363510457 -0.8191520442889921
    outer loop
      vertex 3 45.075871481210896 -38.11693070405096
      vertex 48.5 45.075871481210896 -38.11693070405096
      vertex 48.5 43.92905861920631 -38.91993771494242
    endloop
  endfacet
  facet normal 0 -0.8191520442889918 -0.5735764363510463
    outer loop
      vertex 48.5 43.92905861920631 -38.91993771494242
      vertex 48 32.291652946627764 -22.3
      vertex 44.5 32.291652946627764 -22.3
    endloop
  endfacet
  facet normal -1.6822264205525659e-15 0.8191520442889919 0.5735764363510459
    outer loop
      vertex 48.5 45.075871481210896 -38.11693070405096
      vertex 44.5 34.0007373708938 -22.3
      vertex 48 34.00073737089381 -22.3
    endloop
  endfacet
  facet normal 5.173763972317833e-15 -0.8191520442889918 -0.5735764363510462
    outer loop
      vertex 48.5 29.75 -18.670143410443334
      vertex 48 32.291652946627764 -22.3
      vertex 48.5 43.92905861920631 -38.91993771494242
    endloop
  endfacet
  facet normal 1 0 0
    outer loop
      vertex 48.5 29.75 -16.229317896573797
      vertex 48.5 43.92905861920631 -38.91993771494242
      vertex 48.5 45.075871481210896 -38.11693070405096
    endloop
  endfacet
  facet normal 2.6607658722403604e-14 0.8191520442889916 0.5735764363510465
    outer loop
      vertex 48.5 45.075871481210896 -38.11693070405096
      vertex 48 34.00073737089381 -22.3
      vertex 48 31.550010987159823 -18.8
    endloop
  endfacet
  facet normal 1 0 0
    outer loop
      vertex 48.5 29.75 -18.670143410443334
      vertex 48.5 43.92905861920631 -38.91993771494242
      vertex 48.5 29.75 -16.229317896573797
    endloop
  endfacet
  facet normal 2.659232597324382e-15 0.8191520442889918 0.573576436351046
    outer loop
      vertex 48.5 29.75 -16.229317896573797
      vertex 48.5 45.075871481210896 -38.11693070405096
      vertex 48 31.550010987159823 -18.8
    endloop
  endfacet
endsolid OpenSCAD_Model
